NationCodeStr,AbilNo,Memo,Type01,Value01,Type02,Value02,Type03,Value03,Type04,Value04,Type05,Value05,Type06,Value06,Type07,Value07,Type08,Value08,Type09,Value09,Type10,Value10
0,118,무 공격 및 방어 속성(가디언),2093,0,2097,1,2095,0,2098,1,0,0,0,0,0,0,0,0,0,0,0,0
0,164,(몬스터) 우마이 (까시),520,10000,3010,60189041,3020,100,507,2,3008,2,3003,47,7312,0,0,0,2020,1000,0,0
0,520,(몬스터) 아람 (위로 올라오는 돌),520,4000,3010,60009321,3020,150,507,2,3008,2,3003,900,7312,10000,545,150,2020,1000,7331,3150
0,521,(몬스터) 뱀파이어 (블랙홀),520,4000,3010,60743051,3020,150,507,2,3008,2,3003,900,7312,10000,545,150,2020,1000,7331,3150
0,522,(몬스터) 본드래곤(뼈소환),520,10000,3010,60009881,3020,150,507,1,3008,2,3003,900,7312,10000,545,100,2020,0,7331,3150
0,523,(몬스터) 본드래곤(안개),520,10000,3010,60009831,3020,150,507,2,3008,2,3003,900,7312,10000,545,150,2020,0,7331,3150
0,524,(몬스터) 귀족 남자 (바닥에서 올라오는 손),520,4000,3010,60813011,3020,150,507,2,3008,2,3003,900,7312,10000,545,150,2020,1000,7331,3150
0,525,(몬스터) 샤피 (바닥에서 올라오는 손),520,4000,3010,60843021,3020,150,507,2,3008,2,3003,900,7312,10000,545,150,2020,1000,7331,3150
0,526,(몬스터) 조련사 마커의 덧,520,9000000,3010,60911031,3020,150,507,2,3008,2,3003,900,7312,10000,545,150,2020,1000,7331,3150
0,527,(몬스터) 얼음수문장 전체공격시 안전지대,520,11000,3010,60913041,3020,150,507,2,3008,2,3003,900,7312,10000,545,150,2020,1000,7331,3150
0,528,(몬스터) 얼음수문장 전체공격시 안전지대,3331,1,0,0,0,0,0,0,0,0,0,0,0,0,0,0,0,0,0,0
0,529,(몬스터) 조련사 마커의 덧,3331,1,0,0,0,0,0,0,0,0,0,0,0,0,0,0,0,0,0,0
0,530,(몬스터) 2성수호용 특수,520,10000,3010,60004581,3020,100,507,2,3008,2,3003,1000,7312,10000,545,150,2020,1000,7331,3150
0,531,(몬스터) 파리스(빛기둥),520,20000,556,61261091,577,1,507,8,0,0,0,0,7312,10000,545,150,2020,10,7331,3150
0,532,(몬스터)에너지볼,520,5000,3010,4012104,3020,100,507,8,3008,2,3003,200,3004,200,7312,0,2020,1000,0,0
0,533,(몬스터)눈뜨기이펙트,520,5000,3010,4024312,3020,150,507,2,3008,2,3003,900,7312,10000,545,150,2020,10000,3182,100
0,534,(몬스터)블리자드,520,7000,3010,4024310,3020,150,507,2,3008,2,3003,900,7312,10000,545,150,2020,10000,3182,100
0,535,(몬스터)얼음송곳,520,3000,3010,4024311,3020,150,507,2,3008,2,3003,900,7312,10000,545,150,3182,100,7331,3150
0,536,(몬스터) 아이스트렙,520,15000,3010,4015105,3020,150,507,2,3008,2,3003,900,7312,10000,545,30,2020,1000,3182,100
0,537,(몬스터) 아이스트렙2,3331,1,0,0,0,0,0,0,0,0,0,0,0,0,0,0,0,0,0,0
0,538,(몬스터) 정령뮬,520,5000,556,61261091,577,1,507,12,3010,4013111,3020,150,7312,10000,3003,1000,3182,1500,7331,3150
0,539,(몬스터) 정령뮬,0,0,3331,1,0,0,0,0,0,0,0,0,0,0,0,0,0,0,0,0
0,540,(몬스터) 썩은나무괴물검은기둥,520,5000,556,4701309,577,1,507,8,0,0,0,0,7312,1000,545,150,2020,10,7331,1000
0,541,엘가용 엔티티,520,5000,3010,3542316,3020,150,507,2,3008,2,3003,900,7312,10000,545,150,2020,10000,3182,100
0,542,엘가용 엔티티-공중폭격,520,6000,3090,0,3020,150,507,2,3008,2,0,0,7312,10000,545,150,2020,10000,3182,100
0,543,엘가용 엔티티-공중폭격01,814,300,3324,0,3140,3542413,3003,90,50162,1,0,0,0,0,0,0,0,0,0,0
0,544,(몬스터) 킹스피온 트렙1,520,15000,3010,7281954,3020,150,507,2,3008,2,3003,900,7312,10000,545,30,2020,1000,3182,100
0,545,(몬스터) 킹스피온 트렙2,3331,1,0,0,0,0,0,0,0,0,0,0,0,0,0,0,0,0,0,0
0,58313,0,812,1,0,0,0,0,0,0,0,0,0,0,0,0,0,0,0,0,0,0
0,58314,0,812,1,0,0,0,0,0,0,0,0,0,0,0,0,0,0,0,0,0,0
0,58315,0,812,1,0,0,0,0,0,0,0,0,0,0,0,0,0,0,0,0,0,0
0,58316,0,812,1,0,0,0,0,0,0,0,0,0,0,0,0,0,0,0,0,0,0
0,58317,0,812,1,0,0,0,0,0,0,0,0,0,0,0,0,0,0,0,0,0,0
0,58318,0,812,1,0,0,0,0,0,0,0,0,0,0,0,0,0,0,0,0,0,0
0,58319,0,812,1,0,0,0,0,0,0,0,0,0,0,0,0,0,0,0,0,0,0
0,58320,0,812,1,0,0,0,0,0,0,0,0,0,0,0,0,0,0,0,0,0,0
0,58321,0,812,1,0,0,0,0,0,0,0,0,0,0,0,0,0,0,0,0,0,0
0,58322,0,812,1,0,0,0,0,0,0,0,0,0,0,0,0,0,0,0,0,0,0
0,58323,0,812,1,0,0,0,0,0,0,0,0,0,0,0,0,0,0,0,0,0,0
0,58324,0,812,1,0,0,0,0,0,0,0,0,0,0,0,0,0,0,0,0,0,0
0,583001,가이아,520,4000,3010,5830002,3020,150,507,2,3008,2,3003,330,7312,10000,545,150,2020,4000,7331,0
0,583002,가이아,520,4000,3010,5830012,3020,150,507,2,3008,2,3003,330,7312,10000,545,150,2020,4000,7331,0
0,583003,가이아,520,4000,3010,5830022,3020,150,507,2,3008,2,3003,330,7312,10000,545,150,2020,4000,7331,0
0,583004,가이아,520,4000,3010,5830032,3020,150,507,2,3008,2,3003,330,7312,10000,545,150,2020,4000,7331,0
0,583005,가이아,520,4000,3010,5830042,3020,150,507,2,3008,2,3003,330,7312,10000,545,150,2020,4000,7331,0
0,583006,가이아,520,4000,3010,5830052,3020,150,507,2,3008,2,3003,330,7312,10000,545,150,2020,4000,7331,0
0,583007,가이아,520,4000,3010,5830062,3020,150,507,2,3008,2,3003,330,7312,10000,545,150,2020,4000,7331,0
0,583008,가이아,520,4000,3010,5830072,3020,150,507,2,3008,2,3003,330,7312,10000,545,150,2020,4000,7331,0
0,583009,가이아,520,4000,3010,5830082,3020,150,507,2,3008,2,3003,330,7312,10000,545,150,2020,4000,7331,0
0,583010,가이아,520,4000,3010,5830092,3020,150,507,2,3008,2,3003,330,7312,10000,545,150,2020,4000,7331,0
0,583011,가이아,520,4000,3010,5830102,3020,150,507,2,3008,2,3003,330,7312,10000,545,150,2020,4000,7331,0
0,583012,가이아 11,520,4000,3010,5830112,3020,150,507,2,3008,2,3003,330,7312,10000,545,150,2020,4000,7331,0
0,583013,가이아 12,520,4000,3010,5830122,3020,150,507,2,3008,2,3003,330,7312,10000,545,150,2020,4000,7331,0
0,583014,가이아 13,520,4000,3010,5830132,3020,150,507,2,3008,2,3003,330,7312,10000,545,150,2020,4000,7331,0
0,583015,가이아 14,520,4000,3010,5830142,3020,150,507,2,3008,2,3003,330,7312,10000,545,150,2020,4000,7331,0
0,583016,가이아 15,520,4000,3010,5830152,3020,150,507,2,3008,2,3003,330,7312,10000,545,150,2020,4000,7331,0
0,583017,가이아 16,520,4000,3010,5830162,3020,150,507,2,3008,2,3003,330,7312,10000,545,150,2020,4000,7331,0
0,1000612,(몬스터)고블린 불기동,520,7000,3010,4024310,3020,150,507,2,3008,2,3003,900,7312,10000,545,150,2020,10000,3182,100
0,1000613,(몬스터)고블린 불기동2,520,7000,3010,4024310,3020,150,507,2,3008,2,3003,900,7312,10000,545,150,2020,10000,3182,100
0,1000614,(몬스터)고블린 불기동3,520,3000,3010,4024310,3020,150,507,2,3008,2,3003,900,7312,10000,545,100,2020,10000,3182,1
0,1000663,(몬스터) 아이스롹,520,7000,3010,4045305,3020,150,507,2,3008,2,3003,900,7312,10000,545,150,2020,10000,3182,100
0,1000664,(몬스터)아이스붐,520,7000,3010,4045306,3020,150,507,2,3008,2,3003,900,7312,10000,545,150,2020,10000,3182,100
0,1000665,(몬스터)엘가소환체 3차,520,4000,3010,3542325,3020,150,507,2,3008,2,3003,900,7312,10000,545,150,2020,1000,7331,3150
0,5810000,스톰-소환(공용)  0 0,4007,1,50004,0,3053,0,5001,5810001,50001,5810000,259,25,3034,2,3045,0,3003,280,50050,3000
0,5810001,스톰-소환(공용)  0 1,7232,10000,1007,4,7222,10000,7342,10000,7332,10000,3008,2,3010,5810000,3020,10000,3011,0,3021,0
0,5810002,스톰-소환(공용)  0 2,7141,0,7151,0,812,1,507,12,206,10000,7311,10000000,3182,1600,3030,2,3093,0,3094,0
0,5810010,스톰-F7  1 0,4007,1,50004,1,3053,0,5001,5810001,50001,5810000,259,25,3034,2,3045,0,3003,280,50050,3000
0,5810011,스톰-F7  1 1,7232,15000,1007,3,7222,15000,7342,15000,7332,15000,3008,2,3010,5810010,3020,10000,3011,0,3021,0
0,5810012,스톰-F7  1 2,7141,0,7151,0,812,1,507,12,206,10000,7311,10000000,3182,1600,3030,2,3093,0,3094,0
0,5810020,스톰-F7  2 0,4007,1,50004,2,3053,0,5001,5810001,50001,5810000,259,25,3034,2,3045,0,3003,280,50050,3000
0,5810021,스톰-F7  2 1,7232,35000,1007,4,7222,35000,7342,35000,7332,35000,3008,2,3010,5810020,3020,10000,3011,0,3021,0
0,5810022,스톰-F7  2 2,7141,0,7151,0,812,1,507,12,206,10000,7311,10000000,3182,1600,3030,2,3093,0,3094,0
0,5810030,스톰-F7  3 0,4007,1,50004,3,3053,0,5001,5810001,50001,5810000,259,25,3034,2,3045,0,3003,280,50050,3000
0,5810031,스톰-F7  3 1,7232,71000,1007,5,7222,71000,7342,71000,7332,71000,3008,2,3010,5810030,3020,10000,3011,0,3021,0
0,5810032,스톰-F7  3 2,7141,0,7151,0,812,1,507,12,206,10000,7311,10000000,3182,1600,3030,2,3093,0,3094,0
0,5810040,스톰-F7  4 0,4007,1,50004,4,3053,0,5001,5810001,50001,5810040,259,25,3034,2,3045,0,3003,280,50050,3000
0,5810041,스톰-F7  4 1,7232,135800,1007,6,7222,135800,7342,135800,7332,135800,3008,2,3010,5810040,3020,10000,3011,0,3021,0
0,5810042,스톰-F7  4 2,7141,0,7151,0,812,1,507,12,206,10000,7311,10000000,3182,1600,3030,2,3093,0,3094,0
0,5810050,스톰-F7  5 0,4007,1,50004,5,3053,0,5001,5810001,50001,5810040,259,25,3034,2,3045,0,3003,280,50050,3000
0,5810051,스톰-F7  5 1,7232,252400,1007,8,7222,252400,7342,252400,7332,252400,3008,2,3010,5810050,3020,10000,3011,0,3021,0
0,5810052,스톰-F7  5 2,7141,0,7151,0,812,1,507,12,206,10000,7311,10000000,3182,1600,3030,2,3093,0,3094,0
0,5810060,스톰-F7  6 0,4007,1,50004,6,3053,0,5001,5810001,50001,5810040,259,25,3034,2,3045,0,3003,280,50050,3000
0,5810061,스톰-F7  6 1,7232,462400,1007,10,7222,462400,7342,462400,7332,462400,3008,2,3010,5810060,3020,10000,3011,0,3021,0
0,5810062,스톰-F7  6 2,7141,0,7151,0,812,1,507,12,206,10000,7311,10000000,3182,1600,3030,2,3093,0,3094,0
0,5810070,스톰-F7  7 0,4007,1,50004,7,3053,0,5001,5810001,50001,5810070,259,25,3034,2,3045,0,3003,280,50050,3000
0,5810071,스톰-F7  7 1,7232,840300,1007,12,7222,840300,7342,840300,7332,840300,3008,2,3010,5810070,3020,10000,3011,0,3021,0
0,5810072,스톰-F7  7 2,7141,0,7151,0,812,1,507,12,206,10000,7311,10000000,3182,1600,3030,2,3093,0,3094,0
0,5810080,스톰-F7  8 0,4007,1,50004,8,3053,0,5001,5810001,50001,5810070,259,25,3034,2,3045,0,3003,280,50050,3000
0,5810081,스톰-F7  8 1,7232,1520600,1007,14,7222,1520600,7342,1520600,7332,1520600,3008,2,3010,5810080,3020,10000,3011,0,3021,0
0,5810082,스톰-F7  8 2,7141,0,7151,0,812,1,507,12,206,10000,7311,10000000,3182,1600,3030,2,3093,0,3094,0
0,5810090,스톰-F7  9 0,4007,1,50004,9,3053,0,5001,5810001,50001,5810070,259,25,3034,2,3045,0,3003,280,50050,3000
0,5810091,스톰-F7  9 1,7232,2745000,1007,18,7222,2745000,7342,2745000,7332,2745000,3008,2,3010,5810090,3020,10000,3011,0,3021,0
0,5810092,스톰-F7  9 2,7141,0,7151,0,812,1,507,12,206,10000,7311,10000000,3182,1600,3030,2,3093,0,3094,0
0,5810100,스톰-F7  10 0,4007,1,50004,10,3053,0,5001,5810001,50001,5810070,259,25,3034,2,3045,0,3003,280,50050,3000
0,5810101,스톰-F7  10 1,7232,4949000,1007,22,7222,4949000,7342,4949000,7332,4949000,3008,2,3010,5810100,3020,10000,3011,0,3021,0
0,5810102,스톰-F7  10 2,7141,0,7151,0,812,1,507,12,206,10000,7311,10000000,3182,1600,3030,2,3093,0,3094,0
0,5810110,스톰-F7  11 0,4007,1,50004,0,3053,0,5001,5810001,50001,5810000,259,25,3034,2,3045,0,3003,280,50050,3000
0,5810111,스톰-F7  11 1,7232,8916200,1007,20,7222,8916200,7342,8916200,7332,8916200,3008,2,3010,5810110,3020,10000,3011,0,3021,0
0,5810112,스톰-F7  11 2,7141,0,7151,0,812,1,507,12,206,10000,7311,10000000,3182,1600,3030,2,3093,0,3094,0
0,5810120,스톰-F7  12 0,4007,1,50004,0,3053,0,5001,5810001,50001,5810000,259,25,3034,2,3045,0,3003,280,50050,3000
0,5810121,스톰-F7  12 1,7232,8916200,1007,20,7222,8916200,7342,8916200,7332,8916200,3008,2,3010,5810130,3020,10000,3011,0,3021,0
0,5810122,스톰-F7  12 2,7141,0,7151,0,812,1,507,12,206,10000,7311,10000000,3182,1600,3030,2,3093,0,3094,0
0,5810130,스톰-F7  13 0,4007,1,50004,0,3053,0,5001,5810001,50001,5810000,259,25,3034,2,3045,0,3003,280,50050,3000
0,5810131,스톰-F7  13 1,7232,8916200,1007,20,7222,8916200,7342,8916200,7332,8916200,3008,2,3010,5810140,3020,10000,3011,0,3021,0
0,5810132,스톰-F7  13 2,7141,0,7151,0,812,1,507,12,206,10000,7311,10000000,3182,1600,3030,2,3093,0,3094,0
0,5810140,스톰-F7  14 0,4007,1,50004,0,3053,0,5001,5810001,50001,5810000,259,25,3034,2,3045,0,3003,280,50050,3000
0,5810141,스톰-F7  14 1,7232,8916200,1007,20,7222,8916200,7342,8916200,7332,8916200,3008,2,3010,5810150,3020,10000,3011,0,3021,0
0,5810142,스톰-F7  14 2,7141,0,7151,0,812,1,507,12,206,10000,7311,10000000,3182,1600,3030,2,3093,0,3094,0
0,5810150,스톰-F7  15 0,4007,1,50004,0,3053,0,5001,5810001,50001,5810000,259,25,3034,2,3045,0,3003,280,50050,3000
0,5810151,스톰-F7  15 1,7232,8916200,1007,20,7222,8916200,7342,8916200,7332,8916200,3008,2,3010,5810160,3020,10000,3011,0,3021,0
0,5810152,스톰-F7  15 2,7141,0,7151,0,812,1,507,12,206,10000,7311,10000000,3182,1600,3030,2,3093,0,3094,0
0,5810160,스톰-F7  16 0,4007,1,50004,0,3053,0,5001,5810001,50001,5810000,259,25,3034,2,3045,0,3003,280,50050,3000
0,5810161,스톰-F7  16 1,7232,8916200,1007,20,7222,8916200,7342,8916200,7332,8916200,3008,2,3010,5810170,3020,10000,3011,0,3021,0
0,5810162,스톰-F7  16 2,7141,0,7151,0,812,1,507,12,206,10000,7311,10000000,3182,1600,3030,2,3093,0,3094,0
0,5820000,블레이즈-소환(공용)  0 0,4007,1,50004,0,3053,0,5001,5820001,50001,5820000,259,25,3034,2,3045,0,3003,280,50050,3000
0,5820001,블레이즈-소환(공용)  0 1,7232,38000,1007,3,7222,38000,7342,38000,7332,38000,3008,2,3010,5820000,3020,10000,3011,0,3021,0
0,5820002,블레이즈-소환(공용)  0 2,7141,0,7151,0,812,1,507,12,206,10000,7311,10000000,3182,1600,3030,2,3093,0,3094,0
0,5820010,블레이즈-F7  1 0,4007,1,50004,1,3053,0,5001,5820001,50001,5820000,259,25,3034,2,3045,0,3003,280,50050,3000
0,5820011,블레이즈-F7  1 1,7232,50000,1007,2,7222,50000,7342,50000,7332,50000,3008,2,3010,5820010,3020,10000,3011,0,3021,0
0,5820012,블레이즈-F7  1 2,7141,0,7151,0,812,1,507,12,206,10000,7311,10000000,3182,1600,3030,2,3093,0,3094,0
0,5820020,블레이즈-F7  2 0,4007,1,50004,2,3053,0,5001,5820001,50001,5820000,259,25,3034,2,3045,0,3003,280,50050,3000
0,5820021,블레이즈-F7  2 1,7232,110000,1007,3,7222,110000,7342,110000,7332,110000,3008,2,3010,5820020,3020,10000,3011,0,3021,0
0,5820022,블레이즈-F7  2 2,7141,0,7151,0,812,1,507,12,206,10000,7311,10000000,3182,1600,3030,2,3093,0,3094,0
0,5820030,블레이즈-F7  3 0,4007,1,50004,3,3053,0,5001,5820001,50001,5820000,259,25,3034,2,3045,0,3003,280,50050,3000
0,5820031,블레이즈-F7  3 1,7232,230000,1007,4,7222,230000,7342,230000,7332,230000,3008,2,3010,5820030,3020,10000,3011,0,3021,0
0,5820032,블레이즈-F7  3 2,7141,0,7151,0,812,1,507,12,206,10000,7311,10000000,3182,1600,3030,2,3093,0,3094,0
0,5820040,블레이즈-F7  4 0,4007,1,50004,4,3053,0,5001,5820001,50001,5820040,259,25,3034,2,3045,0,3003,280,50050,3000
0,5820041,블레이즈-F7  4 1,7232,470000,1007,5,7222,470000,7342,470000,7332,470000,3008,2,3010,5820040,3020,10000,3011,0,3021,0
0,5820042,블레이즈-F7  4 2,7141,0,7151,0,812,1,507,12,206,10000,7311,10000000,3182,1600,3030,2,3093,0,3094,0
0,5820050,블레이즈-F7  5 0,4007,1,50004,5,3053,0,5001,5820001,50001,5820040,259,25,3034,2,3045,0,3003,280,50050,3000
0,5820051,블레이즈-F7  5 1,7232,950000,1007,7,7222,950000,7342,950000,7332,950000,3008,2,3010,5820050,3020,10000,3011,0,3021,0
0,5820052,블레이즈-F7  5 2,7141,0,7151,0,812,1,507,12,206,10000,7311,10000000,3182,1600,3030,2,3093,0,3094,0
0,5820060,블레이즈-F7  6 0,4007,1,50004,6,3053,0,5001,5820001,50001,5820040,259,25,3034,2,3045,0,3003,280,50050,3000
0,5820061,블레이즈-F7  6 1,7232,1910000,1007,9,7222,1910000,7342,1910000,7332,1910000,3008,2,3010,5820060,3020,10000,3011,0,3021,0
0,5820062,블레이즈-F7  6 2,7141,0,7151,0,812,1,507,12,206,10000,7311,10000000,3182,1600,3030,2,3093,0,3094,0
0,5820070,블레이즈-F7  7 0,4007,1,50004,7,3053,0,5001,5820001,50001,5820070,259,25,3034,2,3045,0,3003,280,50050,3000
0,5820071,블레이즈-F7  7 1,7232,3830000,1007,11,7222,3830000,7342,3830000,7332,3830000,3008,2,3010,5820070,3020,10000,3011,0,3021,0
0,5820072,블레이즈-F7  7 2,7141,0,7151,0,812,1,507,12,206,10000,7311,10000000,3182,1600,3030,2,3093,0,3094,0
0,5820080,블레이즈-F7  8 0,4007,1,50004,8,3053,0,5001,5820001,50001,5820070,259,25,3034,2,3045,0,3003,280,50050,3000
0,5820081,블레이즈-F7  8 1,7232,7670000,1007,13,7222,7670000,7342,7670000,7332,7670000,3008,2,3010,5820080,3020,10000,3011,0,3021,0
0,5820082,블레이즈-F7  8 2,7141,0,7151,0,812,1,507,12,206,10000,7311,10000000,3182,1600,3030,2,3093,0,3094,0
0,5820090,블레이즈-F7  9 0,4007,1,50004,9,3053,0,5001,5820001,50001,5820070,259,25,3034,2,3045,0,3003,280,50050,3000
0,5820091,블레이즈-F7  9 1,7232,15350000,1007,15,7222,15350000,7342,15350000,7332,15350000,3008,2,3010,5820090,3020,10000,3011,0,3021,0
0,5820092,블레이즈-F7  9 2,7141,0,7151,0,812,1,507,12,206,10000,7311,10000000,3182,1600,3030,2,3093,0,3094,0
0,5820100,블레이즈-F7  10 0,4007,1,50004,10,3053,0,5001,5820001,50001,5820070,259,25,3034,2,3045,0,3003,280,50050,3000
0,5820101,블레이즈-F7  10 1,7232,30710000,1007,17,7222,30710000,7342,30710000,7332,30710000,3008,2,3010,5820100,3020,10000,3011,0,3021,0
0,5820102,블레이즈-F7  10 2,7141,0,7151,0,812,1,507,12,206,10000,7311,10000000,3182,1600,3030,2,3093,0,3094,0
0,5820110,블레이즈-F7  11 0,4007,1,50004,0,3053,0,5001,5820001,50001,5820000,259,25,3034,2,3045,0,3003,280,50050,3000
0,5820111,블레이즈-F7  11 1,7232,61430000,1007,17,7222,61430000,7342,61430000,7332,61430000,3008,2,3010,5820110,3020,10000,3011,0,3021,0
0,5820112,블레이즈-F7  11 2,7141,0,7151,0,812,1,507,12,206,10000,7311,10000000,3182,1600,3030,2,3093,0,3094,0
0,5820120,블레이즈-F7  12 0,4007,1,50004,0,3053,0,5001,5820001,50001,5820000,259,25,3034,2,3045,0,3003,280,50050,3000
0,5820121,블레이즈-F7  12 1,7232,61430000,1007,17,7222,61430000,7342,61430000,7332,61430000,3008,2,3010,5820120,3020,10000,3011,0,3021,0
0,5820122,블레이즈-F7  12 2,7141,0,7151,0,812,1,507,12,206,10000,7311,10000000,3182,1600,3030,2,3093,0,3094,0
0,5820130,블레이즈-F7  13 0,4007,1,50004,0,3053,0,5001,5820001,50001,5820000,259,25,3034,2,3045,0,3003,280,50050,3000
0,5820131,블레이즈-F7  13 1,7232,61430000,1007,17,7222,61430000,7342,61430000,7332,61430000,3008,2,3010,5820130,3020,10000,3011,0,3021,0
0,5820132,블레이즈-F7  13 2,7141,0,7151,0,812,1,507,12,206,10000,7311,10000000,3182,1600,3030,2,3093,0,3094,0
0,5820140,블레이즈-F7  14 0,4007,1,50004,0,3053,0,5001,5820001,50001,5820000,259,25,3034,2,3045,0,3003,280,50050,3000
0,5820141,블레이즈-F7  14 1,7232,61430000,1007,17,7222,61430000,7342,61430000,7332,61430000,3008,2,3010,5820140,3020,10000,3011,0,3021,0
0,5820142,블레이즈-F7  14 2,7141,0,7151,0,812,1,507,12,206,10000,7311,10000000,3182,1600,3030,2,3093,0,3094,0
0,5820150,블레이즈-F7  15 0,4007,1,50004,0,3053,0,5001,5820001,50001,5820000,259,25,3034,2,3045,0,3003,280,50050,3000
0,5820151,블레이즈-F7  15 1,7232,61430000,1007,17,7222,61430000,7342,61430000,7332,61430000,3008,2,3010,5820150,3020,10000,3011,0,3021,0
0,5820152,블레이즈-F7  15 2,7141,0,7151,0,812,1,507,12,206,10000,7311,10000000,3182,1600,3030,2,3093,0,3094,0
0,5820160,블레이즈-F7  16 0,4007,1,50004,0,3053,0,5001,5820001,50001,5820000,259,25,3034,2,3045,0,3003,280,50050,3000
0,5820161,블레이즈-F7  16 1,7232,61430000,1007,17,7222,61430000,7342,61430000,7332,61430000,3008,2,3010,5820160,3020,10000,3011,0,3021,0
0,5820162,블레이즈-F7  16 2,7141,0,7151,0,812,1,507,12,206,10000,7311,10000000,3182,1600,3030,2,3093,0,3094,0
0,5830000,가이아-소환(공용)  0 0,4007,1,50004,0,3053,0,5001,5830001,50001,5830000,259,25,3034,2,3045,0,3003,280,50050,5000
0,5830001,가이아-소환(공용)  0 1,7232,50000,1007,2,7222,50000,7342,50000,7332,50000,3008,2,3010,5830000,3020,10000,3011,0,3021,0
0,5830002,가이아-소환(공용)  0 2,7141,0,7151,0,812,1,507,12,206,10000,7311,10000000,3182,1600,3030,2,3093,6,3094,1
0,5830010,가이아-F7  1 0,4007,1,50004,1,3053,0,5001,5830001,50001,5830000,259,25,3034,2,3045,0,3003,280,50050,5000
0,5830011,가이아-F7  1 1,7232,50000,1007,2,7222,50000,7342,50000,7332,50000,3008,2,3010,5830010,3020,10000,3011,0,3021,0
0,5830012,가이아-F7  1 2,7141,0,7151,0,812,1,507,12,206,10000,7311,10000000,3182,1600,3030,2,3093,6,3094,1
0,5830020,가이아-F7  2 0,4007,1,50004,2,3053,0,5001,5830001,50001,5830000,259,25,3034,2,3045,0,3003,280,50050,5000
0,5830021,가이아-F7  2 1,7232,98000,1007,3,7222,98000,7342,98000,7332,98000,3008,2,3010,5830020,3020,10000,3011,0,3021,0
0,5830022,가이아-F7  2 2,7141,0,7151,0,812,1,507,12,206,10000,7311,10000000,3182,1600,3030,2,3093,6,3094,1
0,5830030,가이아-F7  3 0,4007,1,50004,3,3053,0,5001,5830001,50001,5830000,259,25,3034,2,3045,0,3003,280,50050,5000
0,5830031,가이아-F7  3 1,7232,184400,1007,4,7222,184400,7342,184400,7332,184400,3008,2,3010,5830030,3020,10000,3011,0,3021,0
0,5830032,가이아-F7  3 2,7141,0,7151,0,812,1,507,12,206,10000,7311,10000000,3182,1600,3030,2,3093,6,3094,1
0,5830040,가이아-F7  4 0,4007,1,50004,4,3053,0,5001,5830001,50001,5830040,259,25,3034,2,3045,0,3003,280,50050,5000
0,5830041,가이아-F7  4 1,7232,339900,1007,5,7222,339900,7342,339900,7332,339900,3008,2,3010,5830040,3020,10000,3011,0,3021,0
0,5830042,가이아-F7  4 2,7141,0,7151,0,812,1,507,12,206,10000,7311,10000000,3182,1600,3030,2,3093,6,3094,1
0,5830050,가이아-F7  5 0,4007,1,50004,5,3053,0,5001,5830001,50001,5830040,259,25,3034,2,3045,0,3003,280,50050,5000
0,5830051,가이아-F7  5 1,7232,619900,1007,7,7222,619900,7342,619900,7332,619900,3008,2,3010,5830050,3020,10000,3011,0,3021,0
0,5830052,가이아-F7  5 2,7141,0,7151,0,812,1,507,12,206,10000,7311,10000000,3182,1600,3030,2,3093,6,3094,1
0,5830060,가이아-F7  6 0,4007,1,50004,6,3053,0,5001,5830001,50001,5830040,259,25,3034,2,3045,0,3003,280,50050,5000
0,5830061,가이아-F7  6 1,7232,1123700,1007,9,7222,1123700,7342,1123700,7332,1123700,3008,2,3010,5830060,3020,10000,3011,0,3021,0
0,5830062,가이아-F7  6 2,7141,0,7151,0,812,1,507,12,206,10000,7311,10000000,3182,1600,3030,2,3093,6,3094,1
0,5830070,가이아-F7  7 0,4007,1,50004,7,3053,0,5001,5830001,50001,5830070,259,25,3034,2,3045,0,3003,280,50050,5000
0,5830071,가이아-F7  7 1,7232,2030700,1007,11,7222,2030700,7342,2030700,7332,2030700,3008,2,3010,5830070,3020,10000,3011,0,3021,0
0,5830072,가이아-F7  7 2,7141,0,7151,0,812,1,507,12,206,10000,7311,10000000,3182,1600,3030,2,3093,6,3094,1
0,5830080,가이아-F7  8 0,4007,1,50004,8,3053,0,5001,5830001,50001,5830070,259,25,3034,2,3045,0,3003,280,50050,5000
0,5830081,가이아-F7  8 1,7232,3663300,1007,13,7222,3663300,7342,3663300,7332,3663300,3008,2,3010,5830080,3020,10000,3011,0,3021,0
0,5830082,가이아-F7  8 2,7141,0,7151,0,812,1,507,12,206,10000,7311,10000000,3182,1600,3030,2,3093,6,3094,1
0,5830090,가이아-F7  9 0,4007,1,50004,9,3053,0,5001,5830001,50001,5830070,259,25,3034,2,3045,0,3003,280,50050,5000
0,5830091,가이아-F7  9 1,7232,6602000,1007,15,7222,6602000,7342,6602000,7332,6602000,3008,2,3010,5830090,3020,10000,3011,0,3021,0
0,5830092,가이아-F7  9 2,7141,0,7151,0,812,1,507,12,206,10000,7311,10000000,3182,1600,3030,2,3093,6,3094,1
0,5830100,가이아-F7  10 0,4007,1,50004,10,3053,0,5001,5830001,50001,5830070,259,25,3034,2,3045,0,3003,280,50050,5000
0,5830101,가이아-F7  10 1,7232,11891600,1007,17,7222,11891600,7342,11891600,7332,11891600,3008,2,3010,5830100,3020,10000,3011,0,3021,0
0,5830102,가이아-F7  10 2,7141,0,7151,0,812,1,507,12,206,10000,7311,10000000,3182,1600,3030,2,3093,6,3094,1
0,5830110,가이아-F7  11 0,4007,1,50004,0,3053,0,5001,5830001,50001,5830000,259,25,3034,2,3045,0,3003,280,50050,5000
0,5830111,가이아-F7  11 1,7232,21412800,1007,17,7222,21412800,7342,21412800,7332,21412800,3008,2,3010,5830110,3020,10000,3011,0,3021,0
0,5830112,가이아-F7  11 2,7141,0,7151,0,812,1,507,12,206,10000,7311,10000000,3182,1600,3030,2,3093,6,3094,1
0,5830120,가이아-F7  12 0,4007,1,50004,0,3053,0,5001,5830001,50001,5830000,259,25,3034,2,3045,0,3003,280,50050,5000
0,5830121,가이아-F7  12 1,7232,21412800,1007,17,7222,21412800,7342,21412800,7332,21412800,3008,2,3010,5830120,3020,10000,3011,0,3021,0
0,5830122,가이아-F7  12 2,7141,0,7151,0,812,1,507,12,206,10000,7311,10000000,3182,1600,3030,2,3093,6,3094,1
0,5830130,가이아-F7  13 0,4007,1,50004,0,3053,0,5001,5830001,50001,5830000,259,25,3034,2,3045,0,3003,280,50050,5000
0,5830131,가이아-F7  13 1,7232,21412800,1007,17,7222,21412800,7342,21412800,7332,21412800,3008,2,3010,5830130,3020,10000,3011,0,3021,0
0,5830132,가이아-F7  13 2,7141,0,7151,0,812,1,507,12,206,10000,7311,10000000,3182,1600,3030,2,3093,6,3094,1
0,5830140,가이아-F7  14 0,4007,1,50004,0,3053,0,5001,5830001,50001,5830000,259,25,3034,2,3045,0,3003,280,50050,5000
0,5830141,가이아-F7  14 1,7232,21412800,1007,17,7222,21412800,7342,21412800,7332,21412800,3008,2,3010,5830140,3020,10000,3011,0,3021,0
0,5830142,가이아-F7  14 2,7141,0,7151,0,812,1,507,12,206,10000,7311,10000000,3182,1600,3030,2,3093,6,3094,1
0,5830150,가이아-F7  15 0,4007,1,50004,0,3053,0,5001,5830001,50001,5830000,259,25,3034,2,3045,0,3003,280,50050,5000
0,5830151,가이아-F7  15 1,7232,21412800,1007,17,7222,21412800,7342,21412800,7332,21412800,3008,2,3010,5830150,3020,10000,3011,0,3021,0
0,5830152,가이아-F7  15 2,7141,0,7151,0,812,1,507,12,206,10000,7311,10000000,3182,1600,3030,2,3093,6,3094,1
0,5830160,가이아-F7  16 0,4007,1,50004,0,3053,0,5001,5830001,50001,5830000,259,25,3034,2,3045,0,3003,280,50050,5000
0,5830161,가이아-F7  16 1,7232,21412800,1007,17,7222,21412800,7342,21412800,7332,21412800,3008,2,3010,5830160,3020,10000,3011,0,3021,0
0,5830162,가이아-F7  16 2,7141,0,7151,0,812,1,507,12,206,10000,7311,10000000,3182,1600,3030,2,3093,6,3094,1
0,5831202,이블드루이드 마법진,520,4000,3010,4702932,3020,150,507,2,3008,2,3003,330,7312,10000,545,150,2020,4000,7331,0
0,5840000,라이트닝-소환(공용)  0 0,4007,1,50004,0,3053,0,5001,5840001,50001,5840000,259,25,3034,2,3045,0,3003,700,50050,4000
0,5840001,라이트닝-소환(공용)  0 1,7232,100000,1007,1,7222,100000,7342,100000,7332,100000,3008,2,3010,5840000,3020,10000,3011,0,3021,0
0,5840002,라이트닝-소환(공용)  0 2,7141,0,7151,0,812,1,507,12,206,10000,7311,10000000,3182,1600,3030,2,3093,4,3094,0
0,5840010,라이트닝-F7  1 0,4007,1,50004,1,3053,0,5001,5840001,50001,5840000,259,25,3034,2,3045,0,3003,700,50050,4000
0,5840011,라이트닝-F7  1 1,7232,100000,1007,1,7222,100000,7342,100000,7332,100000,3008,2,3010,5840010,3020,10000,3011,0,3021,0
0,5840012,라이트닝-F7  1 2,7141,0,7151,0,812,1,507,12,206,10000,7311,10000000,3182,1600,3030,2,3093,4,3094,0
0,5840020,라이트닝-F7  2 0,4007,1,50004,2,3053,0,5001,5840001,50001,5840000,259,25,3034,2,3045,0,3003,700,50050,4000
0,5840021,라이트닝-F7  2 1,7232,210000,1007,1,7222,210000,7342,210000,7332,210000,3008,2,3010,5840020,3020,10000,3011,0,3021,0
0,5840022,라이트닝-F7  2 2,7141,0,7151,0,812,1,507,12,206,10000,7311,10000000,3182,1600,3030,2,3093,4,3094,0
0,5840030,라이트닝-F7  3 0,4007,1,50004,3,3053,0,5001,5840001,50001,5840000,259,25,3034,2,3045,0,3003,700,50050,4000
0,5840031,라이트닝-F7  3 1,7232,430000,1007,1,7222,430000,7342,430000,7332,430000,3008,2,3010,5840030,3020,10000,3011,0,3021,0
0,5840032,라이트닝-F7  3 2,7141,0,7151,0,812,1,507,12,206,10000,7311,10000000,3182,1600,3030,2,3093,4,3094,0
0,5840040,라이트닝-F7  4 0,4007,1,50004,4,3053,0,5001,5840001,50001,5840040,259,25,3034,2,3045,0,3003,700,50050,4000
0,5840041,라이트닝-F7  4 1,7232,870000,1007,1,7222,870000,7342,870000,7332,870000,3008,2,3010,5840040,3020,10000,3011,0,3021,0
0,5840042,라이트닝-F7  4 2,7141,0,7151,0,812,1,507,12,206,10000,7311,10000000,3182,1600,3030,2,3093,4,3094,0
0,5840050,라이트닝-F7  5 0,4007,1,50004,5,3053,0,5001,5840001,50001,5840040,259,25,3034,2,3045,0,3003,700,50050,4000
0,5840051,라이트닝-F7  5 1,7232,1750000,1007,1,7222,1750000,7342,1750000,7332,1750000,3008,2,3010,5840050,3020,10000,3011,0,3021,0
0,5840052,라이트닝-F7  5 2,7141,0,7151,0,812,1,507,12,206,10000,7311,10000000,3182,1600,3030,2,3093,4,3094,0
0,5840060,라이트닝-F7  6 0,4007,1,50004,6,3053,0,5001,5840001,50001,5840040,259,25,3034,2,3045,0,3003,700,50050,4000
0,5840061,라이트닝-F7  6 1,7232,3510000,1007,1,7222,3510000,7342,3510000,7332,3510000,3008,2,3010,5840060,3020,10000,3011,0,3021,0
0,5840062,라이트닝-F7  6 2,7141,0,7151,0,812,1,507,12,206,10000,7311,10000000,3182,1600,3030,2,3093,4,3094,0
0,5840070,라이트닝-F7  7 0,4007,1,50004,7,3053,0,5001,5840001,50001,5840070,259,25,3034,2,3045,0,3003,700,50050,4000
0,5840071,라이트닝-F7  7 1,7232,7030000,1007,1,7222,7030000,7342,7030000,7332,7030000,3008,2,3010,5840070,3020,10000,3011,0,3021,0
0,5840072,라이트닝-F7  7 2,7141,0,7151,0,812,1,507,12,206,10000,7311,10000000,3182,1600,3030,2,3093,4,3094,0
0,5840080,라이트닝-F7  8 0,4007,1,50004,8,3053,0,5001,5840001,50001,5840070,259,25,3034,2,3045,0,3003,700,50050,4000
0,5840081,라이트닝-F7  8 1,7232,14070000,1007,1,7222,14070000,7342,14070000,7332,14070000,3008,2,3010,5840080,3020,10000,3011,0,3021,0
0,5840082,라이트닝-F7  8 2,7141,0,7151,0,812,1,507,12,206,10000,7311,10000000,3182,1600,3030,2,3093,4,3094,0
0,5840090,라이트닝-F7  9 0,4007,1,50004,9,3053,0,5001,5840001,50001,5840070,259,25,3034,2,3045,0,3003,700,50050,4000
0,5840091,라이트닝-F7  9 1,7232,28150000,1007,1,7222,28150000,7342,28150000,7332,28150000,3008,2,3010,5840090,3020,10000,3011,0,3021,0
0,5840092,라이트닝-F7  9 2,7141,0,7151,0,812,1,507,12,206,10000,7311,10000000,3182,1600,3030,2,3093,4,3094,0
0,5840100,라이트닝-F7  10 0,4007,1,50004,10,3053,0,5001,5840001,50001,5840070,259,25,3034,2,3045,0,3003,700,50050,4000
0,5840101,라이트닝-F7  10 1,7232,56310000,1007,1,7222,56310000,7342,56310000,7332,56310000,3008,2,3010,5840100,3020,10000,3011,0,3021,0
0,5840102,라이트닝-F7  10 2,7141,0,7151,0,812,1,507,12,206,10000,7311,10000000,3182,1600,3030,2,3093,4,3094,0
0,5840110,라이트닝-F7  11 0,4007,1,50004,0,3053,0,5001,5840001,50001,5840000,259,25,3034,2,3045,0,3003,700,50050,4000
0,5840111,라이트닝-F7  11 1,7232,112630000,1007,1,7222,112630000,7342,112630000,7332,112630000,3008,2,3010,5840110,3020,10000,3011,0,3021,0
0,5840112,라이트닝-F7  11 2,7141,0,7151,0,812,1,507,12,206,10000,7311,10000000,3182,1600,3030,2,3093,4,3094,0
0,5840120,라이트닝-F7  12 0,4007,1,50004,0,3053,0,5001,5840001,50001,5840000,259,25,3034,2,3045,0,3003,700,50050,4000
0,5840121,라이트닝-F7  12 1,7232,112630000,1007,1,7222,112630000,7342,112630000,7332,112630000,3008,2,3010,5840120,3020,10000,3011,0,3021,0
0,5840122,라이트닝-F7  12 2,7141,0,7151,0,812,1,507,12,206,10000,7311,10000000,3182,1600,3030,2,3093,4,3094,0
0,5840130,라이트닝-F7  13 0,4007,1,50004,0,3053,0,5001,5840001,50001,5840000,259,25,3034,2,3045,0,3003,700,50050,4000
0,5840131,라이트닝-F7  13 1,7232,112630000,1007,1,7222,112630000,7342,112630000,7332,112630000,3008,2,3010,5840130,3020,10000,3011,0,3021,0
0,5840132,라이트닝-F7  13 2,7141,0,7151,0,812,1,507,12,206,10000,7311,10000000,3182,1600,3030,2,3093,4,3094,0
0,5840140,라이트닝-F7  14 0,4007,1,50004,0,3053,0,5001,5840001,50001,5840000,259,25,3034,2,3045,0,3003,700,50050,4000
0,5840141,라이트닝-F7  14 1,7232,112630000,1007,1,7222,112630000,7342,112630000,7332,112630000,3008,2,3010,5840140,3020,10000,3011,0,3021,0
0,5840142,라이트닝-F7  14 2,7141,0,7151,0,812,1,507,12,206,10000,7311,10000000,3182,1600,3030,2,3093,4,3094,0
0,5840150,라이트닝-F7  15 0,4007,1,50004,0,3053,0,5001,5840001,50001,5840000,259,25,3034,2,3045,0,3003,700,50050,4000
0,5840151,라이트닝-F7  15 1,7232,112630000,1007,1,7222,112630000,7342,112630000,7332,112630000,3008,2,3010,5840150,3020,10000,3011,0,3021,0
0,5840152,라이트닝-F7  15 2,7141,0,7151,0,812,1,507,12,206,10000,7311,10000000,3182,1600,3030,2,3093,4,3094,0
0,5840160,라이트닝-F7  16 0,4007,1,50004,0,3053,0,5001,5840001,50001,5840000,259,25,3034,2,3045,0,3003,700,50050,4000
0,5840161,라이트닝-F7  16 1,7232,112630000,1007,1,7222,112630000,7342,112630000,7332,112630000,3008,2,3010,5840160,3020,10000,3011,0,3021,0
0,5840162,라이트닝-F7  16 2,7141,0,7151,0,812,1,507,12,206,10000,7311,10000000,3182,1600,3030,2,3093,4,3094,0
0,5850000,프리징-소환(공용)  0 0,4007,1,50004,0,3053,0,5001,5850001,50001,5850000,259,25,3034,2,3045,0,3003,280,50050,2000
0,5850001,프리징-소환(공용)  0 1,7232,30000,1007,3,7222,30000,7342,30000,7332,30000,3008,2,3010,5850000,3020,10000,3011,0,3021,0
0,5850002,프리징-소환(공용)  0 2,7141,0,7151,0,812,1,507,12,206,10000,7311,10000000,3182,1600,3030,2,3093,7,3094,0
0,5850010,프리징-F7  1 0,4007,1,50004,1,3053,0,5001,5850001,50001,5850000,259,25,3034,2,3045,0,3003,280,50050,2000
0,5850011,프리징-F7  1 1,7232,30000,1007,3,7222,30000,7342,30000,7332,30000,3008,2,3010,5850010,3020,10000,3011,0,3021,0
0,5850012,프리징-F7  1 2,7141,0,7151,0,812,1,507,12,206,10000,7311,10000000,3182,1600,3030,2,3093,7,3094,0
0,5850020,프리징-F7  2 0,4007,1,50004,2,3053,0,5001,5850001,50001,5850000,259,25,3034,2,3045,0,3003,280,50050,2000
0,5850021,프리징-F7  2 1,7232,64000,1007,4,7222,64000,7342,64000,7332,64000,3008,2,3010,5850020,3020,10000,3011,0,3021,0
0,5850022,프리징-F7  2 2,7141,0,7151,0,812,1,507,12,206,10000,7311,10000000,3182,1600,3030,2,3093,7,3094,0
0,5850030,프리징-F7  3 0,4007,1,50004,3,3053,0,5001,5850001,50001,5850000,259,25,3034,2,3045,0,3003,280,50050,2000
0,5850031,프리징-F7  3 1,7232,126900,1007,5,7222,126900,7342,126900,7332,126900,3008,2,3010,5850030,3020,10000,3011,0,3021,0
0,5850032,프리징-F7  3 2,7141,0,7151,0,812,1,507,12,206,10000,7311,10000000,3182,1600,3030,2,3093,7,3094,0
0,5850040,프리징-F7  4 0,4007,1,50004,4,3053,0,5001,5850001,50001,5850040,259,25,3034,2,3045,0,3003,280,50050,2000
0,5850041,프리징-F7  4 1,7232,243300,1007,7,7222,243300,7342,243300,7332,243300,3008,2,3010,5850040,3020,10000,3011,0,3021,0
0,5850042,프리징-F7  4 2,7141,0,7151,0,812,1,507,12,206,10000,7311,10000000,3182,1600,3030,2,3093,7,3094,0
0,5850050,프리징-F7  5 0,4007,1,50004,5,3053,0,5001,5850001,50001,5850040,259,25,3034,2,3045,0,3003,280,50050,2000
0,5850051,프리징-F7  5 1,7232,458500,1007,9,7222,458500,7342,458500,7332,458500,3008,2,3010,5850050,3020,10000,3011,0,3021,0
0,5850052,프리징-F7  5 2,7141,0,7151,0,812,1,507,12,206,10000,7311,10000000,3182,1600,3030,2,3093,7,3094,0
0,5850060,프리징-F7  6 0,4007,1,50004,6,3053,0,5001,5850001,50001,5850040,259,25,3034,2,3045,0,3003,280,50050,2000
0,5850061,프리징-F7  6 1,7232,856800,1007,11,7222,856800,7342,856800,7332,856800,3008,2,3010,5850060,3020,10000,3011,0,3021,0
0,5850062,프리징-F7  6 2,7141,0,7151,0,812,1,507,12,206,10000,7311,10000000,3182,1600,3030,2,3093,7,3094,0
0,5850070,프리징-F7  7 0,4007,1,50004,7,3053,0,5001,5850001,50001,5850070,259,25,3034,2,3045,0,3003,280,50050,2000
0,5850071,프리징-F7  7 1,7232,1593600,1007,14,7222,1593600,7342,1593600,7332,1593600,3008,2,3010,5850070,3020,10000,3011,0,3021,0
0,5850072,프리징-F7  7 2,7141,0,7151,0,812,1,507,12,206,10000,7311,10000000,3182,1600,3030,2,3093,7,3094,0
0,5850080,프리징-F7  8 0,4007,1,50004,8,3053,0,5001,5850001,50001,5850070,259,25,3034,2,3045,0,3003,280,50050,2000
0,5850081,프리징-F7  8 1,7232,2956600,1007,17,7222,2956600,7342,2956600,7332,2956600,3008,2,3010,5850080,3020,10000,3011,0,3021,0
0,5850082,프리징-F7  8 2,7141,0,7151,0,812,1,507,12,206,10000,7311,10000000,3182,1600,3030,2,3093,7,3094,0
0,5850090,프리징-F7  9 0,4007,1,50004,9,3053,0,5001,5850001,50001,5850070,259,25,3034,2,3045,0,3003,280,50050,2000
0,5850091,프리징-F7  9 1,7232,5478200,1007,20,7222,5478200,7342,5478200,7332,5478200,3008,2,3010,5850090,3020,10000,3011,0,3021,0
0,5850092,프리징-F7  9 2,7141,0,7151,0,812,1,507,12,206,10000,7311,10000000,3182,1600,3030,2,3093,7,3094,0
0,5850100,프리징-F7  10 0,4007,1,50004,10,3053,0,5001,5850001,50001,5850070,259,25,3034,2,3045,0,3003,280,50050,2000
0,5850101,프리징-F7  10 1,7232,10143300,1007,24,7222,10143300,7342,10143300,7332,10143300,3008,2,3010,5850100,3020,10000,3011,0,3021,0
0,5850102,프리징-F7  10 2,7141,0,7151,0,812,1,507,12,206,10000,7311,10000000,3182,1600,3030,2,3093,7,3094,0
0,5850110,프리징-F7  11 0,4007,1,50004,0,3053,0,5001,5850001,50001,5850000,259,25,3034,2,3045,0,3003,280,50050,2000
0,5850111,프리징-F7  11 1,7232,18773500,1007,25,7222,18773500,7342,18773500,7332,18773500,3008,2,3010,5850110,3020,10000,3011,0,3021,0
0,5850112,프리징-F7  11 2,7141,0,7151,0,812,1,507,12,206,10000,7311,10000000,3182,1600,3030,2,3093,7,3094,0
0,5850120,프리징-F7  12 0,4007,1,50004,0,3053,0,5001,5850001,50001,5850000,259,25,3034,2,3045,0,3003,280,50050,2000
0,5850121,프리징-F7  12 1,7232,18773500,1007,25,7222,18773500,7342,18773500,7332,18773500,3008,2,3010,5850120,3020,10000,3011,0,3021,0
0,5850122,프리징-F7  12 2,7141,0,7151,0,812,1,507,12,206,10000,7311,10000000,3182,1600,3030,2,3093,7,3094,0
0,5850130,프리징-F7  13 0,4007,1,50004,0,3053,0,5001,5850001,50001,5850000,259,25,3034,2,3045,0,3003,280,50050,2000
0,5850131,프리징-F7  13 1,7232,18773500,1007,25,7222,18773500,7342,18773500,7332,18773500,3008,2,3010,5850130,3020,10000,3011,0,3021,0
0,5850132,프리징-F7  13 2,7141,0,7151,0,812,1,507,12,206,10000,7311,10000000,3182,1600,3030,2,3093,7,3094,0
0,5850140,프리징-F7  14 0,4007,1,50004,0,3053,0,5001,5850001,50001,5850000,259,25,3034,2,3045,0,3003,280,50050,2000
0,5850141,프리징-F7  14 1,7232,18773500,1007,25,7222,18773500,7342,18773500,7332,18773500,3008,2,3010,5850140,3020,10000,3011,0,3021,0
0,5850142,프리징-F7  14 2,7141,0,7151,0,812,1,507,12,206,10000,7311,10000000,3182,1600,3030,2,3093,7,3094,0
0,5850150,프리징-F7  15 0,4007,1,50004,0,3053,0,5001,5850001,50001,5850000,259,25,3034,2,3045,0,3003,280,50050,2000
0,5850151,프리징-F7  15 1,7232,18773500,1007,25,7222,18773500,7342,18773500,7332,18773500,3008,2,3010,5850150,3020,10000,3011,0,3021,0
0,5850152,프리징-F7  15 2,7141,0,7151,0,812,1,507,12,206,10000,7311,10000000,3182,1600,3030,2,3093,7,3094,0
0,5850160,프리징-F7  16 0,4007,1,50004,0,3053,0,5001,5850001,50001,5850000,259,25,3034,2,3045,0,3003,280,50050,2000
0,5850161,프리징-F7  16 1,7232,18773500,1007,25,7222,18773500,7342,18773500,7332,18773500,3008,2,3010,5850160,3020,10000,3011,0,3021,0
0,5850162,프리징-F7  16 2,7141,0,7151,0,812,1,507,12,206,10000,7311,10000000,3182,1600,3030,2,3093,7,3094,0
0,5860000,블랙홀-소환(공용)  0 0,4007,1,50004,0,3053,0,5001,5860001,50001,5860000,259,25,3034,2,3045,0,3003,280,50050,4000
0,5860001,블랙홀-소환(공용)  0 1,7232,50000,1007,1,7222,50000,7342,50000,7332,50000,3008,2,3010,5860000,3020,10000,3011,0,3021,0
0,5860002,블랙홀-소환(공용)  0 2,7141,0,7151,0,812,1,507,12,206,10000,7311,10000000,3182,1600,3030,2,3093,6,3094,0
0,5860010,블랙홀-F7  1 0,4007,1,50004,1,3053,0,5001,5860001,50001,5860000,259,25,3034,2,3045,0,3003,280,50050,4000
0,5860011,블랙홀-F7  1 1,7232,50000,1007,1,7222,50000,7342,50000,7332,50000,3008,2,3010,5860010,3020,10000,3011,0,3021,0
0,5860012,블랙홀-F7  1 2,7141,0,7151,0,812,1,507,12,206,10000,7311,10000000,3182,1600,3030,2,3093,6,3094,0
0,5860020,블랙홀-F7  2 0,4007,1,50004,2,3053,0,5001,5860001,50001,5860000,259,25,3034,2,3045,0,3003,280,50050,4000
0,5860021,블랙홀-F7  2 1,7232,104000,1007,2,7222,104000,7342,104000,7332,104000,3008,2,3010,5860020,3020,10000,3011,0,3021,0
0,5860022,블랙홀-F7  2 2,7141,0,7151,0,812,1,507,12,206,10000,7311,10000000,3182,1600,3030,2,3093,6,3094,0
0,5860030,블랙홀-F7  3 0,4007,1,50004,3,3053,0,5001,5860001,50001,5860000,259,25,3034,2,3045,0,3003,280,50050,4000
0,5860031,블랙홀-F7  3 1,7232,206600,1007,3,7222,206600,7342,206600,7332,206600,3008,2,3010,5860030,3020,10000,3011,0,3021,0
0,5860032,블랙홀-F7  3 2,7141,0,7151,0,812,1,507,12,206,10000,7311,10000000,3182,1600,3030,2,3093,6,3094,0
0,5860040,블랙홀-F7  4 0,4007,1,50004,4,3053,0,5001,5860001,50001,5860040,259,25,3034,2,3045,0,3003,280,50050,4000
0,5860041,블랙홀-F7  4 1,7232,401500,1007,4,7222,401500,7342,401500,7332,401500,3008,2,3010,5860040,3020,10000,3011,0,3021,0
0,5860042,블랙홀-F7  4 2,7141,0,7151,0,812,1,507,12,206,10000,7311,10000000,3182,1600,3030,2,3093,6,3094,0
0,5860050,블랙홀-F7  5 0,4007,1,50004,5,3053,0,5001,5860001,50001,5860040,259,25,3034,2,3045,0,3003,280,50050,4000
0,5860051,블랙홀-F7  5 1,7232,771900,1007,5,7222,771900,7342,771900,7332,771900,3008,2,3010,5860050,3020,10000,3011,0,3021,0
0,5860052,블랙홀-F7  5 2,7141,0,7151,0,812,1,507,12,206,10000,7311,10000000,3182,1600,3030,2,3093,6,3094,0
0,5860060,블랙홀-F7  6 0,4007,1,50004,6,3053,0,5001,5860001,50001,5860040,259,25,3034,2,3045,0,3003,280,50050,4000
0,5860061,블랙홀-F7  6 1,7232,1475700,1007,6,7222,1475700,7342,1475700,7332,1475700,3008,2,3010,5860060,3020,10000,3011,0,3021,0
0,5860062,블랙홀-F7  6 2,7141,0,7151,0,812,1,507,12,206,10000,7311,10000000,3182,1600,3030,2,3093,6,3094,0
0,5860070,블랙홀-F7  7 0,4007,1,50004,7,3053,0,5001,5860001,50001,5860070,259,25,3034,2,3045,0,3003,280,50050,4000
0,5860071,블랙홀-F7  7 1,7232,2812800,1007,7,7222,2812800,7342,2812800,7332,2812800,3008,2,3010,5860070,3020,10000,3011,0,3021,0
0,5860072,블랙홀-F7  7 2,7141,0,7151,0,812,1,507,12,206,10000,7311,10000000,3182,1600,3030,2,3093,6,3094,0
0,5860080,블랙홀-F7  8 0,4007,1,50004,8,3053,0,5001,5860001,50001,5860070,259,25,3034,2,3045,0,3003,280,50050,4000
0,5860081,블랙홀-F7  8 1,7232,5353200,1007,8,7222,5353200,7342,5353200,7332,5353200,3008,2,3010,5860080,3020,10000,3011,0,3021,0
0,5860082,블랙홀-F7  8 2,7141,0,7151,0,812,1,507,12,206,10000,7311,10000000,3182,1600,3030,2,3093,6,3094,0
0,5860090,블랙홀-F7  9 0,4007,1,50004,9,3053,0,5001,5860001,50001,5860070,259,25,3034,2,3045,0,3003,280,50050,4000
0,5860091,블랙홀-F7  9 1,7232,10180100,1007,9,7222,10180100,7342,10180100,7332,10180100,3008,2,3010,5860090,3020,10000,3011,0,3021,0
0,5860092,블랙홀-F7  9 2,7141,0,7151,0,812,1,507,12,206,10000,7311,10000000,3182,1600,3030,2,3093,6,3094,0
0,5860100,블랙홀-F7  10 0,4007,1,50004,10,3053,0,5001,5860001,50001,5860070,259,25,3034,2,3045,0,3003,280,50050,4000
0,5860101,블랙홀-F7  10 1,7232,19351300,1007,10,7222,19351300,7342,19351300,7332,19351300,3008,2,3010,5860100,3020,10000,3011,0,3021,0
0,5860102,블랙홀-F7  10 2,7141,0,7151,0,812,1,507,12,206,10000,7311,10000000,3182,1600,3030,2,3093,6,3094,0
0,5860110,블랙홀-F7  11 0,4007,1,50004,0,3053,0,5001,5860001,50001,5860000,259,25,3034,2,3045,0,3003,280,50050,4000
0,5860111,블랙홀-F7  11 1,7232,36776400,1007,10,7222,36776400,7342,36776400,7332,36776400,3008,2,3010,5860110,3020,10000,3011,0,3021,0
0,5860112,블랙홀-F7  11 2,7141,0,7151,0,812,1,507,12,206,10000,7311,10000000,3182,1600,3030,2,3093,6,3094,0
0,5860120,블랙홀-F7  12 0,4007,1,50004,0,3053,0,5001,5860001,50001,5860000,259,25,3034,2,3045,0,3003,280,50050,4000
0,5860121,블랙홀-F7  12 1,7232,36776400,1007,10,7222,36776400,7342,36776400,7332,36776400,3008,2,3010,5860120,3020,10000,3011,0,3021,0
0,5860122,블랙홀-F7  12 2,7141,0,7151,0,812,1,507,12,206,10000,7311,10000000,3182,1600,3030,2,3093,6,3094,0
0,5860130,블랙홀-F7  13 0,4007,1,50004,0,3053,0,5001,5860001,50001,5860000,259,25,3034,2,3045,0,3003,280,50050,4000
0,5860131,블랙홀-F7  13 1,7232,36776400,1007,10,7222,36776400,7342,36776400,7332,36776400,3008,2,3010,5860130,3020,10000,3011,0,3021,0
0,5860132,블랙홀-F7  13 2,7141,0,7151,0,812,1,507,12,206,10000,7311,10000000,3182,1600,3030,2,3093,6,3094,0
0,5860140,블랙홀-F7  14 0,4007,1,50004,0,3053,0,5001,5860001,50001,5860000,259,25,3034,2,3045,0,3003,280,50050,4000
0,5860141,블랙홀-F7  14 1,7232,36776400,1007,10,7222,36776400,7342,36776400,7332,36776400,3008,2,3010,5860140,3020,10000,3011,0,3021,0
0,5860142,블랙홀-F7  14 2,7141,0,7151,0,812,1,507,12,206,10000,7311,10000000,3182,1600,3030,2,3093,6,3094,0
0,5860150,블랙홀-F7  15 0,4007,1,50004,0,3053,0,5001,5860001,50001,5860000,259,25,3034,2,3045,0,3003,280,50050,4000
0,5860151,블랙홀-F7  15 1,7232,36776400,1007,10,7222,36776400,7342,36776400,7332,36776400,3008,2,3010,5860150,3020,10000,3011,0,3021,0
0,5860152,블랙홀-F7  15 2,7141,0,7151,0,812,1,507,12,206,10000,7311,10000000,3182,1600,3030,2,3093,6,3094,0
0,5860160,블랙홀-F7  16 0,4007,1,50004,0,3053,0,5001,5860001,50001,5860000,259,25,3034,2,3045,0,3003,280,50050,4000
0,5860161,블랙홀-F7  16 1,7232,36776400,1007,10,7222,36776400,7342,36776400,7332,36776400,3008,2,3010,5860160,3020,10000,3011,0,3021,0
0,5860162,블랙홀-F7  16 2,7141,0,7151,0,812,1,507,12,206,10000,7311,10000000,3182,1600,3030,2,3093,6,3094,0
0,5870000,[카오스가디언] 카오스 붐버 0,4007,1,50004,0,3053,0,5001,5870001,50001,0,259,25,3034,2,3045,0,3003,500,50050,3000
0,5870001,[카오스가디언] 카오스 붐버 1,7232,40000,1007,4,7222,40000,7342,40000,7332,40000,3008,2,0,0,0,0,3004,500,0,0
0,5870002,[카오스가디언] 카오스 붐버 2,7141,0,7151,0,812,1,507,9,206,10000,7311,10000000,3182,1600,7081,50,3093,5,3094,1
0,5870003,[카오스가디언] 카오스 붐버 스킬,3008,2,3010,6089103,3020,100,3039,1,3030,2,3133,-65536,0,0,0,0,0,0,0,0
0,5870100,[가디언] 아람 보상 가디언 0,4007,1,50004,0,3053,0,5001,5870001,50001,0,259,25,3034,2,3045,0,3003,500,50050,3000
0,5870101,[가디언] 아람 보상 가디언 1,7232,40000,1007,4,7222,40000,7342,0,7332,0,3008,2,0,0,0,0,3004,500,0,0
0,5870102,[가디언] 아람 보상 가디언 2,7141,0,7151,0,812,1,507,12,206,10000,7311,10000000,3182,1600,0,0,3093,5,3094,1
0,5870103,[가디언] 아람 보상 가디언 스킬,3008,2,3010,5870103,3020,100,3039,1,3030,2,0,0,0,0,0,0,0,0,0,0
0,5870110,(몬스터)블리자드,520,30000,3010,3542250,3020,150,507,2,3008,2,3003,900,7312,10000,545,150,2020,10000,3182,100
0,5871000,점령전-중립 가디언 0,4007,1,50004,1,3053,0,5001,5860001,50001,5860000,259,25,3034,2,3045,0,3003,280,50050,4000
0,5871001,점령전-중립 가디언 1,7232,50000,1007,1,7222,50000,7342,50000,7332,50000,3008,2,3010,5860010,3020,10000,3011,0,3021,0
0,5871002,점령전-중립 가디언 2,7141,0,7151,0,812,1,507,12,206,10000,7311,10000000,3182,1600,3030,2,3093,6,3094,0
0,5871005,점령전-중립 가디언 특수 어빌,4092,100,3447,1,0,0,0,0,0,0,0,0,0,0,0,0,0,0,0,0
0,5871100,점령전-블루 프리징_가디언Lv1 1,4007,1,50004,1,3053,0,5001,5810001,50001,5810000,259,25,3034,2,3045,0,3003,280,50050,3000
0,5871101,점령전-블루 프리징_가디언Lv1 2,7232,15000,1007,3,7222,15000,7342,15000,7332,15000,3008,2,3010,5810120,3020,10000,3011,0,3021,0
0,5871102,점령전-블루 프리징_가디언Lv1 3,7141,0,7151,0,812,1,507,12,206,10000,7311,10000000,3182,1600,3030,2,3093,4,3094,0
0,5871105,점령전-블루 가디언 특수 어빌 1,4092,101,3447,1,0,0,0,0,0,0,0,0,0,0,0,0,0,0,0,0
0,5871110,점령전-블루 프리징_가디언LV2 1,4007,1,50004,2,3053,0,5001,5810001,50001,5810000,259,25,3034,2,3045,0,3003,280,50050,3000
0,5871111,점령전-블루 프리징_가디언LV2 2,7232,35000,1007,3,7222,35000,7342,35000,7332,35000,3008,2,3010,5810121,3020,10000,3011,0,3021,0
0,5871112,점령전-블루 프리징_가디언LV2 3,7141,0,7151,0,812,1,507,12,206,10000,7311,10000000,3182,1600,3030,2,3093,4,3094,0
0,5871115,점령전-블루 가디언 특수 어빌 2,4092,101,3447,1,0,0,0,0,0,0,0,0,0,0,0,0,0,0,0,0
0,5871120,점령전-블루 프리징_가디언LV3 1,4007,1,50004,3,3053,0,5001,5810001,50001,5810000,259,25,3034,2,3045,0,3003,280,50050,3000
0,5871121,점령전-블루 프리징_가디언LV3 2,7232,71000,1007,3,7222,71000,7342,71000,7332,71000,3008,2,3010,5810122,3020,10000,3011,0,3021,0
0,5871122,점령전-블루 프리징_가디언LV3 3,7141,0,7151,0,812,1,507,12,206,10000,7311,10000000,3182,1600,3030,2,3093,4,3094,0
0,5871125,점령전-블루 가디언 특수 어빌 3,4092,101,3447,1,0,0,0,0,0,0,0,0,0,0,0,0,0,0,0,0
0,5871200,점령전-레드 프리징_가디언Lv1 1,4007,1,50004,1,3053,0,5001,5810001,50001,5810000,259,25,3034,2,3045,0,3003,280,50050,3000
0,5871201,점령전-레드 프리징_가디언Lv1 2,7232,15000,1007,3,7222,15000,7342,15000,7332,15000,3008,2,3010,5810120,3020,10000,3011,0,3021,0
0,5871202,점령전-레드 프리징_가디언Lv1 3,7141,0,7151,0,812,1,507,12,206,10000,7311,10000000,3182,1600,3030,2,3093,4,3094,0
0,5871205,점령전-레드 가디언 특수 어빌 1,4092,101,3447,1,0,0,0,0,0,0,0,0,0,0,0,0,0,0,0,0
0,5871210,점령전-레드 프리징_가디언LV2 1,4007,1,50004,2,3053,0,5001,5810001,50001,5810000,259,25,3034,2,3045,0,3003,280,50050,3000
0,5871211,점령전-레드 프리징_가디언LV2 2,7232,35000,1007,3,7222,35000,7342,35000,7332,35000,3008,2,3010,5810121,3020,10000,3011,0,3021,0
0,5871212,점령전-레드 프리징_가디언LV2 3,7141,0,7151,0,812,1,507,12,206,10000,7311,10000000,3182,1600,3030,2,3093,4,3094,0
0,5871215,점령전-레드 가디언 특수 어빌 2,4092,101,3447,1,0,0,0,0,0,0,0,0,0,0,0,0,0,0,0,0
0,5871220,점령전-레드 프리징_가디언LV3 1,4007,1,50004,3,3053,0,5001,5810001,50001,5810000,259,25,3034,2,3045,0,3003,280,50050,3000
0,5871221,점령전-레드 프리징_가디언LV3 2,7232,71000,1007,3,7222,71000,7342,71000,7332,71000,3008,2,3010,5810122,3020,10000,3011,0,3021,0
0,5871222,점령전-레드 프리징_가디언LV3 3,7141,0,7151,0,812,1,507,12,206,10000,7311,10000000,3182,1600,3030,2,3093,4,3094,0
0,5871225,점령전-레드 가디언 특수 어빌 3,4092,101,3447,1,0,0,0,0,0,0,0,0,0,0,0,0,0,0,0,0
0,5872100,점령 라이트닝-F7  1 0,4007,1,50004,1,3053,0,5001,5840001,50001,5840000,259,25,3034,2,3045,0,3003,300,50050,4000
0,5872101,점령 라이트닝-F7  1 1,7232,100000,1007,1,7222,100000,7342,100000,7332,100000,3008,2,3010,5840120,3020,10000,3011,0,3021,0
0,5872102,점령 라이트닝-F7  1 2,7141,0,7151,0,812,1,507,12,206,10000,7311,10000000,3182,1600,3030,2,3093,4,3094,0
0,5872110,점령 라이트닝-F7  2 0,4007,1,50004,2,3053,0,5001,5840001,50001,5840000,259,25,3034,2,3045,0,3003,300,50050,4000
0,5872111,점령 라이트닝-F7  2 1,7232,210000,1007,1,7222,210000,7342,210000,7332,210000,3008,2,3010,5840121,3020,10000,3011,0,3021,0
0,5872112,점령 라이트닝-F7  2 2,7141,0,7151,0,812,1,507,12,206,10000,7311,10000000,3182,1600,3030,2,3093,4,3094,0
0,5872120,점령 라이트닝-F7  3 0,4007,1,50004,3,3053,0,5001,5840001,50001,5840000,259,25,3034,2,3045,0,3003,300,50050,4000
0,5872121,점령 라이트닝-F7  3 1,7232,430000,1007,1,7222,430000,7342,430000,7332,430000,3008,2,3010,5840122,3020,10000,3011,0,3021,0
0,5872122,점령 라이트닝-F7  3 2,7141,0,7151,0,812,1,507,12,206,10000,7311,10000000,3182,1600,3030,2,3093,4,3094,0
0,5890001,(F7)가디언밸런스어빌 LV001,1,1,7001,1000,7021,100000,7231,45,7221,45,7341,45,7331,45,0,0,0,0,0,0
0,5890002,(F7)가디언밸런스어빌 LV002,1,2,7001,1000,7021,100000,7231,47,7221,47,7341,47,7331,47,0,0,0,0,0,0
0,5890003,(F7)가디언밸런스어빌 LV003,1,3,7001,1000,7021,100000,7231,49,7221,49,7341,49,7331,49,0,0,0,0,0,0
0,5890004,(F7)가디언밸런스어빌 LV004,1,4,7001,1000,7021,100000,7231,50,7221,50,7341,50,7331,50,0,0,0,0,0,0
0,5890005,(F7)가디언밸런스어빌 LV005,1,5,7001,1000,7021,100000,7231,76,7221,76,7341,76,7331,76,0,0,0,0,0,0
0,5890006,(F7)가디언밸런스어빌 LV006,1,6,7001,1000,7021,100000,7231,78,7221,78,7341,78,7331,78,0,0,0,0,0,0
0,5890007,(F7)가디언밸런스어빌 LV007,1,7,7001,1000,7021,100000,7231,79,7221,79,7341,79,7331,79,0,0,0,0,0,0
0,5890008,(F7)가디언밸런스어빌 LV008,1,8,7001,1000,7021,100000,7231,81,7221,81,7341,81,7331,81,0,0,0,0,0,0
0,5890009,(F7)가디언밸런스어빌 LV009,1,9,7001,1000,7021,100000,7231,93,7221,93,7341,93,7331,93,0,0,0,0,0,0
0,5890010,(F7)가디언밸런스어빌 LV010,1,10,7001,1000,7021,100000,7231,140,7221,140,7341,140,7331,140,0,0,0,0,0,0
0,5890011,(F7)가디언밸런스어빌 LV011,1,11,7001,1000,7021,100000,7231,149,7221,149,7341,149,7331,149,0,0,0,0,0,0
0,5890012,(F7)가디언밸런스어빌 LV012,1,12,7001,1000,7021,100000,7231,156,7221,156,7341,156,7331,156,0,0,0,0,0,0
0,5890013,(F7)가디언밸런스어빌 LV013,1,13,7001,1000,7021,100000,7231,181,7221,181,7341,181,7331,181,0,0,0,0,0,0
0,5890014,(F7)가디언밸런스어빌 LV014,1,14,7001,1000,7021,100000,7231,189,7221,189,7341,189,7331,189,0,0,0,0,0,0
0,5890015,(F7)가디언밸런스어빌 LV015,1,15,7001,1000,7021,100000,7231,263,7221,263,7341,263,7331,263,0,0,0,0,0,0
0,5890016,(F7)가디언밸런스어빌 LV016,1,16,7001,1000,7021,100000,7231,269,7221,269,7341,269,7331,269,0,0,0,0,0,0
0,5890017,(F7)가디언밸런스어빌 LV017,1,17,7001,1000,7021,100000,7231,305,7221,305,7341,305,7331,305,0,0,0,0,0,0
0,5890018,(F7)가디언밸런스어빌 LV018,1,18,7001,1000,7021,100000,7231,313,7221,313,7341,313,7331,313,0,0,0,0,0,0
0,5890019,(F7)가디언밸런스어빌 LV019,1,19,7001,1000,7021,100000,7231,319,7221,319,7341,319,7331,319,0,0,0,0,0,0
0,5890020,(F7)가디언밸런스어빌 LV020,1,20,7001,1000,7021,100000,7231,430,7221,430,7341,430,7331,430,0,0,0,0,0,0
0,5890021,(F7)가디언밸런스어빌 LV021,1,21,7001,1000,7021,100000,7231,478,7221,478,7341,478,7331,478,0,0,0,0,0,0
0,5890022,(F7)가디언밸런스어빌 LV022,1,22,7001,1000,7021,100000,7231,483,7221,483,7341,483,7331,483,0,0,0,0,0,0
0,5890023,(F7)가디언밸런스어빌 LV023,1,23,7001,1000,7021,100000,7231,491,7221,491,7341,491,7331,491,0,0,0,0,0,0
0,5890024,(F7)가디언밸런스어빌 LV024,1,24,7001,1000,7021,100000,7231,497,7221,497,7341,497,7331,497,0,0,0,0,0,0
0,5890025,(F7)가디언밸런스어빌 LV025,1,25,7001,1000,7021,100000,7231,685,7221,685,7341,685,7331,685,0,0,0,0,0,0
0,5890026,(F7)가디언밸런스어빌 LV026,1,26,7001,1000,7021,100000,7231,692,7221,692,7341,692,7331,692,0,0,0,0,0,0
0,5890027,(F7)가디언밸런스어빌 LV027,1,27,7001,1000,7021,100000,7231,698,7221,698,7341,698,7331,698,0,0,0,0,0,0
0,5890028,(F7)가디언밸런스어빌 LV028,1,28,7001,1000,7021,100000,7231,702,7221,702,7341,702,7331,702,0,0,0,0,0,0
0,5890029,(F7)가디언밸런스어빌 LV029,1,29,7001,1000,7021,100000,7231,762,7221,762,7341,762,7331,762,0,0,0,0,0,0
0,5890030,(F7)가디언밸런스어빌 LV030,1,30,7001,1000,7021,100000,7231,947,7221,947,7341,947,7331,947,0,0,0,0,0,0
0,5890031,(F7)가디언밸런스어빌 LV031,1,31,7001,1000,7021,100000,7231,950,7221,950,7341,950,7331,950,0,0,0,0,0,0
0,5890032,(F7)가디언밸런스어빌 LV032,1,32,7001,1000,7021,100000,7231,954,7221,954,7341,954,7331,954,0,0,0,0,0,0
0,5890033,(F7)가디언밸런스어빌 LV033,1,33,7001,1000,7021,100000,7231,1027,7221,1027,7341,1027,7331,1027,0,0,0,0,0,0
0,5890034,(F7)가디언밸런스어빌 LV034,1,34,7001,1000,7021,100000,7231,1028,7221,1028,7341,1028,7331,1028,0,0,0,0,0,0
0,5890035,(F7)가디언밸런스어빌 LV035,1,35,7001,1000,7021,100000,7231,1248,7221,1248,7341,1248,7331,1248,0,0,0,0,0,0
0,5890036,(F7)가디언밸런스어빌 LV036,1,36,7001,1000,7021,100000,7231,1251,7221,1251,7341,1251,7331,1251,0,0,0,0,0,0
0,5890037,(F7)가디언밸런스어빌 LV037,1,37,7001,1000,7021,100000,7231,1334,7221,1334,7341,1334,7331,1334,0,0,0,0,0,0
0,5890038,(F7)가디언밸런스어빌 LV038,1,38,7001,1000,7021,100000,7231,1335,7221,1335,7341,1335,7331,1335,0,0,0,0,0,0
0,5890039,(F7)가디언밸런스어빌 LV039,1,39,7001,1000,7021,100000,7231,1336,7221,1336,7341,1336,7331,1336,0,0,0,0,0,0
0,5890040,(F7)가디언밸런스어빌 LV040,1,40,7001,1000,7021,100000,7231,1596,7221,1596,7341,1596,7331,1596,0,0,0,0,0,0
0,5890041,(F7)가디언밸런스어빌 LV041,1,41,7001,1000,7021,100000,7231,1695,7221,1695,7341,1695,7331,1695,0,0,0,0,0,0
0,5890042,(F7)가디언밸런스어빌 LV042,1,42,7001,1000,7021,100000,7231,1693,7221,1693,7341,1693,7331,1693,0,0,0,0,0,0
0,5890043,(F7)가디언밸런스어빌 LV043,1,43,7001,1000,7021,100000,7231,1688,7221,1688,7341,1688,7331,1688,0,0,0,0,0,0
0,5890044,(F7)가디언밸런스어빌 LV044,1,44,7001,1000,7021,100000,7231,1684,7221,1684,7341,1684,7331,1684,0,0,0,0,0,0
0,5890045,(F7)가디언밸런스어빌 LV045,1,45,7001,1000,7021,100000,7231,2104,7221,2104,7341,2104,7331,2104,0,0,0,0,0,0
0,5890046,(F7)가디언밸런스어빌 LV046,1,46,7001,1000,7021,100000,7231,2096,7221,2096,7341,2096,7331,2096,0,0,0,0,0,0
0,5890047,(F7)가디언밸런스어빌 LV047,1,47,7001,1000,7021,100000,7231,2088,7221,2088,7341,2088,7331,2088,0,0,0,0,0,0
0,5890048,(F7)가디언밸런스어빌 LV048,1,48,7001,1000,7021,100000,7231,2080,7221,2080,7341,2080,7331,2080,0,0,0,0,0,0
0,5890049,(F7)가디언밸런스어빌 LV049,1,49,7001,1000,7021,100000,7231,2184,7221,2184,7341,2184,7331,2184,0,0,0,0,0,0
0,5890050,(F7)가디언밸런스어빌 LV050,1,50,7001,1000,7021,100000,7231,2548,7221,2548,7341,2548,7331,2548,0,0,0,0,0,0
0,5890051,(F7)가디언밸런스어빌 LV051,1,51,7001,1000,7021,100000,7231,2541,7221,2541,7341,2541,7331,2541,0,0,0,0,0,0
0,5890052,(F7)가디언밸런스어빌 LV052,1,52,7001,1000,7021,100000,7231,2529,7221,2529,7341,2529,7331,2529,0,0,0,0,0,0
0,5890053,(F7)가디언밸런스어빌 LV053,1,53,7001,1000,7021,100000,7231,2677,7221,2677,7341,2677,7331,2677,0,0,0,0,0,0
0,5890054,(F7)가디언밸런스어빌 LV054,1,54,7001,1000,7021,100000,7231,2734,7221,2734,7341,2734,7331,2734,0,0,0,0,0,0
0,5890055,(F7)가디언밸런스어빌 LV055,1,55,7001,1000,7021,100000,7231,3817,7221,3817,7341,3817,7331,3817,0,0,0,0,0,0
0,5890056,(F7)가디언밸런스어빌 LV056,1,56,7001,1000,7021,100000,7231,3993,7221,3993,7341,3993,7331,3993,0,0,0,0,0,0
0,5890057,(F7)가디언밸런스어빌 LV057,1,57,7001,1000,7021,100000,7231,4400,7221,4400,7341,4400,7331,4400,0,0,0,0,0,0
0,5890058,(F7)가디언밸런스어빌 LV058,1,58,7001,1000,7021,100000,7231,4624,7221,4624,7341,4624,7331,4624,0,0,0,0,0,0
0,5890059,(F7)가디언밸런스어빌 LV059,1,59,7001,1000,7021,100000,7231,4873,7221,4873,7341,4873,7331,4873,0,0,0,0,0,0
0,5890060,(F7)가디언밸런스어빌 LV060,1,60,7001,1000,7021,100000,7231,5158,7221,5158,7341,5158,7331,5158,0,0,0,0,0,0
0,5890061,(F7)가디언밸런스어빌 LV061,1,61,7001,1000,7021,100000,7231,5743,7221,5743,7341,5743,7331,5743,0,0,0,0,0,0
0,5890062,(F7)가디언밸런스어빌 LV062,1,62,7001,1000,7021,100000,7231,6125,7221,6125,7341,6125,7331,6125,0,0,0,0,0,0
0,5890063,(F7)가디언밸런스어빌 LV063,1,63,7001,1000,7021,100000,7231,6512,7221,6512,7341,6512,7331,6512,0,0,0,0,0,0
0,5890064,(F7)가디언밸런스어빌 LV064,1,64,7001,1000,7021,100000,7231,7005,7221,7005,7341,7005,7331,7005,0,0,0,0,0,0
0,5890065,(F7)가디언밸런스어빌 LV065,1,65,7001,1000,7021,100000,7231,7877,7221,7877,7341,7877,7331,7877,0,0,0,0,0,0
0,5890066,(F7)가디언밸런스어빌 LV066,1,66,7001,1000,7021,100000,7231,8518,7221,8518,7341,8518,7331,8518,0,0,0,0,0,0
0,5890067,(F7)가디언밸런스어빌 LV067,1,67,7001,1000,7021,100000,7231,9026,7221,9026,7341,9026,7331,9026,0,0,0,0,0,0
0,5890068,(F7)가디언밸런스어빌 LV068,1,68,7001,1000,7021,100000,7231,9533,7221,9533,7341,9533,7331,9533,0,0,0,0,0,0
0,5890069,(F7)가디언밸런스어빌 LV069,1,69,7001,1000,7021,100000,7231,10378,7221,10378,7341,10378,7331,10378,0,0,0,0,0,0
0,5890070,(F7)가디언밸런스어빌 LV070,1,70,7001,1000,7021,100000,7231,10921,7221,10921,7341,10921,7331,10921,0,0,0,0,0,0
0,5890071,(F7)가디언밸런스어빌 LV071,1,71,7001,1000,7021,100000,7231,12053,7221,12053,7341,12053,7331,12053,0,0,0,0,0,0
0,5890072,(F7)가디언밸런스어빌 LV072,1,72,7001,1000,7021,100000,7231,12825,7221,12825,7341,12825,7331,12825,0,0,0,0,0,0
0,5890073,(F7)가디언밸런스어빌 LV073,1,73,7001,1000,7021,100000,7231,13592,7221,13592,7341,13592,7331,13592,0,0,0,0,0,0
0,5890074,(F7)가디언밸런스어빌 LV074,1,74,7001,1000,7021,100000,7231,14433,7221,14433,7341,14433,7331,14433,0,0,0,0,0,0
0,5890075,(F7)가디언밸런스어빌 LV075,1,75,7001,1000,7021,100000,7231,16120,7221,16120,7341,16120,7331,16120,0,0,0,0,0,0
0,5890076,(F7)가디언밸런스어빌 LV076,1,76,7001,1000,7021,100000,7231,17233,7221,17233,7341,17233,7331,17233,0,0,0,0,0,0
0,5890077,(F7)가디언밸런스어빌 LV077,1,77,7001,1000,7021,100000,7231,18474,7221,18474,7341,18474,7331,18474,0,0,0,0,0,0
0,5890078,(F7)가디언밸런스어빌 LV078,1,78,7001,1000,7021,100000,7231,19899,7221,19899,7341,19899,7331,19899,0,0,0,0,0,0
0,5890079,(F7)가디언밸런스어빌 LV079,1,79,7001,1000,7021,100000,7231,22465,7221,22465,7341,22465,7331,22465,0,0,0,0,0,0
0,5890080,(F7)가디언밸런스어빌 LV080,1,80,7001,1000,7021,100000,7231,25155,7221,25155,7341,25155,7331,25155,0,0,0,0,0,0
0,5890081,(F7)가디언밸런스어빌 LV081,1,81,7001,1000,7021,100000,7231,25687,7221,25687,7341,25687,7331,25687,0,0,0,0,0,0
0,5890082,(F7)가디언밸런스어빌 LV082,1,82,7001,1000,7021,100000,7231,26239,7221,26239,7341,26239,7331,26239,0,0,0,0,0,0
0,5890083,(F7)가디언밸런스어빌 LV083,1,83,7001,1000,7021,100000,7231,26771,7221,26771,7341,26771,7331,26771,0,0,0,0,0,0
0,5890084,(F7)가디언밸런스어빌 LV084,1,84,7001,1000,7021,100000,7231,27323,7221,27323,7341,27323,7331,27323,0,0,0,0,0,0
0,5890085,(F7)가디언밸런스어빌 LV085,1,85,7001,1000,7021,100000,7231,27875,7221,27875,7341,27875,7331,27875,0,0,0,0,0,0
0,5890086,(F7)가디언밸런스어빌 LV086,1,86,7001,1000,7021,100000,7231,28427,7221,28427,7341,28427,7331,28427,0,0,0,0,0,0
0,5890087,(F7)가디언밸런스어빌 LV087,1,87,7001,1000,7021,100000,7231,29000,7221,29000,7341,29000,7331,29000,0,0,0,0,0,0
0,5890088,(F7)가디언밸런스어빌 LV088,1,88,7001,1000,7021,100000,7231,29572,7221,29572,7341,29572,7331,29572,0,0,0,0,0,0
0,5890089,(F7)가디언밸런스어빌 LV089,1,89,7001,1000,7021,100000,7231,30145,7221,30145,7341,30145,7331,30145,0,0,0,0,0,0
0,5890090,(F7)가디언밸런스어빌 LV090,1,90,7001,1000,7021,100000,7231,30718,7221,30718,7341,30718,7331,30718,0,0,0,0,0,0
0,5890091,(F7)가디언밸런스어빌 LV091,1,91,7001,1000,7021,100000,7231,31311,7221,31311,7341,31311,7331,31311,0,0,0,0,0,0
0,5890092,(F7)가디언밸런스어빌 LV092,1,92,7001,1000,7021,100000,7231,31904,7221,31904,7341,31904,7331,31904,0,0,0,0,0,0
0,5890093,(F7)가디언밸런스어빌 LV093,1,93,7001,1000,7021,100000,7231,32497,7221,32497,7341,32497,7331,32497,0,0,0,0,0,0
0,5890094,(F7)가디언밸런스어빌 LV094,1,94,7001,1000,7021,100000,7231,33111,7221,33111,7341,33111,7331,33111,0,0,0,0,0,0
0,5890095,(F7)가디언밸런스어빌 LV095,1,95,7001,1000,7021,100000,7231,33704,7221,33704,7341,33704,7331,33704,0,0,0,0,0,0
0,5890096,(F7)가디언밸런스어빌 LV096,1,96,7001,1000,7021,100000,7231,34317,7221,34317,7341,34317,7331,34317,0,0,0,0,0,0
0,5890097,(F7)가디언밸런스어빌 LV097,1,97,7001,1000,7021,100000,7231,34951,7221,34951,7341,34951,7331,34951,0,0,0,0,0,0
0,5890098,(F7)가디언밸런스어빌 LV098,1,98,7001,1000,7021,100000,7231,35565,7221,35565,7341,35565,7331,35565,0,0,0,0,0,0
0,5890099,(F7)가디언밸런스어빌 LV099,1,99,7001,1000,7021,100000,7231,36199,7221,36199,7341,36199,7331,36199,0,0,0,0,0,0
0,5890100,(F7)가디언밸런스어빌 LV100,1,100,7001,1000,7021,100000,7231,36833,7221,36833,7341,36833,7331,36833,0,0,0,0,0,0
0,6089108,카오스붐버능력치1,3053,0,4007,1,507,8,3031,1000,3032,3000,3034,3,3039,101,3043,101,0,0,206,10000
0,6089109,카오스붐버능력치2,7081,0,3003,3000,3004,3000,3051,0,2042,0,2020,0,3007,0,0,0,0,0,3182,1
0,6089110,카오스붐버능력치3,7222,20000,7232,20000,7332,20000,7342,20000,7092,20000,7102,20000,0,0,4204,1,50003,1,3071,1
0,6089111,카오스붐버 스킬,3008,2,3010,6089103,3020,30,3133,-65536,0,0,0,0,0,0,0,0,0,0,0,0
0,7282601,플릭스 어빌 1,3008,2,3010,7282600,3020,300,0,0,0,0,0,0,0,0,0,0,0,0,7001,300000
0,7282602,플릭스 어빌 2,3039,512,3136,1,0,0,0,0,0,0,3733,200,3734,300,575,300000001,0,0,7111,10000
0,7282603,플릭스 어빌 3,3092,7500,6400,16000,6401,3000,4204,0,3003,200,3004,200,0,0,0,0,0,0,7092,5000
0,7282604,플릭스 어빌 4,3407,0,3182,3567,7081,200,3034,1,0,0,0,0,0,0,0,0,0,0,2151,1
0,7282605,플릭스 어빌 5,507,17,3730,20,3731,80,3732,900,0,0,6015,0,0,0,3051,5000,6010,7,3050,9000
0,7282701,헤라클레스 1 스킬,3008,2,3010,7282700,3020,300,3011,7282710,3021,300,3012,7282720,3022,300,0,0,0,0,7001,300000
0,7282702,공격형 어빌 2,3407,0,3182,3567,7081,150,3034,1,0,0,0,0,0,0,0,0,0,0,2151,1
0,7282705,공격형 어빌 1,507,22,3730,100,3731,125,3732,400,0,0,6015,0,0,0,3051,5000,6010,7,3050,3000
0,7282801,페르세우스 1 스킬,3008,2,3010,7282800,3020,300,3011,7282810,3021,300,3012,7282820,3022,300,0,0,0,0,7001,300000
0,7908400,엘가 사념체 외형 0,3053,1,3045,8000,3034,2,3054,350,259,72,3007,6000,7081,90,5001,66050200,0,0,0,0
0,7908410,엘가 사념체 AI 0,507,12,3003,200,3004,200,3051,12000,3031,2000,3032,6000,520,700,0,0,0,0,0,0
0,7908420,엘가 사념체 스킬1 0,206,8000,3039,10,2042,0,3008,2,3010,7282407,3020,100,3011,7903300,3021,10,0,0,0,0
0,9980150,별자리 NTT 파이어볼,3730,1,3010,9980150,3020,150,507,23,3008,2,3003,330,7312,10000,545,150,2020,4000,7331,0
0,9980151,별자리 NTT 가방임시,3041,0,3042,0,3056,90000,3081,1,3082,2,3210,199803080,3083,30,3084,50,3085,150,0,0
0,9980152,별자리 NTT 어빌,3730,1,3731,1,3732,1,1011,1,0,0,0,0,0,0,0,0,0,0,0,0
0,9980250,별자리 NTT 얼음길,3730,1,3010,9980160,3020,150,507,23,3008,2,3003,330,7312,10000,545,150,2020,4000,7331,0
0,9980251,별자리 NTT 얼음길,3730,1,3010,9980170,3020,150,507,23,3008,2,3003,330,7312,10000,545,150,2020,4000,7331,0
0,10100610,(0)밸런스3정예LV0061 1 전투 (기본),1,61,7311,11700,7001,671044,7021,131200,7091,1592,7101,1592,7221,1306,7231,874,7331,1049,7341,1049
0,10100611,(0)밸런스3정예LV0061 2 전투+돈,7131,3600,122,0,3040,0,522,2,7351,0,7361,0,534,9000,565,37,513,39,3033,132288
