NationCodeStr,index,EquipPos,PlusLevel,Memo,SuccessRate,SuccessRateBonus,NeedMoney,RareGroupNo,RareGroupSuccessRate,NeedItemNo01,NeedItemCount01,NeedItemNo02,NeedItemCount02,NeedItemNo03,NeedItemCount03
0,1,8,1,어깨갑옷 +1,95000,0,50,5,2,79000020,1,79000110,1,98000040,1
0,2,8,2,어깨갑옷 +2,95000,0,100,5,2,79000020,2,79000110,1,98000040,1
0,3,8,3,어깨갑옷 +3,95000,0,200,5,2,79000020,3,79000110,1,98000040,1
0,4,8,4,어깨갑옷 +4,50000,0,300,5,2,79000020,4,79000110,1,98000040,1
0,5,8,5,어깨갑옷 +5,40000,0,500,5,2,79000020,5,79000110,1,98000040,1
0,6,8,6,어깨갑옷 +6,30000,0,800,5,2,79000020,6,79000110,1,98000040,1
0,7,8,7,어깨갑옷 +7,25000,0,1300,5,2,79000020,7,79000110,1,98000040,1
0,8,8,8,어깨갑옷 +8,20000,0,2000,5,2,79000020,8,79000120,1,98000040,1
0,9,8,9,어깨갑옷 +9,18000,0,4000,5,2,79000020,9,79000120,1,98000040,1
0,10,8,10,어깨갑옷 +10,16000,0,9000,5,2,79000020,10,79000120,1,98000040,1
0,11,8,11,어깨갑옷 +11,14000,0,15000,5,2,79000020,11,79000130,1,98000040,1
0,12,8,12,어깨갑옷 +12,12000,0,30000,5,2,79000020,12,79000130,1,98000040,1
0,13,8,13,어깨갑옷 +13,10000,0,60000,5,2,79000020,13,79000130,1,98000040,1
0,14,8,14,어깨갑옷 +14,5000,0,100000,5,2,79000020,14,79000130,1,98000040,1
0,15,8,15,어깨갑옷 +15,4000,0,150000,5,2,79000020,15,79000130,1,98000040,1
0,16,8,16,어깨갑옷 +16,3500,0,250000,5,2,79000020,16,79000140,1,98002220,1
0,17,8,17,어깨갑옷 +17,3200,0,350000,5,2,79000020,17,79000140,1,98002220,1
0,18,8,18,어깨갑옷 +18,3000,0,500000,5,2,79000020,18,79000140,1,98002220,1
0,19,8,19,어깨갑옷 +19,2800,0,750000,5,2,79000020,19,79000140,1,98002220,1
0,20,8,20,어깨갑옷 +20,2600,0,1100000,5,2,79000020,20,79000140,1,98002220,1
0,21,8,21,어깨갑옷 +21,320,0,1500000,5,2,79000020,21,79000150,1,98002220,1
0,22,8,22,어깨갑옷 +22,300,0,2000000,5,2,79000020,22,79000150,1,98002220,1
0,23,8,23,어깨갑옷 +23,280,0,2500000,5,2,79000020,23,79000150,1,98002220,1
0,24,8,24,어깨갑옷 +24,260,0,3000000,5,2,79000020,24,79000150,1,98002220,1
0,25,8,25,어깨갑옷 +25,240,0,3500000,5,2,79000020,25,79000150,1,98002220,1
0,26,8,26,어깨갑옷 +26,220,0,4000000,5,2,79000020,26,79000150,1,98002220,1
0,27,8,27,어깨갑옷 +27,200,0,4500000,5,2,79000020,27,79000150,1,98002220,1
0,28,8,28,어깨갑옷 +28,180,0,5000000,5,2,79000020,28,79000150,1,98002220,1
0,29,8,29,어깨갑옷 +29,160,0,5500000,5,2,79000020,29,79000150,1,98002220,1
0,30,8,30,어깨갑옷 +30,140,0,6000000,5,2,79000020,30,79000150,1,98002220,1
0,31,8,31,어깨갑옷 +31,100,0,7000000,5,2,79000020,31,79000150,1,98002220,1
0,32,16,1,백팩 +1,95000,0,50,9,2,79000020,1,79000110,1,98000040,1
0,33,16,2,백팩 +2,95000,0,100,9,2,79000020,2,79000110,1,98000040,1
0,34,16,3,백팩 +3,95000,0,200,9,2,79000020,3,79000110,1,98000040,1
0,35,16,4,백팩 +4,50000,0,300,9,2,79000020,4,79000110,1,98000040,1
0,36,16,5,백팩 +5,40000,0,500,9,2,79000020,5,79000110,1,98000040,1
0,37,16,6,백팩 +6,30000,0,800,9,2,79000020,6,79000110,1,98000040,1
0,38,16,7,백팩 +7,25000,0,1300,9,2,79000020,7,79000110,1,98000040,1
0,39,16,8,백팩 +8,20000,0,2000,9,2,79000020,8,79000120,1,98000040,1
0,40,16,9,백팩 +9,18000,0,4000,9,2,79000020,9,79000120,1,98000040,1
0,41,16,10,백팩 +10,16000,0,9000,9,2,79000020,10,79000120,1,98000040,1
0,42,16,11,백팩 +11,14000,0,15000,9,2,79000020,11,79000130,1,98000040,1
0,43,16,12,백팩 +12,12000,0,30000,9,2,79000020,12,79000130,1,98000040,1
0,44,16,13,백팩 +13,10000,0,60000,9,2,79000020,13,79000130,1,98000040,1
0,45,16,14,백팩 +14,5000,0,100000,9,2,79000020,14,79000130,1,98000040,1
0,46,16,15,백팩 +15,3500,0,150000,9,2,79000020,15,79000130,1,98000040,1
0,47,16,16,백팩 +16,2000,0,250000,9,2,79000020,16,79000140,1,98002220,1
0,48,16,17,백팩 +17,900,0,350000,9,2,79000020,17,79000140,1,98002220,1
0,49,16,18,백팩 +18,800,0,500000,9,2,79000020,18,79000140,1,98002220,1
0,50,16,19,백팩 +19,750,0,750000,9,2,79000020,19,79000140,1,98002220,1
0,51,16,20,백팩 +20,700,0,1100000,9,2,79000020,20,79000140,1,98002220,1
0,52,16,21,백팩 +21,320,0,1500000,9,2,79000020,21,79000150,1,98002220,1
0,53,16,22,백팩 +22,300,0,2000000,9,2,79000020,22,79000150,1,98002220,1
0,54,16,23,백팩 +23,280,0,2500000,9,2,79000020,23,79000150,1,98002220,1
0,55,16,24,백팩 +24,260,0,3000000,9,2,79000020,24,79000150,1,98002220,1
0,56,16,25,백팩 +25,240,0,3500000,9,2,79000020,25,79000150,1,98002220,1
0,57,16,26,백팩 +26,220,0,4000000,9,2,79000020,26,79000150,1,98002220,1
0,58,16,27,백팩 +27,200,0,4500000,9,2,79000020,27,79000150,1,98002220,1
0,59,16,28,백팩 +28,180,0,5000000,9,2,79000020,28,79000150,1,98002220,1
0,60,16,29,백팩 +29,160,0,5500000,9,2,79000020,29,79000150,1,98002220,1
0,61,16,30,백팩 +30,140,0,6000000,9,2,79000020,30,79000150,1,98002220,1
0,62,16,31,백팩 +31,100,0,7000000,9,2,79000020,31,79000150,1,98002220,1
0,63,32,1,액세서리(안경) +1,95000,0,50,9,2,79000020,1,79000110,1,98000040,1
0,64,32,2,액세서리(안경) +2,95000,0,100,9,2,79000020,2,79000110,1,98000040,1
0,65,32,3,액세서리(안경) +3,95000,0,200,9,2,79000020,3,79000110,1,98000040,1
0,66,32,4,액세서리(안경) +4,50000,0,300,9,2,79000020,4,79000110,1,98000040,1
0,67,32,5,액세서리(안경) +5,40000,0,500,9,2,79000020,5,79000110,1,98000040,1
0,68,32,6,액세서리(안경) +6,30000,0,800,9,2,79000020,6,79000110,1,98000040,1
0,69,32,7,액세서리(안경) +7,25000,0,1300,9,2,79000020,7,79000110,1,98000040,1
0,70,32,8,액세서리(안경) +8,20000,0,2000,9,2,79000020,8,79000120,1,98000040,1
0,71,32,9,액세서리(안경) +9,18000,0,4000,9,2,79000020,9,79000120,1,98000040,1
0,72,32,10,액세서리(안경) +10,16000,0,9000,9,2,79000020,10,79000120,1,98000040,1
0,73,32,11,액세서리(안경) +11,14000,0,15000,9,2,79000020,11,79000130,1,98000040,1
0,74,32,12,액세서리(안경) +12,12000,0,30000,9,2,79000020,12,79000130,1,98000040,1
0,75,32,13,액세서리(안경) +13,10000,0,60000,9,2,79000020,13,79000130,1,98000040,1
0,76,32,14,액세서리(안경) +14,5000,0,100000,9,2,79000020,14,79000130,1,98000040,1
0,77,32,15,액세서리(안경) +15,3500,0,150000,9,2,79000020,15,79000130,1,98000040,1
0,78,32,16,액세서리(안경) +16,2000,0,250000,9,2,79000020,16,79000140,1,98002220,1
0,79,32,17,액세서리(안경) +17,900,0,350000,9,2,79000020,17,79000140,1,98002220,1
0,80,32,18,액세서리(안경) +18,800,0,500000,9,2,79000020,18,79000140,1,98002220,1
0,81,32,19,액세서리(안경) +19,750,0,750000,9,2,79000020,19,79000140,1,98002220,1
0,82,32,20,액세서리(안경) +20,700,0,1100000,9,2,79000020,20,79000140,1,98002220,1
0,83,32,21,액세서리(안경) +21,320,0,1500000,9,2,79000020,21,79000150,1,98002220,1
0,84,32,22,액세서리(안경) +22,300,0,2000000,9,2,79000020,22,79000150,1,98002220,1
0,85,32,23,액세서리(안경) +23,280,0,2500000,9,2,79000020,23,79000150,1,98002220,1
0,86,32,24,액세서리(안경) +24,260,0,3000000,9,2,79000020,24,79000150,1,98002220,1
0,87,32,25,액세서리(안경) +25,240,0,3500000,9,2,79000020,25,79000150,1,98002220,1
0,88,32,26,액세서리(안경) +26,220,0,4000000,9,2,79000020,26,79000150,1,98002220,1
0,89,32,27,액세서리(안경) +27,200,0,4500000,9,2,79000020,27,79000150,1,98002220,1
0,90,32,28,액세서리(안경) +28,180,0,5000000,9,2,79000020,28,79000150,1,98002220,1
0,91,32,29,액세서리(안경) +29,160,0,5500000,9,2,79000020,29,79000150,1,98002220,1
0,92,32,30,액세서리(안경) +30,140,0,6000000,9,2,79000020,30,79000150,1,98002220,1
0,93,32,31,액세서리(안경) +31,100,0,7000000,9,2,79000020,31,79000150,1,98002220,1
0,94,64,1,무기 +1,95000,0,50,1,1,79000010,1,79000110,1,98000040,1
0,95,64,2,무기 +2,95000,0,100,1,1,79000010,2,79000110,1,98000040,1
0,96,64,3,무기 +3,95000,0,200,1,1,79000010,3,79000110,1,98000040,1
0,97,64,4,무기 +4,50000,0,400,1,1,79000010,4,79000110,1,98000040,1
0,98,64,5,무기 +5,40000,0,800,1,1,79000010,5,79000110,1,98000040,1
0,99,64,6,무기 +6,30000,0,1500,1,1,79000010,6,79000110,1,98000040,1
0,100,64,7,무기 +7,25000,0,3000,1,1,79000010,7,79000110,1,98000040,1
0,101,64,8,무기 +8,20000,0,6000,1,1,79000010,8,79000120,1,98000040,1
0,102,64,9,무기 +9,18000,0,10000,1,1,79000010,9,79000120,1,98000040,1
0,103,64,10,무기 +10,16000,0,20000,1,1,79000010,10,79000120,1,98000040,1
0,104,64,11,무기 +11,14000,0,40000,1,1,79000010,11,79000130,1,98000040,1
0,105,64,12,무기 +12,12000,0,80000,1,1,79000010,12,79000130,1,98000040,1
0,106,64,13,무기 +13,10000,0,130000,1,1,79000010,13,79000130,1,98000040,1
0,107,64,14,무기 +14,5000,0,200000,1,1,79000010,14,79000130,1,98000040,1
0,108,64,15,무기 +15,3500,0,350000,1,1,79000010,15,79000130,1,98000040,1
0,109,64,16,무기 +16,2000,0,500000,1,1,79000010,17,79000140,1,98002220,1
0,110,64,17,무기 +17,900,0,700000,1,1,79000010,20,79000140,1,98002220,1
0,111,64,18,무기 +18,800,0,1000000,1,1,79000010,24,79000140,1,98002220,1
0,112,64,19,무기 +19,750,0,1500000,1,1,79000010,29,79000140,1,98002220,1
0,113,64,20,무기 +20,700,0,2200000,1,1,79000010,35,79000140,1,98002220,1
0,114,64,21,무기 +21,320,0,3000000,1,1,79000010,42,79000150,1,98002220,1
0,115,64,22,무기 +22,300,0,4000000,1,1,79000010,50,79000150,1,98002220,1
0,116,64,23,무기 +23,280,0,5000000,1,1,79000010,59,79000150,1,98002220,1
0,117,64,24,무기 +24,260,0,6000000,1,1,79000010,69,79000150,1,98002220,1
0,118,64,25,무기 +25,240,0,7000000,1,1,79000010,70,79000150,1,98002220,1
0,119,64,26,무기 +26,220,0,8000000,1,1,79000010,82,79000150,1,98002220,1
0,120,64,27,무기 +27,200,0,9000000,1,1,79000010,95,79000150,1,98002220,1
0,121,64,28,무기 +28,180,0,10000000,1,1,79000010,109,79000150,1,98002220,1
0,122,64,29,무기 +29,160,0,11500000,1,1,79000010,125,79000150,1,98002220,1
0,123,64,30,무기 +30,140,0,13000000,1,1,79000010,150,79000150,1,98002220,1
0,124,64,31,무기 +31,100,0,15000000,1,1,79000010,200,79000150,1,98002220,1
0,125,128,1,방패 +1,95000,0,50,8,2,79000020,1,79000110,1,98000040,1
0,126,128,2,방패 +2,95000,0,100,8,2,79000020,2,79000110,1,98000040,1
0,127,128,3,방패 +3,95000,0,200,8,2,79000020,3,79000110,1,98000040,1
0,128,128,4,방패 +4,50000,0,300,8,2,79000020,4,79000110,1,98000040,1
0,129,128,5,방패 +5,40000,0,500,8,2,79000020,5,79000110,1,98000040,1
0,130,128,6,방패 +6,30000,0,800,8,2,79000020,6,79000110,1,98000040,1
0,131,128,7,방패 +7,25000,0,1300,8,2,79000020,7,79000110,1,98000040,1
0,132,128,8,방패 +8,20000,0,2000,8,2,79000020,8,79000120,1,98000040,1
0,133,128,9,방패 +9,18000,0,4000,8,2,79000020,9,79000120,1,98000040,1
0,134,128,10,방패 +10,16000,0,9000,8,2,79000020,10,79000120,1,98000040,1
0,135,128,11,방패 +11,14000,0,15000,8,2,79000020,11,79000130,1,98000040,1
0,136,128,12,방패 +12,12000,0,30000,8,2,79000020,12,79000130,1,98000040,1
0,137,128,13,방패 +13,10000,0,60000,8,2,79000020,13,79000130,1,98000040,1
0,138,128,14,방패 +14,5000,0,100000,8,2,79000020,14,79000130,1,98000040,1
0,139,128,15,방패 +15,3500,0,150000,8,2,79000020,15,79000130,1,98000040,1
0,140,128,16,방패 +16,2000,0,250000,8,2,79000020,16,79000140,1,98002220,1
0,141,128,17,방패 +17,900,0,350000,8,2,79000020,17,79000140,1,98002220,1
0,142,128,18,방패 +18,800,0,500000,8,2,79000020,18,79000140,1,98002220,1
0,143,128,19,방패 +19,750,0,750000,8,2,79000020,19,79000140,1,98002220,1
0,144,128,20,방패 +20,700,0,1100000,8,2,79000020,20,79000140,1,98002220,1
0,145,128,21,방패 +21,320,0,1500000,8,2,79000020,21,79000150,1,98002220,1
0,146,128,22,방패 +22,300,0,2000000,8,2,79000020,22,79000150,1,98002220,1
0,147,128,23,방패 +23,280,0,2500000,8,2,79000020,23,79000150,1,98002220,1
0,148,128,24,방패 +24,260,0,3000000,8,2,79000020,24,79000150,1,98002220,1
0,149,128,25,방패 +25,240,0,3500000,8,2,79000020,25,79000150,1,98002220,1
0,150,128,26,방패 +26,220,0,4000000,8,2,79000020,26,79000150,1,98002220,1
0,151,128,27,방패 +27,200,0,4500000,8,2,79000020,27,79000150,1,98002220,1
0,152,128,28,방패 +28,180,0,5000000,8,2,79000020,28,79000150,1,98002220,1
0,153,128,29,방패 +29,160,0,5500000,8,2,79000020,29,79000150,1,98002220,1
0,154,128,30,방패 +30,140,0,6000000,8,2,79000020,30,79000150,1,98002220,1
0,155,128,31,방패 +31,100,0,7000000,8,2,79000020,31,79000150,1,98002220,1
0,156,1792,1,악세서리 +1,95000,0,50,10,2,79000020,1,79000110,1,98000040,1
0,157,1792,2,악세서리 +2,95000,0,100,10,2,79000020,2,79000110,1,98000040,1
0,158,1792,3,악세서리 +3,95000,0,200,10,2,79000020,3,79000110,1,98000040,1
0,159,1792,4,악세서리 +4,50000,0,300,10,2,79000020,4,79000110,1,98000040,1
0,160,1792,5,악세서리 +5,40000,0,500,10,2,79000020,5,79000110,1,98000040,1
0,161,1792,6,악세서리 +6,30000,0,800,10,2,79000020,6,79000110,1,98000040,1
0,162,1792,7,악세서리 +7,25000,0,1300,10,2,79000020,7,79000110,1,98000040,1
0,163,1792,8,악세서리 +8,20000,0,2000,10,2,79000020,8,79000120,1,98000040,1
0,164,1792,9,악세서리 +9,18000,0,4000,10,2,79000020,9,79000120,1,98000040,1
0,165,1792,10,악세서리 +10,16000,0,9000,10,2,79000020,10,79000120,1,98000040,1
0,166,1792,11,악세서리 +11,14000,0,15000,10,2,79000020,11,79000130,1,98000040,1
0,167,1792,12,악세서리 +12,12000,0,30000,10,2,79000020,12,79000130,1,98000040,1
0,168,1792,13,악세서리 +13,10000,0,60000,10,2,79000020,13,79000130,1,98000040,1
0,169,1792,14,악세서리 +14,5000,0,100000,10,2,79000020,14,79000130,1,98000040,1
0,170,1792,15,악세서리 +15,3500,0,150000,10,2,79000020,15,79000130,1,98000040,1
0,171,1792,16,악세서리 +16,2000,0,250000,10,2,79000020,16,79000140,1,98002220,1
0,172,1792,17,악세서리 +17,900,0,350000,10,2,79000020,17,79000140,1,98002220,1
0,173,1792,18,악세서리 +18,800,0,500000,10,2,79000020,18,79000140,1,98002220,1
0,174,1792,19,악세서리 +19,750,0,750000,10,2,79000020,19,79000140,1,98002220,1
0,175,1792,20,악세서리 +20,700,0,1100000,10,2,79000020,20,79000140,1,98002220,1
0,176,1792,21,악세서리 +21,320,0,1500000,10,2,79000020,21,79000150,1,98002220,1
0,177,1792,22,악세서리 +22,300,0,2000000,10,2,79000020,22,79000150,1,98002220,1
0,178,1792,23,악세서리 +23,280,0,2500000,10,2,79000020,23,79000150,1,98002220,1
0,179,1792,24,악세서리 +24,260,0,3000000,10,2,79000020,24,79000150,1,98002220,1
0,180,1792,25,악세서리 +25,240,0,3500000,10,2,79000020,25,79000150,1,98002220,1
0,181,1792,26,악세서리 +26,220,0,4000000,10,2,79000020,26,79000150,1,98002220,1
0,182,1792,27,악세서리 +27,200,0,4500000,10,2,79000020,27,79000150,1,98002220,1
0,183,1792,28,악세서리 +28,180,0,5000000,10,2,79000020,28,79000150,1,98002220,1
0,184,1792,29,악세서리 +29,160,0,5500000,10,2,79000020,29,79000150,1,98002220,1
0,185,1792,30,악세서리 +30,140,0,6000000,10,2,79000020,30,79000150,1,98002220,1
0,186,1792,31,악세서리 +31,100,0,7000000,10,2,79000020,31,79000150,1,98002220,1
0,187,2048,1,벨트 +1,95000,0,50,11,2,79000020,1,79000110,1,98000040,1
0,188,2048,2,벨트 +2,95000,0,100,11,2,79000020,2,79000110,1,98000040,1
0,189,2048,3,벨트 +3,95000,0,200,11,2,79000020,3,79000110,1,98000040,1
0,190,2048,4,벨트 +4,50000,0,300,11,2,79000020,4,79000110,1,98000040,1
0,191,2048,5,벨트 +5,40000,0,500,11,2,79000020,5,79000110,1,98000040,1
0,192,2048,6,벨트 +6,30000,0,800,11,2,79000020,6,79000110,1,98000040,1
0,193,2048,7,벨트 +7,25000,0,1300,11,2,79000020,7,79000110,1,98000040,1
0,194,2048,8,벨트 +8,20000,0,2000,11,2,79000020,8,79000120,1,98000040,1
0,195,2048,9,벨트 +9,18000,0,4000,11,2,79000020,9,79000120,1,98000040,1
0,196,2048,10,벨트 +10,16000,0,9000,11,2,79000020,10,79000120,1,98000040,1
0,197,2048,11,벨트 +11,14000,0,15000,11,2,79000020,11,79000130,1,98000040,1
0,198,2048,12,벨트 +12,12000,0,30000,11,2,79000020,12,79000130,1,98000040,1
0,199,2048,13,벨트 +13,10000,0,60000,11,2,79000020,13,79000130,1,98000040,1
0,200,2048,14,벨트 +14,5000,0,100000,11,2,79000020,14,79000130,1,98000040,1
0,201,2048,15,벨트 +15,3500,0,150000,11,2,79000020,15,79000130,1,98000040,1
0,202,2048,16,벨트 +16,2000,0,250000,11,2,79000020,16,79000140,1,98002220,1
0,203,2048,17,벨트 +17,900,0,350000,11,2,79000020,17,79000140,1,98002220,1
0,204,2048,18,벨트 +18,800,0,500000,11,2,79000020,18,79000140,1,98002220,1
0,205,2048,19,벨트 +19,750,0,750000,11,2,79000020,19,79000140,1,98002220,1
0,206,2048,20,벨트 +20,700,0,1100000,11,2,79000020,20,79000140,1,98002220,1
0,207,2048,21,벨트 +21,320,0,1500000,11,2,79000020,21,79000150,1,98002220,1
0,208,2048,22,벨트 +22,300,0,2000000,11,2,79000020,22,79000150,1,98002220,1
0,209,2048,23,벨트 +23,280,0,2500000,11,2,79000020,23,79000150,1,98002220,1
0,210,2048,24,벨트 +24,260,0,3000000,11,2,79000020,24,79000150,1,98002220,1
0,211,2048,25,벨트 +25,240,0,3500000,11,2,79000020,25,79000150,1,98002220,1
0,212,2048,26,벨트 +26,220,0,4000000,11,2,79000020,26,79000150,1,98002220,1
0,213,2048,27,벨트 +27,200,0,4500000,11,2,79000020,27,79000150,1,98002220,1
0,214,2048,28,벨트 +28,180,0,5000000,11,2,79000020,28,79000150,1,98002220,1
0,215,2048,29,벨트 +29,160,0,5500000,11,2,79000020,29,79000150,1,98002220,1
0,216,2048,30,벨트 +30,140,0,6000000,11,2,79000020,30,79000150,1,98002220,1
0,217,2048,31,벨트 +31,100,0,7000000,11,2,79000020,31,79000150,1,98002220,1
0,218,8192,1,풍선 +1,95000,0,50,9,2,79000020,1,79000110,1,98000040,1
0,219,8192,2,풍선 +2,95000,0,100,9,2,79000020,2,79000110,1,98000040,1
0,220,8192,3,풍선 +3,95000,0,200,9,2,79000020,3,79000110,1,98000040,1
0,221,8192,4,풍선 +4,50000,0,300,9,2,79000020,4,79000110,1,98000040,1
0,222,8192,5,풍선 +5,40000,0,500,9,2,79000020,5,79000110,1,98000040,1
0,223,8192,6,풍선 +6,30000,0,800,9,2,79000020,6,79000110,1,98000040,1
0,224,8192,7,풍선 +7,25000,0,1300,9,2,79000020,7,79000110,1,98000040,1
0,225,8192,8,풍선 +8,20000,0,2000,9,2,79000020,8,79000120,1,98000040,1
0,226,8192,9,풍선 +9,18000,0,4000,9,2,79000020,9,79000120,1,98000040,1
0,227,8192,10,풍선 +10,16000,0,9000,9,2,79000020,10,79000120,1,98000040,1
0,228,8192,11,풍선 +11,14000,0,15000,9,2,79000020,11,79000130,1,98000040,1
0,229,8192,12,풍선 +12,12000,0,30000,9,2,79000020,12,79000130,1,98000040,1
0,230,8192,13,풍선 +13,10000,0,60000,9,2,79000020,13,79000130,1,98000040,1
0,231,8192,14,풍선 +14,5000,0,100000,9,2,79000020,14,79000130,1,98000040,1
0,232,8192,15,풍선 +15,3500,0,150000,9,2,79000020,15,79000130,1,98000040,1
0,233,8192,16,풍선 +16,2000,0,250000,9,2,79000020,16,79000140,1,98002220,1
0,234,8192,17,풍선 +17,900,0,350000,9,2,79000020,17,79000140,1,98002220,1
0,235,8192,18,풍선 +18,800,0,500000,9,2,79000020,18,79000140,1,98002220,1
0,236,8192,19,풍선 +19,750,0,750000,9,2,79000020,19,79000140,1,98002220,1
0,237,8192,20,풍선 +20,700,0,1100000,9,2,79000020,20,79000140,1,98002220,1
0,238,8192,21,풍선 +21,320,0,1500000,9,2,79000020,21,79000150,1,98002220,1
0,239,8192,22,풍선 +22,300,0,2000000,9,2,79000020,22,79000150,1,98002220,1
0,240,8192,23,풍선 +23,280,0,2500000,9,2,79000020,23,79000150,1,98002220,1
0,241,8192,24,풍선 +24,260,0,3000000,9,2,79000020,24,79000150,1,98002220,1
0,242,8192,25,풍선 +25,240,0,3500000,9,2,79000020,25,79000150,1,98002220,1
0,243,8192,26,풍선 +26,220,0,4000000,9,2,79000020,26,79000150,1,98002220,1
0,244,8192,27,풍선 +27,200,0,4500000,9,2,79000020,27,79000150,1,98002220,1
0,245,8192,28,풍선 +28,180,0,5000000,9,2,79000020,28,79000150,1,98002220,1
0,246,8192,29,풍선 +29,160,0,5500000,9,2,79000020,29,79000150,1,98002220,1
0,247,8192,30,풍선 +30,140,0,6000000,9,2,79000020,30,79000150,1,98002220,1
0,248,8192,31,풍선 +31,100,0,7000000,9,2,79000020,31,79000150,1,98002220,1
0,249,1048576,1,투구 +1,95000,0,50,2,2,79000020,1,79000110,1,98000040,1
0,250,1048576,2,투구 +2,95000,0,100,2,2,79000020,2,79000110,1,98000040,1
0,251,1048576,3,투구 +3,95000,0,200,2,2,79000020,3,79000110,1,98000040,1
0,252,1048576,4,투구 +4,50000,0,300,2,2,79000020,4,79000110,1,98000040,1
0,253,1048576,5,투구 +5,40000,0,500,2,2,79000020,5,79000110,1,98000040,1
0,254,1048576,6,투구 +6,30000,0,800,2,2,79000020,6,79000110,1,98000040,1
0,255,1048576,7,투구 +7,25000,0,1300,2,2,79000020,7,79000110,1,98000040,1
0,256,1048576,8,투구 +8,20000,0,2000,2,2,79000020,8,79000120,1,98000040,1
0,257,1048576,9,투구 +9,18000,0,4000,2,2,79000020,9,79000120,1,98000040,1
0,258,1048576,10,투구 +10,16000,0,9000,2,2,79000020,10,79000120,1,98000040,1
0,259,1048576,11,투구 +11,14000,0,15000,2,2,79000020,11,79000130,1,98000040,1
0,260,1048576,12,투구 +12,12000,0,30000,2,2,79000020,12,79000130,1,98000040,1
0,261,1048576,13,투구 +13,10000,0,60000,2,2,79000020,13,79000130,1,98000040,1
0,262,1048576,14,투구 +14,5000,0,100000,2,2,79000020,14,79000130,1,98000040,1
0,263,1048576,15,투구 +15,3500,0,150000,2,2,79000020,15,79000130,1,98000040,1
0,264,1048576,16,투구 +16,2000,0,250000,2,2,79000020,16,79000140,1,98002220,1
0,265,1048576,17,투구 +17,900,0,350000,2,2,79000020,17,79000140,1,98002220,1
0,266,1048576,18,투구 +18,800,0,500000,2,2,79000020,18,79000140,1,98002220,1
0,267,1048576,19,투구 +19,750,0,750000,2,2,79000020,19,79000140,1,98002220,1
0,268,1048576,20,투구 +20,700,0,1100000,2,2,79000020,20,79000140,1,98002220,1
0,269,1048576,21,투구 +21,320,0,1500000,2,2,79000020,21,79000150,1,98002220,1
0,270,1048576,22,투구 +22,300,0,2000000,2,2,79000020,22,79000150,1,98002220,1
0,271,1048576,23,투구 +23,280,0,2500000,2,2,79000020,23,79000150,1,98002220,1
0,272,1048576,24,투구 +24,260,0,3000000,2,2,79000020,24,79000150,1,98002220,1
0,273,1048576,25,투구 +25,240,0,3500000,2,2,79000020,25,79000150,1,98002220,1
0,274,1048576,26,투구 +26,220,0,4000000,2,2,79000020,26,79000150,1,98002220,1
0,275,1048576,27,투구 +27,200,0,4500000,2,2,79000020,27,79000150,1,98002220,1
0,276,1048576,28,투구 +28,180,0,5000000,2,2,79000020,28,79000150,1,98002220,1
0,277,1048576,29,투구 +29,160,0,5500000,2,2,79000020,29,79000150,1,98002220,1
0,278,1048576,30,투구 +30,140,0,6000000,2,2,79000020,30,79000150,1,98002220,1
0,279,1048576,31,투구 +31,100,0,7000000,2,2,79000020,31,79000150,1,98002220,1
0,280,2097152,1,갑옷 +1,95000,0,50,3,2,79000020,1,79000110,1,98000040,1
0,281,2097152,2,갑옷 +2,95000,0,100,3,2,79000020,2,79000110,1,98000040,1
0,282,2097152,3,갑옷 +3,95000,0,200,3,2,79000020,3,79000110,1,98000040,1
0,283,2097152,4,갑옷 +4,50000,0,300,3,2,79000020,4,79000110,1,98000040,1
0,284,2097152,5,갑옷 +5,40000,0,500,3,2,79000020,5,79000110,1,98000040,1
0,285,2097152,6,갑옷 +6,30000,0,800,3,2,79000020,6,79000110,1,98000040,1
0,286,2097152,7,갑옷 +7,25000,0,1300,3,2,79000020,7,79000110,1,98000040,1
0,287,2097152,8,갑옷 +8,20000,0,2000,3,2,79000020,8,79000120,1,98000040,1
0,288,2097152,9,갑옷 +9,18000,0,4000,3,2,79000020,9,79000120,1,98000040,1
0,289,2097152,10,갑옷 +10,16000,0,9000,3,2,79000020,10,79000120,1,98000040,1
0,290,2097152,11,갑옷 +11,14000,0,15000,3,2,79000020,11,79000130,1,98000040,1
0,291,2097152,12,갑옷 +12,12000,0,30000,3,2,79000020,12,79000130,1,98000040,1
0,292,2097152,13,갑옷 +13,10000,0,60000,3,2,79000020,13,79000130,1,98000040,1
0,293,2097152,14,갑옷 +14,5000,0,100000,3,2,79000020,14,79000130,1,98000040,1
0,294,2097152,15,갑옷 +15,3500,0,150000,3,2,79000020,15,79000130,1,98000040,1
0,295,2097152,16,갑옷 +16,2000,0,250000,3,2,79000020,16,79000140,1,98002220,1
0,296,2097152,17,갑옷 +17,900,0,350000,3,2,79000020,17,79000140,1,98002220,1
0,297,2097152,18,갑옷 +18,800,0,500000,3,2,79000020,18,79000140,1,98002220,1
0,298,2097152,19,갑옷 +19,750,0,750000,3,2,79000020,19,79000140,1,98002220,1
0,299,2097152,20,갑옷 +20,700,0,1100000,3,2,79000020,20,79000140,1,98002220,1
0,300,2097152,21,갑옷 +21,320,0,1500000,3,2,79000020,21,79000150,1,98002220,1
0,301,2097152,22,갑옷 +22,300,0,2000000,3,2,79000020,22,79000150,1,98002220,1
0,302,2097152,23,갑옷 +23,280,0,2500000,3,2,79000020,23,79000150,1,98002220,1
0,303,2097152,24,갑옷 +24,260,0,3000000,3,2,79000020,24,79000150,1,98002220,1
0,304,2097152,25,갑옷 +25,240,0,3500000,3,2,79000020,25,79000150,1,98002220,1
0,305,2097152,26,갑옷 +26,220,0,4000000,3,2,79000020,26,79000150,1,98002220,1
0,306,2097152,27,갑옷 +27,200,0,4500000,3,2,79000020,27,79000150,1,98002220,1
0,307,2097152,28,갑옷 +28,180,0,5000000,3,2,79000020,28,79000150,1,98002220,1
0,308,2097152,29,갑옷 +29,160,0,5500000,3,2,79000020,29,79000150,1,98002220,1
0,309,2097152,30,갑옷 +30,140,0,6000000,3,2,79000020,30,79000150,1,98002220,1
0,310,2097152,31,갑옷 +31,100,0,7000000,3,2,79000020,31,79000150,1,98002220,1
0,311,4194304,1,하의 +1,95000,0,50,4,2,79000020,1,79000110,1,98000040,1
0,312,4194304,2,하의 +2,95000,0,100,4,2,79000020,2,79000110,1,98000040,1
0,313,4194304,3,하의 +3,95000,0,200,4,2,79000020,3,79000110,1,98000040,1
0,314,4194304,4,하의 +4,50000,0,300,4,2,79000020,4,79000110,1,98000040,1
0,315,4194304,5,하의 +5,40000,0,500,4,2,79000020,5,79000110,1,98000040,1
0,316,4194304,6,하의 +6,30000,0,800,4,2,79000020,6,79000110,1,98000040,1
0,317,4194304,7,하의 +7,25000,0,1300,4,2,79000020,7,79000110,1,98000040,1
0,318,4194304,8,하의 +8,20000,0,2000,4,2,79000020,8,79000120,1,98000040,1
0,319,4194304,9,하의 +9,18000,0,4000,4,2,79000020,9,79000120,1,98000040,1
0,320,4194304,10,하의 +10,16000,0,9000,4,2,79000020,10,79000120,1,98000040,1
0,321,4194304,11,하의 +11,14000,0,15000,4,2,79000020,11,79000130,1,98000040,1
0,322,4194304,12,하의 +12,12000,0,30000,4,2,79000020,12,79000130,1,98000040,1
0,323,4194304,13,하의 +13,10000,0,60000,4,2,79000020,13,79000130,1,98000040,1
0,324,4194304,14,하의 +14,5000,0,100000,4,2,79000020,14,79000130,1,98000040,1
0,325,4194304,15,하의 +15,3500,0,150000,4,2,79000020,15,79000130,1,98000040,1
0,326,4194304,16,하의 +16,2000,0,250000,4,2,79000020,16,79000140,1,98002220,1
0,327,4194304,17,하의 +17,900,0,350000,4,2,79000020,17,79000140,1,98002220,1
0,328,4194304,18,하의 +18,800,0,500000,4,2,79000020,18,79000140,1,98002220,1
0,329,4194304,19,하의 +19,750,0,750000,4,2,79000020,19,79000140,1,98002220,1
0,330,4194304,20,하의 +20,700,0,1100000,4,2,79000020,20,79000140,1,98002220,1
0,331,4194304,21,하의 +21,320,0,1500000,4,2,79000020,21,79000150,1,98002220,1
0,332,4194304,22,하의 +22,300,0,2000000,4,2,79000020,22,79000150,1,98002220,1
0,333,4194304,23,하의 +23,280,0,2500000,4,2,79000020,23,79000150,1,98002220,1
0,334,4194304,24,하의 +24,260,0,3000000,4,2,79000020,24,79000150,1,98002220,1
0,335,4194304,25,하의 +25,240,0,3500000,4,2,79000020,25,79000150,1,98002220,1
0,336,4194304,26,하의 +26,220,0,4000000,4,2,79000020,26,79000150,1,98002220,1
0,337,4194304,27,하의 +27,200,0,4500000,4,2,79000020,27,79000150,1,98002220,1
0,338,4194304,28,하의 +28,180,0,5000000,4,2,79000020,28,79000150,1,98002220,1
0,339,4194304,29,하의 +29,160,0,5500000,4,2,79000020,29,79000150,1,98002220,1
0,340,4194304,30,하의 +30,140,0,6000000,4,2,79000020,30,79000150,1,98002220,1
0,341,4194304,31,하의 +31,100,0,7000000,4,2,79000020,31,79000150,1,98002220,1
0,342,8388608,1,신발 +1,95000,0,50,7,2,79000020,1,79000110,1,98000040,1
0,343,8388608,2,신발 +2,95000,0,100,7,2,79000020,2,79000110,1,98000040,1
0,344,8388608,3,신발 +3,95000,0,200,7,2,79000020,3,79000110,1,98000040,1
0,345,8388608,4,신발 +4,50000,0,300,7,2,79000020,4,79000110,1,98000040,1
0,346,8388608,5,신발 +5,40000,0,500,7,2,79000020,5,79000110,1,98000040,1
0,347,8388608,6,신발 +6,30000,0,800,7,2,79000020,6,79000110,1,98000040,1
0,348,8388608,7,신발 +7,25000,0,1300,7,2,79000020,7,79000110,1,98000040,1
0,349,8388608,8,신발 +8,20000,0,2000,7,2,79000020,8,79000120,1,98000040,1
0,350,8388608,9,신발 +9,18000,0,4000,7,2,79000020,9,79000120,1,98000040,1
0,351,8388608,10,신발 +10,16000,0,9000,7,2,79000020,10,79000120,1,98000040,1
0,352,8388608,11,신발 +11,14000,0,15000,7,2,79000020,11,79000130,1,98000040,1
0,353,8388608,12,신발 +12,12000,0,30000,7,2,79000020,12,79000130,1,98000040,1
0,354,8388608,13,신발 +13,10000,0,60000,7,2,79000020,13,79000130,1,98000040,1
0,355,8388608,14,신발 +14,5000,0,100000,7,2,79000020,14,79000130,1,98000040,1
0,356,8388608,15,신발 +15,3500,0,150000,7,2,79000020,15,79000130,1,98000040,1
0,357,8388608,16,신발 +16,2000,0,250000,7,2,79000020,16,79000140,1,98002220,1
0,358,8388608,17,신발 +17,900,0,350000,7,2,79000020,17,79000140,1,98002220,1
0,359,8388608,18,신발 +18,800,0,500000,7,2,79000020,18,79000140,1,98002220,1
0,360,8388608,19,신발 +19,750,0,750000,7,2,79000020,19,79000140,1,98002220,1
0,361,8388608,20,신발 +20,700,0,1100000,7,2,79000020,20,79000140,1,98002220,1
0,362,8388608,21,신발 +21,320,0,1500000,7,2,79000020,21,79000150,1,98002220,1
0,363,8388608,22,신발 +22,300,0,2000000,7,2,79000020,22,79000150,1,98002220,1
0,364,8388608,23,신발 +23,280,0,2500000,7,2,79000020,23,79000150,1,98002220,1
0,365,8388608,24,신발 +24,260,0,3000000,7,2,79000020,24,79000150,1,98002220,1
0,366,8388608,25,신발 +25,240,0,3500000,7,2,79000020,25,79000150,1,98002220,1
0,367,8388608,26,신발 +26,220,0,4000000,7,2,79000020,26,79000150,1,98002220,1
0,368,8388608,27,신발 +27,200,0,4500000,7,2,79000020,27,79000150,1,98002220,1
0,369,8388608,28,신발 +28,180,0,5000000,7,2,79000020,28,79000150,1,98002220,1
0,370,8388608,29,신발 +29,160,0,5500000,7,2,79000020,29,79000150,1,98002220,1
0,371,8388608,30,신발 +30,140,0,6000000,7,2,79000020,30,79000150,1,98002220,1
0,372,8388608,31,신발 +31,100,0,7000000,7,2,79000020,31,79000150,1,98002220,1
0,373,16777216,1,장갑 +1,95000,0,50,6,2,79000020,1,79000110,1,98000040,1
0,374,16777216,2,장갑 +2,95000,0,100,6,2,79000020,2,79000110,1,98000040,1
0,375,16777216,3,장갑 +3,95000,0,200,6,2,79000020,3,79000110,1,98000040,1
0,376,16777216,4,장갑 +4,50000,0,300,6,2,79000020,4,79000110,1,98000040,1
0,377,16777216,5,장갑 +5,40000,0,500,6,2,79000020,5,79000110,1,98000040,1
0,378,16777216,6,장갑 +6,30000,0,800,6,2,79000020,6,79000110,1,98000040,1
0,379,16777216,7,장갑 +7,25000,0,1300,6,2,79000020,7,79000110,1,98000040,1
0,380,16777216,8,장갑 +8,20000,0,2000,6,2,79000020,8,79000120,1,98000040,1
0,381,16777216,9,장갑 +9,18000,0,4000,6,2,79000020,9,79000120,1,98000040,1
0,382,16777216,10,장갑 +10,16000,0,9000,6,2,79000020,10,79000120,1,98000040,1
0,383,16777216,11,장갑 +11,14000,0,15000,6,2,79000020,11,79000130,1,98000040,1
0,384,16777216,12,장갑 +12,12000,0,30000,6,2,79000020,12,79000130,1,98000040,1
0,385,16777216,13,장갑 +13,10000,0,60000,6,2,79000020,13,79000130,1,98000040,1
0,386,16777216,14,장갑 +14,5000,0,100000,6,2,79000020,14,79000130,1,98000040,1
0,387,16777216,15,장갑 +15,3500,0,150000,6,2,79000020,15,79000130,1,98000040,1
0,388,16777216,16,장갑 +16,2000,0,250000,6,2,79000020,16,79000140,1,98002220,1
0,389,16777216,17,장갑 +17,900,0,350000,6,2,79000020,17,79000140,1,98002220,1
0,390,16777216,18,장갑 +18,800,0,500000,6,2,79000020,18,79000140,1,98002220,1
0,391,16777216,19,장갑 +19,750,0,750000,6,2,79000020,19,79000140,1,98002220,1
0,392,16777216,20,장갑 +20,700,0,1100000,6,2,79000020,20,79000140,1,98002220,1
0,393,16777216,21,장갑 +21,320,0,1500000,6,2,79000020,21,79000150,1,98002220,1
0,394,16777216,22,장갑 +22,300,0,2000000,6,2,79000020,22,79000150,1,98002220,1
0,395,16777216,23,장갑 +23,280,0,2500000,6,2,79000020,23,79000150,1,98002220,1
0,396,16777216,24,장갑 +24,260,0,3000000,6,2,79000020,24,79000150,1,98002220,1
0,397,16777216,25,장갑 +25,240,0,3500000,6,2,79000020,25,79000150,1,98002220,1
0,398,16777216,26,장갑 +26,220,0,4000000,6,2,79000020,26,79000150,1,98002220,1
0,399,16777216,27,장갑 +27,200,0,4500000,6,2,79000020,27,79000150,1,98002220,1
0,400,16777216,28,장갑 +28,180,0,5000000,6,2,79000020,28,79000150,1,98002220,1
0,401,16777216,29,장갑 +29,160,0,5500000,6,2,79000020,29,79000150,1,98002220,1
0,402,16777216,30,장갑 +30,140,0,6000000,6,2,79000020,30,79000150,1,98002220,1
0,403,16777216,31,장갑 +31,100,0,7000000,6,2,79000020,31,79000150,1,98002220,1
0,404,134217728,1,킥볼 +1,95000,0,50,8,2,79000020,1,79000110,1,98000040,1
0,405,134217728,2,킥볼 +2,95000,0,100,8,2,79000020,2,79000110,1,98000040,1
0,406,134217728,3,킥볼 +3,95000,0,200,8,2,79000020,3,79000110,1,98000040,1
0,407,134217728,4,킥볼 +4,50000,0,300,8,2,79000020,4,79000110,1,98000040,1
0,408,134217728,5,킥볼 +5,40000,0,500,8,2,79000020,5,79000110,1,98000040,1
0,409,134217728,6,킥볼 +6,30000,0,800,8,2,79000020,6,79000110,1,98000040,1
0,410,134217728,7,킥볼 +7,25000,0,1300,8,2,79000020,7,79000110,1,98000040,1
0,411,134217728,8,킥볼 +8,20000,0,2000,8,2,79000020,8,79000120,1,98000040,1
0,412,134217728,9,킥볼 +9,18000,0,4000,8,2,79000020,9,79000120,1,98000040,1
0,413,134217728,10,킥볼 +10,16000,0,9000,8,2,79000020,10,79000120,1,98000040,1
0,414,134217728,11,킥볼 +11,14000,0,15000,8,2,79000020,11,79000130,1,98000040,1
0,415,134217728,12,킥볼 +12,12000,0,30000,8,2,79000020,12,79000130,1,98000040,1
0,416,134217728,13,킥볼 +13,10000,0,60000,8,2,79000020,13,79000130,1,98000040,1
0,417,134217728,14,킥볼 +14,5000,0,100000,8,2,79000020,14,79000130,1,98000040,1
0,418,134217728,15,킥볼 +15,3500,0,150000,8,2,79000020,15,79000130,1,98000040,1
0,419,134217728,16,킥볼 +16,2000,0,250000,8,2,79000020,16,79000140,1,98002220,1
0,420,134217728,17,킥볼 +17,900,0,350000,8,2,79000020,17,79000140,1,98002220,1
0,421,134217728,18,킥볼 +18,800,0,500000,8,2,79000020,18,79000140,1,98002220,1
0,422,134217728,19,킥볼 +19,750,0,750000,8,2,79000020,19,79000140,1,98002220,1
0,423,134217728,20,킥볼 +20,700,0,1100000,8,2,79000020,20,79000140,1,98002220,1
0,424,134217728,21,킥볼 +21,320,0,1500000,8,2,79000020,21,79000150,1,98002220,1
0,425,134217728,22,킥볼 +22,300,0,2000000,8,2,79000020,22,79000150,1,98002220,1
0,426,134217728,23,킥볼 +23,280,0,2500000,8,2,79000020,23,79000150,1,98002220,1
0,427,134217728,24,킥볼 +24,260,0,3000000,8,2,79000020,24,79000150,1,98002220,1
0,428,134217728,25,킥볼 +25,240,0,3500000,8,2,79000020,25,79000150,1,98002220,1
0,429,134217728,26,킥볼 +26,220,0,4000000,8,2,79000020,26,79000150,1,98002220,1
0,430,134217728,27,킥볼 +27,200,0,4500000,8,2,79000020,27,79000150,1,98002220,1
0,431,134217728,28,킥볼 +28,180,0,5000000,8,2,79000020,28,79000150,1,98002220,1
0,432,134217728,29,킥볼 +29,160,0,5500000,8,2,79000020,29,79000150,1,98002220,1
0,433,134217728,30,킥볼 +30,140,0,6000000,8,2,79000020,30,79000150,1,98002220,1
0,434,134217728,31,킥볼 +31,100,0,7000000,8,2,79000020,31,79000150,1,98002220,1
