NationCodeStr,f_No,f_Type,f_Memo,f_TotalProbability,f_01ResultNo,f_01Count,f_01Probability,f_02ResultNo,f_02Count,f_02Probability,f_03ResultNo,f_03Count,f_03Probability,f_04ResultNo,f_04Count,f_04Probability,f_05ResultNo,f_05Count,f_05Probability,f_06ResultNo,f_06Count,f_06Probability,f_07ResultNo,f_07Count,f_07Probability,f_08ResultNo,f_08Count,f_08Probability,f_09ResultNo,f_09Count,f_09Probability,f_10ResultNo,f_10Count,f_10Probability,f_01Need_SaveIdx
0,100000,1,[목재] 붉은 나무 (일반),10000,0,1,5000,83111110,1,1126,89006270,1,1126,0,0,0,0,0,0,83112120,1,1406,83112130,1,794,83112140,1,407,83112150,1,119,83112160,1,22,1
0,100001,1,[목재] 붉은 나무 (일반)-보조,10000,0,1,2734,83111110,1,2259,89006270,1,2259,0,0,0,0,0,0,83112120,1,1406,83112130,1,794,83112140,1,407,83112150,1,119,83112160,1,22,1
0,100100,1,[목재] 초록 나무 (일반),10000,0,1,5000,83111110,1,1126,89006270,1,1126,0,0,0,0,0,0,83113120,1,1406,83113130,1,794,83113140,1,407,83113150,1,119,83113160,1,22,2
0,100101,1,[목재] 초록 나무 (일반)-보조,10000,0,1,2734,83111110,1,2259,89006270,1,2259,0,0,0,0,0,0,83113120,1,1406,83113130,1,794,83113140,1,407,83113150,1,119,83113160,1,22,2
0,100200,1,[목재] 회백 나무 (일반),10000,0,1,5000,83111110,1,1126,89006270,1,1126,0,0,0,0,0,0,83114120,1,1406,83114130,1,794,83114140,1,407,83114150,1,119,83114160,1,22,3
0,100201,1,[목재] 회백 나무 (일반)-보조,10000,0,1,2734,83111110,1,2259,89006270,1,2259,0,0,0,0,0,0,83114120,1,1406,83114130,1,794,83114140,1,407,83114150,1,119,83114160,1,22,3
0,100300,1,[목재] 갈색 나무 (일반),10000,0,1,5000,83111110,1,1126,89006270,1,1126,0,0,0,0,0,0,83115120,1,1406,83115130,1,794,83115140,1,407,83115150,1,119,83115160,1,22,4
0,100301,1,[목재] 갈색 나무 (일반)-보조,10000,0,1,2734,83111110,1,2259,89006270,1,2259,0,0,0,0,0,0,83115120,1,1406,83115130,1,794,83115140,1,407,83115150,1,119,83115160,1,22,4
0,100400,1,[목재] 자색 나무 (일반),10000,0,1,5000,83111110,1,1126,89006270,1,1126,0,0,0,0,0,0,83116120,1,1406,83116130,1,794,83116140,1,407,83116150,1,119,83116160,1,22,5
0,100401,1,[목재] 자색 나무 (일반)-보조,10000,0,1,2734,83111110,1,2259,89006270,1,2259,0,0,0,0,0,0,83116120,1,1406,83116130,1,794,83116140,1,407,83116150,1,119,83116160,1,22,5
0,110000,1,[목재] 붉은 나무 (SPOT),10000,0,1,2735,83111110,1,1150,89006270,1,1150,0,0,0,0,0,0,83112120,1,1994,83112130,1,1488,83112140,1,949,83112150,1,452,83112160,1,82,1
0,110001,1,[목재] 붉은 나무 (SPOT)-보조,10000,0,1,1139,83111110,1,1948,89006270,1,1948,0,0,0,0,0,0,83112120,1,1994,83112130,1,1488,83112140,1,949,83112150,1,452,83112160,1,82,1
0,110100,1,[목재] 초록 나무 (SPOT),10000,0,1,2735,83111110,1,1150,89006270,1,1150,0,0,0,0,0,0,83113120,1,1994,83113130,1,1488,83113140,1,949,83113150,1,452,83113160,1,82,2
0,110101,1,[목재] 초록 나무 (SPOT)-보조,10000,0,1,1139,83111110,1,1948,89006270,1,1948,0,0,0,0,0,0,83113120,1,1994,83113130,1,1488,83113140,1,949,83113150,1,452,83113160,1,82,2
0,110200,1,[목재] 회백 나무 (SPOT),10000,0,1,2735,83111110,1,1150,89006270,1,1150,0,0,0,0,0,0,83114120,1,1994,83114130,1,1488,83114140,1,949,83114150,1,452,83114160,1,82,3
0,110201,1,[목재] 회백 나무 (SPOT)-보조,10000,0,1,1139,83111110,1,1948,89006270,1,1948,0,0,0,0,0,0,83114120,1,1994,83114130,1,1488,83114140,1,949,83114150,1,452,83114160,1,82,3
0,110300,1,[목재] 갈색 나무 (SPOT),10000,0,1,2735,83111110,1,1150,89006270,1,1150,0,0,0,0,0,0,83115120,1,1994,83115130,1,1488,83115140,1,949,83115150,1,452,83115160,1,82,4
0,110301,1,[목재] 갈색 나무 (SPOT)-보조,10000,0,1,1139,83111110,1,1948,89006270,1,1948,0,0,0,0,0,0,83115120,1,1994,83115130,1,1488,83115140,1,949,83115150,1,452,83115160,1,82,4
0,110400,1,[목재] 자색 나무 (SPOT),10000,0,1,2735,83111110,1,1150,89006270,1,1150,0,0,0,0,0,0,83116120,1,1994,83116130,1,1488,83116140,1,949,83116150,1,452,83116160,1,82,5
0,110401,1,[목재] 자색 나무 (SPOT)-보조,10000,0,1,1139,83111110,1,1948,89006270,1,1948,0,0,0,0,0,0,83116120,1,1994,83116130,1,1488,83116140,1,949,83116150,1,452,83116160,1,82,5
0,200000,1,[금속] 동광석 (일반),10000,0,1,5000,83211110,1,1126,89006280,1,1126,0,0,0,0,0,0,83212120,1,1406,83212130,1,794,83212140,1,407,83212150,1,119,83212160,1,22,101
0,200001,1,[금속] 동광석 (일반)-보조,10000,0,1,2734,83211110,1,2259,89006280,1,2259,0,0,0,0,0,0,83212120,1,1406,83212130,1,794,83212140,1,407,83212150,1,119,83212160,1,22,101
0,200100,1,[금속] 철광석 (일반),10000,0,1,5000,83211110,1,1126,89006280,1,1126,0,0,0,0,0,0,83213120,1,1406,83213130,1,794,83213140,1,407,83213150,1,119,83213160,1,22,102
0,200101,1,[금속] 철광석 (일반)-보조,10000,0,1,2734,83211110,1,2259,89006280,1,2259,0,0,0,0,0,0,83213120,1,1406,83213130,1,794,83213140,1,407,83213150,1,119,83213160,1,22,102
0,200200,1,[금속] 은광석 (일반),10000,0,1,5000,83211110,1,1126,89006280,1,1126,0,0,0,0,0,0,83214120,1,1406,83214130,1,794,83214140,1,407,83214150,1,119,83214160,1,22,103
0,200201,1,[금속] 은광석 (일반)-보조,10000,0,1,2734,83211110,1,2259,89006280,1,2259,0,0,0,0,0,0,83214120,1,1406,83214130,1,794,83214140,1,407,83214150,1,119,83214160,1,22,103
0,200300,1,[금속] 금광석 (일반),10000,0,1,5000,83211110,1,1126,89006280,1,1126,0,0,0,0,0,0,83215120,1,1406,83215130,1,794,83215140,1,407,83215150,1,119,83215160,1,22,104
0,200301,1,[금속] 금광석 (일반)-보조,10000,0,1,2734,83211110,1,2259,89006280,1,2259,0,0,0,0,0,0,83215120,1,1406,83215130,1,794,83215140,1,407,83215150,1,119,83215160,1,22,104
0,200400,1,[금속] 백금광석 (일반),10000,0,1,5000,83211110,1,1126,89006280,1,1126,0,0,0,0,0,0,83216120,1,1406,83216130,1,794,83216140,1,407,83216150,1,119,83216160,1,22,105
0,200401,1,[금속] 백금광석 (일반)-보조,10000,0,1,2734,83211110,1,2259,89006280,1,2259,0,0,0,0,0,0,83216120,1,1406,83216130,1,794,83216140,1,407,83216150,1,119,83216160,1,22,105
0,210000,1,[금속] 동광석 (SPOT),10000,0,1,2735,83211110,1,1150,89006280,1,1150,0,0,0,0,0,0,83212120,1,1994,83212130,1,1488,83212140,1,949,83212150,1,452,83212160,1,82,101
0,210001,1,[금속] 동광석 (SPOT)-보조,10000,0,1,1139,83211110,1,1948,89006280,1,1948,0,0,0,0,0,0,83212120,1,1994,83212130,1,1488,83212140,1,949,83212150,1,452,83212160,1,82,101
0,210100,1,[금속] 철광석 (SPOT),10000,0,1,2735,83211110,1,1150,89006280,1,1150,0,0,0,0,0,0,83213120,1,1994,83213130,1,1488,83213140,1,949,83213150,1,452,83213160,1,82,102
0,210101,1,[금속] 철광석 (SPOT)-보조,10000,0,1,1139,83211110,1,1948,89006280,1,1948,0,0,0,0,0,0,83213120,1,1994,83213130,1,1488,83213140,1,949,83213150,1,452,83213160,1,82,102
0,210200,1,[금속] 은광석 (SPOT),10000,0,1,2735,83211110,1,1150,89006280,1,1150,0,0,0,0,0,0,83214120,1,1994,83214130,1,1488,83214140,1,949,83214150,1,452,83214160,1,82,103
0,210201,1,[금속] 은광석 (SPOT)-보조,10000,0,1,1139,83211110,1,1948,89006280,1,1948,0,0,0,0,0,0,83214120,1,1994,83214130,1,1488,83214140,1,949,83214150,1,452,83214160,1,82,103
0,210300,1,[금속] 금광석 (SPOT),10000,0,1,2735,83211110,1,1150,89006280,1,1150,0,0,0,0,0,0,83215120,1,1994,83215130,1,1488,83215140,1,949,83215150,1,452,83215160,1,82,104
0,210301,1,[금속] 금광석 (SPOT)-보조,10000,0,1,1139,83211110,1,1948,89006280,1,1948,0,0,0,0,0,0,83215120,1,1994,83215130,1,1488,83215140,1,949,83215150,1,452,83215160,1,82,104
0,210400,1,[금속] 백금광석 (SPOT),10000,0,1,2735,83211110,1,1150,89006280,1,1150,0,0,0,0,0,0,83216120,1,1994,83216130,1,1488,83216140,1,949,83216150,1,452,83216160,1,82,105
0,210401,1,[금속] 백금광석 (SPOT)-보조,10000,0,1,1139,83211110,1,1948,89006280,1,1948,0,0,0,0,0,0,83216120,1,1994,83216130,1,1488,83216140,1,949,83216150,1,452,83216160,1,82,105
0,300000,1,[보석] 유리수정 원석 (일반),10000,0,1,5000,83311110,1,1126,89006280,1,1126,0,0,0,0,0,0,83312120,1,1406,83312130,1,794,83312140,1,407,83312150,1,119,83312160,1,22,201
0,300001,1,[보석] 유리수정 원석 (일반)-보조,10000,0,1,2734,83311110,1,2259,89006280,1,2259,0,0,0,0,0,0,83312120,1,1406,83312130,1,794,83312140,1,407,83312150,1,119,83312160,1,22,201
0,300100,1,[보석] 보라색수정 원석 (일반),10000,0,1,5000,83311110,1,1126,89006280,1,1126,0,0,0,0,0,0,83313120,1,1406,83313130,1,794,83313140,1,407,83313150,1,119,83313160,1,22,202
0,300101,1,[보석] 보라색수정 원석 (일반)-보조,10000,0,1,2734,83311110,1,2259,89006280,1,2259,0,0,0,0,0,0,83313120,1,1406,83313130,1,794,83313140,1,407,83313150,1,119,83313160,1,22,202
0,300200,1,[보석] 푸른수정 원석 (일반),10000,0,1,5000,83311110,1,1126,89006280,1,1126,0,0,0,0,0,0,83314120,1,1406,83314130,1,794,83314140,1,407,83314150,1,119,83314160,1,22,203
0,300201,1,[보석] 푸른수정 원석 (일반)-보조,10000,0,1,2734,83311110,1,2259,89006280,1,2259,0,0,0,0,0,0,83314120,1,1406,83314130,1,794,83314140,1,407,83314150,1,119,83314160,1,22,203
0,300300,1,[보석] 검은수정 원석 (일반),10000,0,1,5000,83311110,1,1126,89006280,1,1126,0,0,0,0,0,0,83315120,1,1406,83315130,1,794,83315140,1,407,83315150,1,119,83315160,1,22,204
0,300301,1,[보석] 검은수정 원석 (일반)-보조,10000,0,1,2734,83311110,1,2259,89006280,1,2259,0,0,0,0,0,0,83315120,1,1406,83315130,1,794,83315140,1,407,83315150,1,119,83315160,1,22,204
0,300400,1,[보석] 무지개수정 원석 (일반),10000,0,1,5000,83311110,1,1126,89006280,1,1126,0,0,0,0,0,0,83316120,1,1406,83316130,1,794,83316140,1,407,83316150,1,119,83316160,1,22,205
0,300401,1,[보석] 무지개수정 원석 (일반)-보조,10000,0,1,2734,83311110,1,2259,89006280,1,2259,0,0,0,0,0,0,83316120,1,1406,83316130,1,794,83316140,1,407,83316150,1,119,83316160,1,22,205
0,310000,1,[보석] 유리수정 원석 (SPOT),10000,0,1,2735,83311110,1,1150,89006280,1,1150,0,0,0,0,0,0,83312120,1,1994,83312130,1,1488,83312140,1,949,83312150,1,452,83312160,1,82,201
0,310001,1,[보석] 유리수정 원석 (SPOT)-보조,10000,0,1,1139,83311110,1,1948,89006280,1,1948,0,0,0,0,0,0,83312120,1,1994,83312130,1,1488,83312140,1,949,83312150,1,452,83312160,1,82,201
0,310100,1,[보석] 보라색수정 원석 (SPOT),10000,0,1,2735,83311110,1,1150,89006280,1,1150,0,0,0,0,0,0,83313120,1,1994,83313130,1,1488,83313140,1,949,83313150,1,452,83313160,1,82,202
0,310101,1,[보석] 보라색수정 원석 (SPOT)-보조,10000,0,1,1139,83311110,1,1948,89006280,1,1948,0,0,0,0,0,0,83313120,1,1994,83313130,1,1488,83313140,1,949,83313150,1,452,83313160,1,82,202
0,310200,1,[보석] 푸른수정 원석 (SPOT),10000,0,1,2735,83311110,1,1150,89006280,1,1150,0,0,0,0,0,0,83314120,1,1994,83314130,1,1488,83314140,1,949,83314150,1,452,83314160,1,82,203
0,310201,1,[보석] 푸른수정 원석 (SPOT)-보조,10000,0,1,1139,83311110,1,1948,89006280,1,1948,0,0,0,0,0,0,83314120,1,1994,83314130,1,1488,83314140,1,949,83314150,1,452,83314160,1,82,203
0,310300,1,[보석] 검은수정 원석 (SPOT),10000,0,1,2735,83311110,1,1150,89006280,1,1150,0,0,0,0,0,0,83315120,1,1994,83315130,1,1488,83315140,1,949,83315150,1,452,83315160,1,82,204
0,310301,1,[보석] 검은수정 원석 (SPOT)-보조,10000,0,1,1139,83311110,1,1948,89006280,1,1948,0,0,0,0,0,0,83315120,1,1994,83315130,1,1488,83315140,1,949,83315150,1,452,83315160,1,82,204
0,310400,1,[보석] 무지개수정 원석 (SPOT),10000,0,1,2735,83311110,1,1150,89006280,1,1150,0,0,0,0,0,0,83316120,1,1994,83316130,1,1488,83316140,1,949,83316150,1,452,83316160,1,82,205
0,310401,1,[보석] 무지개수정 원석 (SPOT)-보조,10000,0,1,1139,83311110,1,1948,89006280,1,1948,0,0,0,0,0,0,83316120,1,1994,83316130,1,1488,83316140,1,949,83316150,1,452,83316160,1,82,205
0,400000,1,[약초] 흔한 약초 (일반),10000,0,1,5000,83411110,1,1126,89006260,1,1126,0,0,0,0,0,0,83412120,1,1406,83412130,1,794,83412140,1,407,83412150,1,119,83412160,1,22,301
0,400001,1,[약초] 흔한 약초 (일반)-보조,10000,0,1,2734,83411110,1,2259,89006260,1,2259,0,0,0,0,0,0,83412120,1,1406,83412130,1,794,83412140,1,407,83412150,1,119,83412160,1,22,301
0,400100,1,[약초] 산 약초 (일반),10000,0,1,5000,83411110,1,1126,89006260,1,1126,0,0,0,0,0,0,83413120,1,1406,83413130,1,794,83413140,1,407,83413150,1,119,83413160,1,22,302
0,400101,1,[약초] 산 약초 (일반)-보조,10000,0,1,2734,83411110,1,2259,89006260,1,2259,0,0,0,0,0,0,83413120,1,1406,83413130,1,794,83413140,1,407,83413150,1,119,83413160,1,22,302
0,400200,1,[약초] 별빛 약초 (일반),10000,0,1,5000,83411110,1,1126,89006260,1,1126,0,0,0,0,0,0,83414120,1,1406,83414130,1,794,83414140,1,407,83414150,1,119,83414160,1,22,303
0,400201,1,[약초] 별빛 약초 (일반)-보조,10000,0,1,2734,83411110,1,2259,89006260,1,2259,0,0,0,0,0,0,83414120,1,1406,83414130,1,794,83414140,1,407,83414150,1,119,83414160,1,22,303
0,400300,1,[약초] 달빛 약초 (일반),10000,0,1,5000,83411110,1,1126,89006260,1,1126,0,0,0,0,0,0,83415120,1,1406,83415130,1,794,83415140,1,407,83415150,1,119,83415160,1,22,304
0,400301,1,[약초] 달빛 약초 (일반)-보조,10000,0,1,2734,83411110,1,2259,89006260,1,2259,0,0,0,0,0,0,83415120,1,1406,83415130,1,794,83415140,1,407,83415150,1,119,83415160,1,22,304
0,400400,1,[약초] 햇빛 약초 (일반),10000,0,1,5000,83411110,1,1126,89006260,1,1126,0,0,0,0,0,0,83416120,1,1406,83416130,1,794,83416140,1,407,83416150,1,119,83416160,1,22,305
0,400401,1,[약초] 햇빛 약초 (일반)-보조,10000,0,1,2734,83411110,1,2259,89006260,1,2259,0,0,0,0,0,0,83416120,1,1406,83416130,1,794,83416140,1,407,83416150,1,119,83416160,1,22,305
0,410000,1,[약초] 흔한 약초 (SPOT),10000,0,1,2735,83411110,1,1150,89006260,1,1150,0,0,0,0,0,0,83412120,1,1994,83412130,1,1488,83412140,1,949,83412150,1,452,83412160,1,82,301
0,410001,1,[약초] 흔한 약초 (SPOT)-보조,10000,0,1,1139,83411110,1,1948,89006260,1,1948,0,0,0,0,0,0,83412120,1,1994,83412130,1,1488,83412140,1,949,83412150,1,452,83412160,1,82,301
0,410100,1,[약초] 산 약초 (SPOT),10000,0,1,2735,83411110,1,1150,89006260,1,1150,0,0,0,0,0,0,83413120,1,1994,83413130,1,1488,83413140,1,949,83413150,1,452,83413160,1,82,302
0,410101,1,[약초] 산 약초 (SPOT)-보조,10000,0,1,1139,83411110,1,1948,89006260,1,1948,0,0,0,0,0,0,83413120,1,1994,83413130,1,1488,83413140,1,949,83413150,1,452,83413160,1,82,302
0,410200,1,[약초] 별빛 약초 (SPOT),10000,0,1,2735,83411110,1,1150,89006260,1,1150,0,0,0,0,0,0,83414120,1,1994,83414130,1,1488,83414140,1,949,83414150,1,452,83414160,1,82,303
0,410201,1,[약초] 별빛 약초 (SPOT)-보조,10000,0,1,1139,83411110,1,1948,89006260,1,1948,0,0,0,0,0,0,83414120,1,1994,83414130,1,1488,83414140,1,949,83414150,1,452,83414160,1,82,303
0,410300,1,[약초] 달빛 약초 (SPOT),10000,0,1,2735,83411110,1,1150,89006260,1,1150,0,0,0,0,0,0,83415120,1,1994,83415130,1,1488,83415140,1,949,83415150,1,452,83415160,1,82,304
0,410301,1,[약초] 달빛 약초 (SPOT)-보조,10000,0,1,1139,83411110,1,1948,89006260,1,1948,0,0,0,0,0,0,83415120,1,1994,83415130,1,1488,83415140,1,949,83415150,1,452,83415160,1,82,304
0,410400,1,[약초] 햇빛 약초 (SPOT),10000,0,1,2735,83411110,1,1150,89006260,1,1150,0,0,0,0,0,0,83416120,1,1994,83416130,1,1488,83416140,1,949,83416150,1,452,83416160,1,82,305
0,410401,1,[약초] 햇빛 약초 (SPOT)-보조,10000,0,1,1139,83411110,1,1948,89006260,1,1948,0,0,0,0,0,0,83416120,1,1994,83416130,1,1488,83416140,1,949,83416150,1,452,83416160,1,82,305
0,500000,1,[채소] 푸른잎 채소 (일반),10000,0,1,5000,83511110,1,1126,89006260,1,1126,0,0,0,0,0,0,83512120,1,1406,83512130,1,794,83512140,1,407,83512150,1,119,83512160,1,22,401
0,500001,1,[채소] 푸른잎 채소 (일반)-보조,10000,0,1,2734,83511110,1,2259,89006260,1,2259,0,0,0,0,0,0,83512120,1,1406,83512130,1,794,83512140,1,407,83512150,1,119,83512160,1,22,401
0,500100,1,[채소] 붉은잎 채소 (일반),10000,0,1,5000,83511110,1,1126,89006260,1,1126,0,0,0,0,0,0,83513120,1,1406,83513130,1,794,83513140,1,407,83513150,1,119,83513160,1,22,402
0,500101,1,[채소] 붉은잎 채소 (일반)-보조,10000,0,1,2734,83511110,1,2259,89006260,1,2259,0,0,0,0,0,0,83513120,1,1406,83513130,1,794,83513140,1,407,83513150,1,119,83513160,1,22,402
0,500200,1,[채소] 파란잎 채소 (일반),10000,0,1,5000,83511110,1,1126,89006260,1,1126,0,0,0,0,0,0,83514120,1,1406,83514130,1,794,83514140,1,407,83514150,1,119,83514160,1,22,403
0,500201,1,[채소] 파란잎 채소 (일반)-보조,10000,0,1,2734,83511110,1,2259,89006260,1,2259,0,0,0,0,0,0,83514120,1,1406,83514130,1,794,83514140,1,407,83514150,1,119,83514160,1,22,403
0,500300,1,[채소] 노란잎 채소 (일반),10000,0,1,5000,83511110,1,1126,89006260,1,1126,0,0,0,0,0,0,83515120,1,1406,83515130,1,794,83515140,1,407,83515150,1,119,83515160,1,22,404
0,500301,1,[채소] 노란잎 채소 (일반)-보조,10000,0,1,2734,83511110,1,2259,89006260,1,2259,0,0,0,0,0,0,83515120,1,1406,83515130,1,794,83515140,1,407,83515150,1,119,83515160,1,22,404
0,500400,1,[채소] 보라잎 채소 (일반),10000,0,1,5000,83511110,1,1126,89006260,1,1126,0,0,0,0,0,0,83516120,1,1406,83516130,1,794,83516140,1,407,83516150,1,119,83516160,1,22,405
0,500401,1,[채소] 보라잎 채소 (일반)-보조,10000,0,1,2734,83511110,1,2259,89006260,1,2259,0,0,0,0,0,0,83516120,1,1406,83516130,1,794,83516140,1,407,83516150,1,119,83516160,1,22,405
0,510000,1,[채소] 푸른잎 채소 (SPOT),10000,0,1,2735,83511110,1,1150,89006260,1,1150,0,0,0,0,0,0,83512120,1,1994,83512130,1,1488,83512140,1,949,83512150,1,452,83512160,1,82,401
0,510001,1,[채소] 푸른잎 채소 (SPOT)-보조,10000,0,1,1139,83511110,1,1948,89006260,1,1948,0,0,0,0,0,0,83512120,1,1994,83512130,1,1488,83512140,1,949,83512150,1,452,83512160,1,82,401
0,510100,1,[채소] 붉은잎 채소 (SPOT),10000,0,1,2735,83511110,1,1150,89006260,1,1150,0,0,0,0,0,0,83513120,1,1994,83513130,1,1488,83513140,1,949,83513150,1,452,83513160,1,82,402
0,510101,1,[채소] 붉은잎 채소 (SPOT)-보조,10000,0,1,1139,83511110,1,1948,89006260,1,1948,0,0,0,0,0,0,83513120,1,1994,83513130,1,1488,83513140,1,949,83513150,1,452,83513160,1,82,402
0,510200,1,[채소] 파란잎 채소 (SPOT),10000,0,1,2735,83511110,1,1150,89006260,1,1150,0,0,0,0,0,0,83514120,1,1994,83514130,1,1488,83514140,1,949,83514150,1,452,83514160,1,82,403
0,510201,1,[채소] 파란잎 채소 (SPOT)-보조,10000,0,1,1139,83511110,1,1948,89006260,1,1948,0,0,0,0,0,0,83514120,1,1994,83514130,1,1488,83514140,1,949,83514150,1,452,83514160,1,82,403
0,510300,1,[채소] 노란잎 채소 (SPOT),10000,0,1,2735,83511110,1,1150,89006260,1,1150,0,0,0,0,0,0,83515120,1,1994,83515130,1,1488,83515140,1,949,83515150,1,452,83515160,1,82,404
0,510301,1,[채소] 노란잎 채소 (SPOT)-보조,10000,0,1,1139,83511110,1,1948,89006260,1,1948,0,0,0,0,0,0,83515120,1,1994,83515130,1,1488,83515140,1,949,83515150,1,452,83515160,1,82,404
0,510400,1,[채소] 보라잎 채소 (SPOT),10000,0,1,2735,83511110,1,1150,89006260,1,1150,0,0,0,0,0,0,83516120,1,1994,83516130,1,1488,83516140,1,949,83516150,1,452,83516160,1,82,405
0,510401,1,[채소] 보라잎 채소 (SPOT)-보조,10000,0,1,1139,83511110,1,1948,89006260,1,1948,0,0,0,0,0,0,83516120,1,1994,83516130,1,1488,83516140,1,949,83516150,1,452,83516160,1,82,405
0,600000,1,[어류] 검은비늘고기 (일반),10000,0,1,5000,83611110,1,1126,89006290,1,1126,0,0,0,0,0,0,83612120,1,1406,83612130,1,794,83612140,1,407,83612150,1,119,83612160,1,22,501
0,600001,1,[어류] 검은비늘고기 (일반)-보조,10000,0,1,2734,83611110,1,2259,89006290,1,2259,0,0,0,0,0,0,83612120,1,1406,83612130,1,794,83612140,1,407,83612150,1,119,83612160,1,22,501
0,600100,1,[어류] 줄무늬고기 (일반),10000,0,1,5000,83611110,1,1126,89006290,1,1126,0,0,0,0,0,0,83613120,1,1406,83613130,1,794,83613140,1,407,83613150,1,119,83613160,1,22,502
0,600101,1,[어류] 줄무늬고기 (일반)-보조,10000,0,1,2734,83611110,1,2259,89006290,1,2259,0,0,0,0,0,0,83613120,1,1406,83613130,1,794,83613140,1,407,83613150,1,119,83613160,1,22,502
0,600200,1,[어류] 등푸른고기 (일반),10000,0,1,5000,83611110,1,1126,89006290,1,1126,0,0,0,0,0,0,83614120,1,1406,83614130,1,794,83614140,1,407,83614150,1,119,83614160,1,22,503
0,600201,1,[어류] 등푸른고기 (일반)-보조,10000,0,1,2734,83611110,1,2259,89006290,1,2259,0,0,0,0,0,0,83614120,1,1406,83614130,1,794,83614140,1,407,83614150,1,119,83614160,1,22,503
0,600300,1,[어류] 붉은살고기 (일반),10000,0,1,5000,83611110,1,1126,89006290,1,1126,0,0,0,0,0,0,83615120,1,1406,83615130,1,794,83615140,1,407,83615150,1,119,83615160,1,22,504
0,600301,1,[어류] 붉은살고기 (일반)-보조,10000,0,1,2734,83611110,1,2259,89006290,1,2259,0,0,0,0,0,0,83615120,1,1406,83615130,1,794,83615140,1,407,83615150,1,119,83615160,1,22,504
0,600400,1,[어류] 은빛큰입고기 (일반),10000,0,1,5000,83611110,1,1126,89006290,1,1126,0,0,0,0,0,0,83616120,1,1406,83616130,1,794,83616140,1,407,83616150,1,119,83616160,1,22,505
0,600401,1,[어류] 은빛큰입고기 (일반)-보조,10000,0,1,2734,83611110,1,2259,89006290,1,2259,0,0,0,0,0,0,83616120,1,1406,83616130,1,794,83616140,1,407,83616150,1,119,83616160,1,22,505
0,610000,1,[어류] 검은비늘고기 (SPOT),10000,0,1,2735,83611110,1,1150,89006290,1,1150,0,0,0,0,0,0,83612120,1,1994,83612130,1,1488,83612140,1,949,83612150,1,452,83612160,1,82,501
0,610001,1,[어류] 검은비늘고기 (SPOT)-보조,10000,0,1,1139,83611110,1,1948,89006290,1,1948,0,0,0,0,0,0,83612120,1,1994,83612130,1,1488,83612140,1,949,83612150,1,452,83612160,1,82,501
0,610100,1,[어류] 줄무늬고기 (SPOT),10000,0,1,2735,83611110,1,1150,89006290,1,1150,0,0,0,0,0,0,83613120,1,1994,83613130,1,1488,83613140,1,949,83613150,1,452,83613160,1,82,502
0,610101,1,[어류] 줄무늬고기 (SPOT)-보조,10000,0,1,1139,83611110,1,1948,89006290,1,1948,0,0,0,0,0,0,83613120,1,1994,83613130,1,1488,83613140,1,949,83613150,1,452,83613160,1,82,502
0,610200,1,[어류] 등푸른고기 (SPOT),10000,0,1,2735,83611110,1,1150,89006290,1,1150,0,0,0,0,0,0,83614120,1,1994,83614130,1,1488,83614140,1,949,83614150,1,452,83614160,1,82,503
0,610201,1,[어류] 등푸른고기 (SPOT)-보조,10000,0,1,1139,83611110,1,1948,89006290,1,1948,0,0,0,0,0,0,83614120,1,1994,83614130,1,1488,83614140,1,949,83614150,1,452,83614160,1,82,503
0,610300,1,[어류] 붉은살고기 (SPOT),10000,0,1,2735,83611110,1,1150,89006290,1,1150,0,0,0,0,0,0,83615120,1,1994,83615130,1,1488,83615140,1,949,83615150,1,452,83615160,1,82,504
0,610301,1,[어류] 붉은살고기 (SPOT)-보조,10000,0,1,1139,83611110,1,1948,89006290,1,1948,0,0,0,0,0,0,83615120,1,1994,83615130,1,1488,83615140,1,949,83615150,1,452,83615160,1,82,504
0,610400,1,[어류] 은빛큰입고기 (SPOT),10000,0,1,2735,83611110,1,1150,89006290,1,1150,0,0,0,0,0,0,83616120,1,1994,83616130,1,1488,83616140,1,949,83616150,1,452,83616160,1,82,505
0,610401,1,[어류] 은빛큰입고기 (SPOT)-보조,10000,0,1,1139,83611110,1,1948,89006290,1,1948,0,0,0,0,0,0,83616120,1,1994,83616130,1,1488,83616140,1,949,83616150,1,452,83616160,1,82,505
0,88000020,1,[2급]'인챈트전이' 구슬(무기)LV1~30,255,88000020,3,125,88000020,4,125,88000020,5,125,88000020,6,125,88000020,8,125,88000020,10,125,88000020,24,125,88000020,27,125,88000320,3,125,88000320,4,125,0
0,88000030,1,[3급]'인챈트전이' 구슬(무기)LV31~40,275,88000030,3,135,88000030,4,135,88000030,5,135,88000030,6,135,88000030,8,135,88000030,10,135,88000030,24,135,88000030,27,135,88000330,3,135,88000330,4,135,0
0,88000040,1,[4급]'인챈트전이' 구슬(무기)LV41~50,336,88000040,3,165,88000040,4,165,88000040,5,165,88000040,6,165,88000040,8,165,88000040,10,165,88000040,24,165,88000040,27,165,88000340,3,165,88000340,4,165,0
0,88000050,1,[5급]'인챈트전이' 구슬(무기)LV51~60,357,88000050,3,175,88000050,4,175,88000050,5,175,88000050,6,175,88000050,8,175,88000050,10,175,88000050,24,175,88000050,27,175,88000350,3,175,88000350,4,175,0
0,88000060,1,[6급]'인챈트전이' 구슬(무기)LV61~70,367,88000060,3,180,88000060,4,180,88000060,5,180,88000060,6,180,88000060,8,180,88000060,10,180,88000060,24,180,88000060,27,180,88000360,3,180,88000360,4,180,0
0,88000070,1,[7급]'인챈트전이' 구슬(무기)LV71~80,408,88000070,3,200,88000070,4,200,88000070,5,200,88000070,6,200,88000070,8,200,88000070,10,200,88000070,24,200,88000070,27,200,88000370,3,200,88000370,4,200,0
0,88000080,1,[8급]'인챈트전이' 구슬(무기)LV81~90,408,88000080,3,200,88000080,4,200,88000080,5,200,88000080,6,200,88000080,8,200,88000080,10,200,88000080,24,200,88000080,27,200,88000380,3,200,88000380,4,200,0
0,88000120,1,[2급]'인챈트전이' 구슬(방어구)LV1~30,255,88000120,3,125,88000120,4,125,88000120,5,125,88000120,6,125,88000120,8,125,88000120,10,125,88000120,24,125,88000120,27,125,88000420,3,125,88000420,4,125,0
0,88000130,1,[3급]'인챈트전이' 구슬(방어구)LV31~40,275,88000130,3,135,88000130,4,135,88000130,5,135,88000130,6,135,88000130,8,135,88000130,10,135,88000130,24,135,88000130,27,135,88000430,3,135,88000430,4,135,0
0,88000140,1,[4급]'인챈트전이' 구슬(방어구)LV41~50,336,88000140,3,165,88000140,4,165,88000140,5,165,88000140,6,165,88000140,8,165,88000140,10,165,88000140,24,165,88000140,27,165,88000440,3,165,88000440,4,165,0
0,88000150,1,[5급]'인챈트전이' 구슬(방어구)LV51~60,357,88000150,3,175,88000150,4,175,88000150,5,175,88000150,6,175,88000150,8,175,88000150,10,175,88000150,24,175,88000150,27,175,88000450,3,175,88000450,4,175,0
0,88000160,1,[6급]'인챈트전이' 구슬(방어구)LV61~70,367,88000160,3,180,88000160,4,180,88000160,5,180,88000160,6,180,88000160,8,180,88000160,10,180,88000160,24,180,88000160,27,180,88000460,3,180,88000460,4,180,0
0,88000170,1,[7급]'인챈트전이' 구슬(방어구)LV71~80,408,88000170,3,200,88000170,4,200,88000170,5,200,88000170,6,200,88000170,8,200,88000170,10,200,88000170,24,200,88000170,27,200,88000470,3,200,88000470,4,200,0
0,88000180,1,[8급]'인챈트전이' 구슬(방어구)LV81~90,408,88000180,3,200,88000180,4,200,88000180,5,200,88000180,6,200,88000180,8,200,88000180,10,200,88000180,24,200,88000180,27,200,88000480,3,200,88000480,4,200,0
0,88000620,1,[2급]옵션증폭기(무기)LV1~30,357,88000620,2,350,88000620,4,350,88000620,5,350,88000620,16,350,88000920,4,350,0,0,0,0,0,0,0,0,0,0,0,0,0,0,0,0
0,88000630,1,[3급]옵션증폭기(무기)LV31~40,377,88000630,2,370,88000630,4,370,88000630,5,370,88000630,16,370,88000930,4,370,0,0,0,0,0,0,0,0,0,0,0,0,0,0,0,0
0,88000640,1,[4급]옵션증폭기(무기)LV41~50,469,88000640,2,460,88000640,4,460,88000640,5,460,88000640,16,460,88000940,4,460,0,0,0,0,0,0,0,0,0,0,0,0,0,0,0,0
0,88000650,1,[5급]옵션증폭기(무기)LV51~60,489,88000650,2,480,88000650,4,480,88000650,5,480,88000650,16,480,88000950,4,480,0,0,0,0,0,0,0,0,0,0,0,0,0,0,0,0
0,88000660,1,[6급]옵션증폭기(무기)LV61~70,520,88000660,2,510,88000660,4,510,88000660,5,510,88000660,16,510,88000960,4,510,0,0,0,0,0,0,0,0,0,0,0,0,0,0,0,0
0,88000670,1,[7급]옵션증폭기(무기)LV71~80,571,88000670,2,560,88000670,4,560,88000670,5,560,88000670,16,560,88000970,4,560,0,0,0,0,0,0,0,0,0,0,0,0,0,0,0,0
0,88000680,1,[8급]옵션증폭기(무기)LV81~90,571,88000680,2,560,88000680,4,560,88000680,5,560,88000680,16,560,88000980,4,560,0,0,0,0,0,0,0,0,0,0,0,0,0,0,0,0
0,88000720,1,[2급]옵션증폭기(방어구)LV1~30,255,88000720,2,250,88000720,4,250,88000720,5,250,88000720,16,250,88000920,3,250,0,0,0,0,0,0,0,0,0,0,0,0,0,0,0,0
0,88000730,1,[3급]옵션증폭기(방어구)LV31~40,275,88000730,2,270,88000730,4,270,88000730,5,270,88000730,16,270,88000930,3,270,0,0,0,0,0,0,0,0,0,0,0,0,0,0,0,0
0,88000740,1,[4급]옵션증폭기(방어구)LV41~50,336,88000740,2,330,88000740,4,330,88000740,5,330,88000740,16,330,88000940,3,330,0,0,0,0,0,0,0,0,0,0,0,0,0,0,0,0
0,88000750,1,[5급]옵션증폭기(방어구)LV51~60,357,88000750,2,350,88000750,4,350,88000750,5,350,88000750,16,350,88000950,3,350,0,0,0,0,0,0,0,0,0,0,0,0,0,0,0,0
0,88000760,1,[6급]옵션증폭기(방어구)LV61~70,367,88000760,2,360,88000760,4,360,88000760,5,360,88000760,16,360,88000960,3,360,0,0,0,0,0,0,0,0,0,0,0,0,0,0,0,0
0,88000770,1,[7급]옵션증폭기(방어구)LV71~80,408,88000770,2,400,88000770,4,400,88000770,5,400,88000770,16,400,88000970,3,400,0,0,0,0,0,0,0,0,0,0,0,0,0,0,0,0
0,88000780,1,[8급]옵션증폭기(방어구)LV81~90,408,88000780,2,400,88000780,4,400,88000780,5,400,88000780,16,400,88000980,3,400,0,0,0,0,0,0,0,0,0,0,0,0,0,0,0,0
0,88000820,1,[2급]옵션증폭기(액세서리)LV1~30,255,88000820,2,250,88000820,4,250,88000820,5,250,88000820,16,250,88000920,3,250,0,0,0,0,0,0,0,0,0,0,0,0,0,0,0,0
0,88000830,1,[3급]옵션증폭기(액세서리)LV31~40,275,88000830,2,270,88000830,4,270,88000830,5,270,88000830,16,270,88000930,3,270,0,0,0,0,0,0,0,0,0,0,0,0,0,0,0,0
0,88000840,1,[4급]옵션증폭기(액세서리)LV41~50,336,88000840,2,330,88000840,4,330,88000840,5,330,88000840,16,330,88000940,3,330,0,0,0,0,0,0,0,0,0,0,0,0,0,0,0,0
0,88000850,1,[5급]옵션증폭기(액세서리)LV51~60,357,88000850,2,350,88000850,4,350,88000850,5,350,88000850,16,350,88000950,3,350,0,0,0,0,0,0,0,0,0,0,0,0,0,0,0,0
0,88000860,1,[6급]옵션증폭기(액세서리)LV61~70,367,88000860,2,360,88000860,4,360,88000860,5,360,88000860,16,360,88000960,3,360,0,0,0,0,0,0,0,0,0,0,0,0,0,0,0,0
0,88000870,1,[7급]옵션증폭기(액세서리)LV71~80,408,88000870,2,400,88000870,4,400,88000870,5,400,88000870,16,400,88000970,3,400,0,0,0,0,0,0,0,0,0,0,0,0,0,0,0,0
0,88000880,1,[8급]옵션증폭기(액세서리)LV81~90,408,88000880,2,400,88000880,4,400,88000880,5,400,88000880,16,400,88000980,3,400,0,0,0,0,0,0,0,0,0,0,0,0,0,0,0,0
0,88001020,1,[2급]1★소켓생성 망치(무기)LV1~30,265,88001020,1,520,88001020,2,260,88001020,4,260,88001020,15,260,0,0,0,0,0,0,0,0,0,0,0,0,0,0,0,0,0,0,0
0,88001030,1,[3급]1★소켓생성 망치(무기)LV31~40,285,88001030,1,560,88001030,2,280,88001030,4,280,88001030,15,280,0,0,0,0,0,0,0,0,0,0,0,0,0,0,0,0,0,0,0
0,88001040,1,[4급]1★소켓생성 망치(무기)LV41~50,346,88001040,1,680,88001040,2,340,88001040,4,340,88001040,15,340,0,0,0,0,0,0,0,0,0,0,0,0,0,0,0,0,0,0,0
0,88001050,1,[5급]1★소켓생성 망치(무기)LV51~60,367,88001050,1,720,88001050,2,360,88001050,4,360,88001050,15,360,0,0,0,0,0,0,0,0,0,0,0,0,0,0,0,0,0,0,0
0,88001060,1,[6급]1★소켓생성 망치(무기)LV61~70,387,88001060,1,760,88001060,2,380,88001060,4,380,88001060,15,380,0,0,0,0,0,0,0,0,0,0,0,0,0,0,0,0,0,0,0
0,88001070,1,[7급]1★소켓생성 망치(무기)LV71~80,428,88001070,1,840,88001070,2,420,88001070,4,420,88001070,15,420,0,0,0,0,0,0,0,0,0,0,0,0,0,0,0,0,0,0,0
0,88001080,1,[8급]1★소켓생성 망치(무기)LV81~90,428,88001080,1,840,88001080,2,420,88001080,4,420,88001080,15,420,0,0,0,0,0,0,0,0,0,0,0,0,0,0,0,0,0,0,0
0,88001120,1,[2급]1★소켓생성 망치(방어구)LV1~30,265,88001120,1,520,88001120,2,260,88001120,4,260,88001120,15,260,0,0,0,0,0,0,0,0,0,0,0,0,0,0,0,0,0,0,0
0,88001130,1,[3급]1★소켓생성 망치(방어구)LV31~40,285,88001130,1,560,88001130,2,280,88001130,4,280,88001130,15,280,0,0,0,0,0,0,0,0,0,0,0,0,0,0,0,0,0,0,0
0,88001140,1,[4급]1★소켓생성 망치(방어구)LV41~50,346,88001140,1,680,88001140,2,340,88001140,4,340,88001140,15,340,0,0,0,0,0,0,0,0,0,0,0,0,0,0,0,0,0,0,0
0,88001150,1,[5급]1★소켓생성 망치(방어구)LV51~60,367,88001150,1,720,88001150,2,360,88001150,4,360,88001150,15,360,0,0,0,0,0,0,0,0,0,0,0,0,0,0,0,0,0,0,0
0,88001160,1,[6급]1★소켓생성 망치(방어구)LV61~70,387,88001160,1,760,88001160,2,380,88001160,4,380,88001160,15,380,0,0,0,0,0,0,0,0,0,0,0,0,0,0,0,0,0,0,0
0,88001170,1,[7급]1★소켓생성 망치(방어구)LV71~80,428,88001170,1,840,88001170,2,420,88001170,4,420,88001170,15,420,0,0,0,0,0,0,0,0,0,0,0,0,0,0,0,0,0,0,0
0,88001180,1,[8급]1★소켓생성 망치(방어구)LV81~90,428,88001180,1,840,88001180,2,420,88001180,4,420,88001180,15,420,0,0,0,0,0,0,0,0,0,0,0,0,0,0,0,0,0,0,0
0,88001220,1,[2급]1★소켓생성 망치(액세서리)LV1~30,265,88001220,1,520,88001220,2,260,88001220,4,260,88001220,15,260,0,0,0,0,0,0,0,0,0,0,0,0,0,0,0,0,0,0,0
0,88001230,1,[3급]1★소켓생성 망치(액세서리)LV31~40,285,88001230,1,560,88001230,2,280,88001230,4,280,88001230,15,280,0,0,0,0,0,0,0,0,0,0,0,0,0,0,0,0,0,0,0
0,88001240,1,[4급]1★소켓생성 망치(액세서리)LV41~50,346,88001240,1,680,88001240,2,340,88001240,4,340,88001240,15,340,0,0,0,0,0,0,0,0,0,0,0,0,0,0,0,0,0,0,0
0,88001250,1,[5급]1★소켓생성 망치(액세서리)LV51~60,367,88001250,1,720,88001250,2,360,88001250,4,360,88001250,15,360,0,0,0,0,0,0,0,0,0,0,0,0,0,0,0,0,0,0,0
0,88001260,1,[6급]1★소켓생성 망치(액세서리)LV61~70,387,88001260,1,760,88001260,2,380,88001260,4,380,88001260,15,380,0,0,0,0,0,0,0,0,0,0,0,0,0,0,0,0,0,0,0
0,88001270,1,[7급]1★소켓생성 망치(액세서리)LV71~80,428,88001270,1,840,88001270,2,420,88001270,4,420,88001270,15,420,0,0,0,0,0,0,0,0,0,0,0,0,0,0,0,0,0,0,0
0,88001280,1,[8급]1★소켓생성 망치(액세서리)LV81~90,428,88001280,1,840,88001280,2,420,88001280,4,420,88001280,15,420,0,0,0,0,0,0,0,0,0,0,0,0,0,0,0,0,0,0,0
0,88001320,1,[2급]1★'망가진 소켓'회복 가루LV1~30,122,88001320,1,360,88001320,3,120,88001320,10,120,0,0,0,0,0,0,0,0,0,0,0,0,0,0,0,0,0,0,0,0,0,0
0,88001330,1,[3급]1★'망가진 소켓'회복 가루LV31~40,132,88001330,1,390,88001330,3,130,88001330,10,130,0,0,0,0,0,0,0,0,0,0,0,0,0,0,0,0,0,0,0,0,0,0
0,88001340,1,[4급]1★'망가진 소켓'회복 가루LV41~50,163,88001340,1,480,88001340,3,160,88001340,10,160,0,0,0,0,0,0,0,0,0,0,0,0,0,0,0,0,0,0,0,0,0,0
0,88001350,1,[5급]1★'망가진 소켓'회복 가루LV51~60,173,88001350,1,510,88001350,3,170,88001350,10,170,0,0,0,0,0,0,0,0,0,0,0,0,0,0,0,0,0,0,0,0,0,0
0,88001360,1,[6급]1★'망가진 소켓'회복 가루LV61~70,173,88001360,1,510,88001360,3,170,88001360,10,170,0,0,0,0,0,0,0,0,0,0,0,0,0,0,0,0,0,0,0,0,0,0
0,88001370,1,[7급]1★'망가진 소켓'회복 가루LV71~80,193,88001370,1,570,88001370,3,190,88001370,10,190,0,0,0,0,0,0,0,0,0,0,0,0,0,0,0,0,0,0,0,0,0,0
0,88001380,1,[8급]1★'망가진 소켓'회복 가루LV81~90,193,88001380,1,570,88001380,3,190,88001380,10,190,0,0,0,0,0,0,0,0,0,0,0,0,0,0,0,0,0,0,0,0,0,0
0,88001420,1,[2급]'소켓 옵션'제거 주문서LV1~30,265,88001420,1,520,88001420,2,260,88001420,4,260,88001420,15,260,0,0,0,0,0,0,0,0,0,0,0,0,0,0,0,0,0,0,0
0,88001430,1,[3급]'소켓 옵션'제거 주문서LV31~40,285,88001430,1,560,88001430,2,280,88001430,4,280,88001430,15,280,0,0,0,0,0,0,0,0,0,0,0,0,0,0,0,0,0,0,0
0,88001440,1,[4급]'소켓 옵션'제거 주문서LV41~50,346,88001440,1,680,88001440,2,340,88001440,4,340,88001440,15,340,0,0,0,0,0,0,0,0,0,0,0,0,0,0,0,0,0,0,0
0,88001450,1,[5급]'소켓 옵션'제거 주문서LV51~60,367,88001450,1,720,88001450,2,360,88001450,4,360,88001450,15,360,0,0,0,0,0,0,0,0,0,0,0,0,0,0,0,0,0,0,0
0,88001460,1,[6급]'소켓 옵션'제거 주문서LV61~70,387,88001460,1,760,88001460,2,380,88001460,4,380,88001460,15,380,0,0,0,0,0,0,0,0,0,0,0,0,0,0,0,0,0,0,0
0,88001470,1,[7급]'소켓 옵션'제거 주문서LV71~80,428,88001470,1,840,88001470,2,420,88001470,4,420,88001470,15,420,0,0,0,0,0,0,0,0,0,0,0,0,0,0,0,0,0,0,0
0,88001480,1,[8급]'소켓 옵션'제거 주문서LV81~90,428,88001480,1,840,88001480,2,420,88001480,4,420,88001480,15,420,0,0,0,0,0,0,0,0,0,0,0,0,0,0,0,0,0,0,0
0,88001520,1,[2급]2★소켓생성 망치(무기)LV1~30,122,88001520,1,360,88001520,3,120,88001520,10,120,0,0,0,0,0,0,0,0,0,0,0,0,0,0,0,0,0,0,0,0,0,0
0,88001530,1,[3급]2★소켓생성 망치(무기)LV31~40,132,88001530,1,390,88001530,3,130,88001530,10,130,0,0,0,0,0,0,0,0,0,0,0,0,0,0,0,0,0,0,0,0,0,0
0,88001540,1,[4급]2★소켓생성 망치(무기)LV41~50,163,88001540,1,480,88001540,3,160,88001540,10,160,0,0,0,0,0,0,0,0,0,0,0,0,0,0,0,0,0,0,0,0,0,0
0,88001550,1,[5급]2★소켓생성 망치(무기)LV51~60,173,88001550,1,510,88001550,3,170,88001550,10,170,0,0,0,0,0,0,0,0,0,0,0,0,0,0,0,0,0,0,0,0,0,0
0,88001560,1,[6급]2★소켓생성 망치(무기)LV61~70,173,88001560,1,510,88001560,3,170,88001560,10,170,0,0,0,0,0,0,0,0,0,0,0,0,0,0,0,0,0,0,0,0,0,0
0,88001570,1,[7급]2★소켓생성 망치(무기)LV71~80,193,88001570,1,570,88001570,3,190,88001570,10,190,0,0,0,0,0,0,0,0,0,0,0,0,0,0,0,0,0,0,0,0,0,0
0,88001580,1,[8급]2★소켓생성 망치(무기)LV81~90,193,88001580,1,570,88001580,3,190,88001580,10,190,0,0,0,0,0,0,0,0,0,0,0,0,0,0,0,0,0,0,0,0,0,0
0,88001620,1,[2급]2★소켓생성 망치(방어구)LV1~30,122,88001620,1,360,88001620,3,120,88001620,10,120,0,0,0,0,0,0,0,0,0,0,0,0,0,0,0,0,0,0,0,0,0,0
0,88001630,1,[3급]2★소켓생성 망치(방어구)LV31~40,132,88001630,1,390,88001630,3,130,88001630,10,130,0,0,0,0,0,0,0,0,0,0,0,0,0,0,0,0,0,0,0,0,0,0
0,88001640,1,[4급]2★소켓생성 망치(방어구)LV41~50,163,88001640,1,480,88001640,3,160,88001640,10,160,0,0,0,0,0,0,0,0,0,0,0,0,0,0,0,0,0,0,0,0,0,0
0,88001650,1,[5급]2★소켓생성 망치(방어구)LV51~60,173,88001650,1,510,88001650,3,170,88001650,10,170,0,0,0,0,0,0,0,0,0,0,0,0,0,0,0,0,0,0,0,0,0,0
0,88001660,1,[6급]2★소켓생성 망치(방어구)LV61~70,173,88001660,1,510,88001660,3,170,88001660,10,170,0,0,0,0,0,0,0,0,0,0,0,0,0,0,0,0,0,0,0,0,0,0
0,88001670,1,[7급]2★소켓생성 망치(방어구)LV71~80,193,88001670,1,570,88001670,3,190,88001670,10,190,0,0,0,0,0,0,0,0,0,0,0,0,0,0,0,0,0,0,0,0,0,0
0,88001680,1,[8급]2★소켓생성 망치(방어구)LV81~90,193,88001680,1,570,88001680,3,190,88001680,10,190,0,0,0,0,0,0,0,0,0,0,0,0,0,0,0,0,0,0,0,0,0,0
0,88001820,1,[2급]2★'망가진 소켓'회복 가루LV1~30,30,88001820,1,120,88001820,4,30,0,0,0,0,0,0,0,0,0,0,0,0,0,0,0,0,0,0,0,0,0,0,0,0,0
0,88001830,1,[3급]2★'망가진 소켓'회복 가루LV31~40,30,88001830,1,120,88001830,4,30,0,0,0,0,0,0,0,0,0,0,0,0,0,0,0,0,0,0,0,0,0,0,0,0,0
0,88001840,1,[4급]2★'망가진 소켓'회복 가루LV41~50,40,88001840,1,160,88001840,4,40,0,0,0,0,0,0,0,0,0,0,0,0,0,0,0,0,0,0,0,0,0,0,0,0,0
0,88001850,1,[5급]2★'망가진 소켓'회복 가루LV51~60,40,88001850,1,160,88001850,4,40,0,0,0,0,0,0,0,0,0,0,0,0,0,0,0,0,0,0,0,0,0,0,0,0,0
0,88001860,1,[6급]2★'망가진 소켓'회복 가루LV61~70,40,88001860,1,160,88001860,4,40,0,0,0,0,0,0,0,0,0,0,0,0,0,0,0,0,0,0,0,0,0,0,0,0,0
0,88001870,1,[7급]2★'망가진 소켓'회복 가루LV71~80,51,88001870,1,200,88001870,4,50,0,0,0,0,0,0,0,0,0,0,0,0,0,0,0,0,0,0,0,0,0,0,0,0,0
0,88001880,1,[8급]2★'망가진 소켓'회복 가루LV81~90,51,88001880,1,200,88001880,4,50,0,0,0,0,0,0,0,0,0,0,0,0,0,0,0,0,0,0,0,0,0,0,0,0,0
0,88002320,1,[2급]영력추출기LV1~30,122,88002320,1,360,88002320,3,120,88002320,10,120,0,0,0,0,0,0,0,0,0,0,0,0,0,0,0,0,0,0,0,0,0,0
0,88002330,1,[3급]영력추출기LV31~40,132,88002330,1,390,88002330,3,130,88002330,10,130,0,0,0,0,0,0,0,0,0,0,0,0,0,0,0,0,0,0,0,0,0,0
0,88002340,1,[4급]영력추출기LV41~50,163,88002340,1,480,88002340,3,160,88002340,10,160,0,0,0,0,0,0,0,0,0,0,0,0,0,0,0,0,0,0,0,0,0,0
0,88002350,1,[5급]영력추출기LV51~60,173,88002350,1,510,88002350,3,170,88002350,10,170,0,0,0,0,0,0,0,0,0,0,0,0,0,0,0,0,0,0,0,0,0,0
0,88002360,1,[6급]영력추출기LV61~70,173,88002360,1,510,88002360,3,170,88002360,10,170,0,0,0,0,0,0,0,0,0,0,0,0,0,0,0,0,0,0,0,0,0,0
0,88002370,1,[7급]영력추출기LV71~80,193,88002370,1,570,88002370,3,190,88002370,10,190,0,0,0,0,0,0,0,0,0,0,0,0,0,0,0,0,0,0,0,0,0,0
0,88002380,1,[8급]영력추출기LV81~90,193,88002380,1,570,88002380,3,190,88002380,10,190,0,0,0,0,0,0,0,0,0,0,0,0,0,0,0,0,0,0,0,0,0,0
0,88002520,1,[2급]'영력전이(고급)' 촉매제LV1~30,357,88002520,2,350,88002520,4,350,88002520,5,350,88002520,16,350,88002420,4,350,0,0,0,0,0,0,0,0,0,0,0,0,0,0,0,0
0,88002530,1,[3급]'영력전이(고급)' 촉매제LV31~40,377,88002530,2,370,88002530,4,370,88002530,5,370,88002530,16,370,88002430,4,370,0,0,0,0,0,0,0,0,0,0,0,0,0,0,0,0
0,88002540,1,[4급]'영력전이(고급)' 촉매제LV41~50,469,88002540,2,460,88002540,4,460,88002540,5,460,88002540,16,460,88002440,4,460,0,0,0,0,0,0,0,0,0,0,0,0,0,0,0,0
0,88002550,1,[5급]'영력전이(고급)' 촉매제LV51~60,489,88002550,2,480,88002550,4,480,88002550,5,480,88002550,16,480,88002450,4,480,0,0,0,0,0,0,0,0,0,0,0,0,0,0,0,0
0,88002560,1,[6급]'영력전이(고급)' 촉매제LV61~70,520,88002560,2,510,88002560,4,510,88002560,5,510,88002560,16,510,88002460,4,510,0,0,0,0,0,0,0,0,0,0,0,0,0,0,0,0
0,88002570,1,[7급]'영력전이(고급)' 촉매제LV71~80,571,88002570,2,560,88002570,4,560,88002570,5,560,88002570,16,560,88002470,4,560,0,0,0,0,0,0,0,0,0,0,0,0,0,0,0,0
0,88002580,1,[8급]'영력전이(고급)' 촉매제LV81~90,571,88002580,2,560,88002580,4,560,88002580,5,560,88002580,16,560,88002480,4,560,0,0,0,0,0,0,0,0,0,0,0,0,0,0,0,0
0,88002620,1,[2급]'영력전이(스페샬)' 촉매제LV1~30,265,88002620,2,520,88002620,3,260,88002620,8,260,88002420,3,260,0,0,0,0,0,0,0,0,0,0,0,0,0,0,0,0,0,0,0
0,88002630,1,[3급]'영력전이(스페샬)' 촉매제LV31~40,285,88002630,2,560,88002630,3,280,88002630,8,280,88002430,3,280,0,0,0,0,0,0,0,0,0,0,0,0,0,0,0,0,0,0,0
0,88002640,1,[4급]'영력전이(스페샬)' 촉매제LV41~50,346,88002640,2,680,88002640,3,340,88002640,8,340,88002440,3,340,0,0,0,0,0,0,0,0,0,0,0,0,0,0,0,0,0,0,0
0,88002650,1,[5급]'영력전이(스페샬)' 촉매제LV51~60,367,88002650,2,720,88002650,3,360,88002650,8,360,88002450,3,360,0,0,0,0,0,0,0,0,0,0,0,0,0,0,0,0,0,0,0
0,88002660,1,[6급]'영력전이(스페샬)' 촉매제LV61~70,387,88002660,2,760,88002660,3,380,88002660,8,380,88002460,3,380,0,0,0,0,0,0,0,0,0,0,0,0,0,0,0,0,0,0,0
0,88002670,1,[7급]'영력전이(스페샬)' 촉매제LV71~80,428,88002670,2,840,88002670,3,420,88002670,8,420,88002470,3,420,0,0,0,0,0,0,0,0,0,0,0,0,0,0,0,0,0,0,0
0,88002680,1,[8급]'영력전이(스페샬)' 촉매제LV81~90,428,88002680,2,840,88002680,3,420,88002680,8,420,88002480,3,420,0,0,0,0,0,0,0,0,0,0,0,0,0,0,0,0,0,0,0
0,88002720,1,[2급]'영력전이(유물)' 촉매제LV1~30,193,88002720,2,570,88002720,6,190,88002420,2,190,0,0,0,0,0,0,0,0,0,0,0,0,0,0,0,0,0,0,0,0,0,0
0,88002730,1,[3급]'영력전이(유물)' 촉매제LV31~40,204,88002730,2,600,88002730,6,200,88002430,2,200,0,0,0,0,0,0,0,0,0,0,0,0,0,0,0,0,0,0,0,0,0,0
0,88002740,1,[4급]'영력전이(유물)' 촉매제LV41~50,255,88002740,2,750,88002740,6,250,88002440,2,250,0,0,0,0,0,0,0,0,0,0,0,0,0,0,0,0,0,0,0,0,0,0
0,88002750,1,[5급]'영력전이(유물)' 촉매제LV51~60,265,88002750,2,780,88002750,6,260,88002450,2,260,0,0,0,0,0,0,0,0,0,0,0,0,0,0,0,0,0,0,0,0,0,0
0,88002760,1,[6급]'영력전이(유물)' 촉매제LV61~70,285,88002760,2,840,88002760,6,280,88002460,2,280,0,0,0,0,0,0,0,0,0,0,0,0,0,0,0,0,0,0,0,0,0,0
0,88002770,1,[7급]'영력전이(유물)' 촉매제LV71~80,306,88002770,2,900,88002770,6,300,88002470,2,300,0,0,0,0,0,0,0,0,0,0,0,0,0,0,0,0,0,0,0,0,0,0
0,88002780,1,[8급]'영력전이(유물)' 촉매제LV81~90,306,88002780,2,900,88002780,6,300,88002480,2,300,0,0,0,0,0,0,0,0,0,0,0,0,0,0,0,0,0,0,0,0,0,0
0,88002820,1,[2급]'영력전이(전설)' 촉매제LV1~30,81,88002820,2,320,88002420,1,80,0,0,0,0,0,0,0,0,0,0,0,0,0,0,0,0,0,0,0,0,0,0,0,0,0
0,88002830,1,[3급]'영력전이(전설)' 촉매제LV31~40,91,88002830,2,360,88002430,1,90,0,0,0,0,0,0,0,0,0,0,0,0,0,0,0,0,0,0,0,0,0,0,0,0,0
0,88002840,1,[4급]'영력전이(전설)' 촉매제LV41~50,102,88002840,2,400,88002440,1,100,0,0,0,0,0,0,0,0,0,0,0,0,0,0,0,0,0,0,0,0,0,0,0,0,0
0,88002850,1,[5급]'영력전이(전설)' 촉매제LV51~60,112,88002850,2,440,88002450,1,110,0,0,0,0,0,0,0,0,0,0,0,0,0,0,0,0,0,0,0,0,0,0,0,0,0
0,88002860,1,[6급]'영력전이(전설)' 촉매제LV61~70,122,88002860,2,480,88002460,1,120,0,0,0,0,0,0,0,0,0,0,0,0,0,0,0,0,0,0,0,0,0,0,0,0,0
0,88002870,1,[7급]'영력전이(전설)' 촉매제LV71~80,132,88002870,2,520,88002470,1,130,0,0,0,0,0,0,0,0,0,0,0,0,0,0,0,0,0,0,0,0,0,0,0,0,0
0,88002880,1,[8급]'영력전이(전설)' 촉매제LV81~90,132,88002880,2,520,88002480,1,130,0,0,0,0,0,0,0,0,0,0,0,0,0,0,0,0,0,0,0,0,0,0,0,0,0
0,88002920,1,[2급]영롱한 보석LV1~30,122,88002920,3,60,88002920,4,60,88002920,5,60,88002920,6,60,88002920,8,60,88002920,10,60,88002920,24,60,88002920,27,60,88002920,89,60,88002920,100,60,0
0,88002930,1,[3급]영롱한 보석LV31~40,132,88002930,3,65,88002930,4,65,88002930,5,65,88002930,6,65,88002930,8,65,88002930,10,65,88002930,24,65,88002930,27,65,88002930,89,65,88002930,100,65,0
0,88002940,1,[4급]영롱한 보석LV41~50,163,88002940,3,80,88002940,4,80,88002940,5,80,88002940,6,80,88002940,8,80,88002940,10,80,88002940,24,80,88002940,27,80,88002940,89,80,88002940,100,80,0
0,88002950,1,[5급]영롱한 보석LV51~60,173,88002950,3,85,88002950,4,85,88002950,5,85,88002950,6,85,88002950,8,85,88002950,10,85,88002950,24,85,88002950,27,85,88002950,89,85,88002950,100,85,0
0,88002960,1,[6급]영롱한 보석LV61~70,173,88002960,3,85,88002960,4,85,88002960,5,85,88002960,6,85,88002960,8,85,88002960,10,85,88002960,24,85,88002960,27,85,88002960,89,85,88002960,100,85,0
0,88002970,1,[7급]영롱한 보석LV71~80,193,88002970,3,95,88002970,4,95,88002970,5,95,88002970,6,95,88002970,8,95,88002970,10,95,88002970,24,95,88002970,27,95,88002970,89,95,88002970,100,95,0
0,88002980,1,[8급]영롱한 보석LV81~90,193,88002980,3,95,88002980,4,95,88002980,5,95,88002980,6,95,88002980,8,95,88002980,10,95,88002980,24,95,88002980,27,95,88002980,89,95,88002980,100,95,0
0,88003020,1,[2급]미끈한 오일LV1~30,122,88003020,3,60,88003020,4,60,88003020,5,60,88003020,6,60,88003020,8,60,88003020,10,60,88003020,24,60,88003020,27,60,88003020,89,60,88003020,100,60,0
0,88003030,1,[3급]미끈한 오일LV31~40,132,88003030,3,65,88003030,4,65,88003030,5,65,88003030,6,65,88003030,8,65,88003030,10,65,88003030,24,65,88003030,27,65,88003030,89,65,88003030,100,65,0
0,88003040,1,[4급]미끈한 오일LV41~50,163,88003040,3,80,88003040,4,80,88003040,5,80,88003040,6,80,88003040,8,80,88003040,10,80,88003040,24,80,88003040,27,80,88003040,89,80,88003040,100,80,0
0,88003050,1,[5급]미끈한 오일LV51~60,173,88003050,3,85,88003050,4,85,88003050,5,85,88003050,6,85,88003050,8,85,88003050,10,85,88003050,24,85,88003050,27,85,88003050,89,85,88003050,100,85,0
0,88003060,1,[6급]미끈한 오일LV61~70,173,88003060,3,85,88003060,4,85,88003060,5,85,88003060,6,85,88003060,8,85,88003060,10,85,88003060,24,85,88003060,27,85,88003060,89,85,88003060,100,85,0
0,88003070,1,[7급]미끈한 오일LV71~80,193,88003070,3,95,88003070,4,95,88003070,5,95,88003070,6,95,88003070,8,95,88003070,10,95,88003070,24,95,88003070,27,95,88003070,89,95,88003070,100,95,0
0,88003080,1,[8급]미끈한 오일LV81~90,193,88003080,3,95,88003080,4,95,88003080,5,95,88003080,6,95,88003080,8,95,88003080,10,95,88003080,24,95,88003080,27,95,88003080,89,95,88003080,100,95,0
0,88003120,1,[2급]정밀한 목형LV1~30,122,88003120,3,60,88003120,4,60,88003120,5,60,88003120,6,60,88003120,8,60,88003120,10,60,88003120,24,60,88003120,27,60,88003120,89,60,88003120,100,60,0
0,88003130,1,[3급]정밀한 목형LV31~40,132,88003130,3,65,88003130,4,65,88003130,5,65,88003130,6,65,88003130,8,65,88003130,10,65,88003130,24,65,88003130,27,65,88003130,89,65,88003130,100,65,0
0,88003140,1,[4급]정밀한 목형LV41~50,163,88003140,3,80,88003140,4,80,88003140,5,80,88003140,6,80,88003140,8,80,88003140,10,80,88003140,24,80,88003140,27,80,88003140,89,80,88003140,100,80,0
0,88003150,1,[5급]정밀한 목형LV51~60,173,88003150,3,85,88003150,4,85,88003150,5,85,88003150,6,85,88003150,8,85,88003150,10,85,88003150,24,85,88003150,27,85,88003150,89,85,88003150,100,85,0
0,88003160,1,[6급]정밀한 목형LV61~70,173,88003160,3,85,88003160,4,85,88003160,5,85,88003160,6,85,88003160,8,85,88003160,10,85,88003160,24,85,88003160,27,85,88003160,89,85,88003160,100,85,0
0,88003170,1,[7급]정밀한 목형LV71~80,193,88003170,3,95,88003170,4,95,88003170,5,95,88003170,6,95,88003170,8,95,88003170,10,95,88003170,24,95,88003170,27,95,88003170,89,95,88003170,100,95,0
0,88003180,1,[8급]정밀한 목형LV81~90,193,88003180,3,95,88003180,4,95,88003180,5,95,88003180,6,95,88003180,8,95,88003180,10,95,88003180,24,95,88003180,27,95,88003180,89,95,88003180,100,95,0
0,88003220,1,[2급]소형 기계장치LV1~30,122,88003220,3,60,88003220,4,60,88003220,5,60,88003220,6,60,88003220,8,60,88003220,10,60,88003220,24,60,88003220,27,60,88003220,89,60,88003220,100,60,0
0,88003230,1,[3급]소형 기계장치LV31~40,132,88003230,3,65,88003230,4,65,88003230,5,65,88003230,6,65,88003230,8,65,88003230,10,65,88003230,24,65,88003230,27,65,88003230,89,65,88003230,100,65,0
0,88003240,1,[4급]소형 기계장치LV41~50,163,88003240,3,80,88003240,4,80,88003240,5,80,88003240,6,80,88003240,8,80,88003240,10,80,88003240,24,80,88003240,27,80,88003240,89,80,88003240,100,80,0
0,88003250,1,[5급]소형 기계장치LV51~60,173,88003250,3,85,88003250,4,85,88003250,5,85,88003250,6,85,88003250,8,85,88003250,10,85,88003250,24,85,88003250,27,85,88003250,89,85,88003250,100,85,0
0,88003260,1,[6급]소형 기계장치LV61~70,173,88003260,3,85,88003260,4,85,88003260,5,85,88003260,6,85,88003260,8,85,88003260,10,85,88003260,24,85,88003260,27,85,88003260,89,85,88003260,100,85,0
0,88003270,1,[7급]소형 기계장치LV71~80,193,88003270,3,95,88003270,4,95,88003270,5,95,88003270,6,95,88003270,8,95,88003270,10,95,88003270,24,95,88003270,27,95,88003270,89,95,88003270,100,95,0
0,88003280,1,[8급]소형 기계장치LV81~90,193,88003280,3,95,88003280,4,95,88003280,5,95,88003280,6,95,88003280,8,95,88003280,10,95,88003280,24,95,88003280,27,95,88003280,89,95,88003280,100,95,0
0,88003320,1,[2급]신비로운 가루LV1~30,122,88003320,3,60,88003320,4,60,88003320,5,60,88003320,6,60,88003320,8,60,88003320,10,60,88003320,24,60,88003320,27,60,88003320,89,60,88003320,100,60,0
0,88003330,1,[3급]신비로운 가루LV31~40,132,88003330,3,65,88003330,4,65,88003330,5,65,88003330,6,65,88003330,8,65,88003330,10,65,88003330,24,65,88003330,27,65,88003330,89,65,88003330,100,65,0
0,88003340,1,[4급]신비로운 가루LV41~50,163,88003340,3,80,88003340,4,80,88003340,5,80,88003340,6,80,88003340,8,80,88003340,10,80,88003340,24,80,88003340,27,80,88003340,89,80,88003340,100,80,0
0,88003350,1,[5급]신비로운 가루LV51~60,173,88003350,3,85,88003350,4,85,88003350,5,85,88003350,6,85,88003350,8,85,88003350,10,85,88003350,24,85,88003350,27,85,88003350,89,85,88003350,100,85,0
0,88003360,1,[6급]신비로운 가루LV61~70,173,88003360,3,85,88003360,4,85,88003360,5,85,88003360,6,85,88003360,8,85,88003360,10,85,88003360,24,85,88003360,27,85,88003360,89,85,88003360,100,85,0
0,88003370,1,[7급]신비로운 가루LV71~80,193,88003370,3,95,88003370,4,95,88003370,5,95,88003370,6,95,88003370,8,95,88003370,10,95,88003370,24,95,88003370,27,95,88003370,89,95,88003370,100,95,0
0,88003380,1,[8급]신비로운 가루LV81~90,193,88003380,3,95,88003380,4,95,88003380,5,95,88003380,6,95,88003380,8,95,88003380,10,95,88003380,24,95,88003380,27,95,88003380,89,95,88003380,100,95,0
0,88003420,1,[2급]'STAT' 소켓카드상자 LV1~30,316,88003420,1,775,88003420,2,155,88003420,3,155,88003420,4,155,88003420,10,155,88003420,11,155,0,0,0,0,0,0,0,0,0,0,0,0,0
0,88003430,1,[3급]'STAT' 소켓카드상자 LV31~40,336,88003430,1,825,88003430,2,165,88003430,3,165,88003430,4,165,88003430,10,165,88003430,11,165,0,0,0,0,0,0,0,0,0,0,0,0,0
0,88003440,1,[4급]'STAT' 소켓카드상자 LV41~50,408,88003440,1,1000,88003440,2,200,88003440,3,200,88003440,4,200,88003440,10,200,88003440,11,200,0,0,0,0,0,0,0,0,0,0,0,0,0
0,88003450,1,[5급]'STAT' 소켓카드상자 LV51~60,438,88003450,1,1075,88003450,2,215,88003450,3,215,88003450,4,215,88003450,10,215,88003450,11,215,0,0,0,0,0,0,0,0,0,0,0,0,0
0,88003460,1,[6급]'STAT' 소켓카드상자 LV61~70,459,88003460,1,1125,88003460,2,225,88003460,3,225,88003460,4,225,88003460,10,225,88003460,11,225,0,0,0,0,0,0,0,0,0,0,0,0,0
0,88003470,1,[7급]'STAT' 소켓카드상자 LV71~80,510,88003470,1,1250,88003470,2,250,88003470,3,250,88003470,4,250,88003470,10,250,88003470,11,250,0,0,0,0,0,0,0,0,0,0,0,0,0
0,88003480,1,[8급]'STAT' 소켓카드상자 LV81~90,510,88003480,1,1250,88003480,2,250,88003480,3,250,88003480,4,250,88003480,10,250,88003480,11,250,0,0,0,0,0,0,0,0,0,0,0,0,0
0,88003520,1,[2급]'공격형' 소켓카드상자LV1~30,316,88003520,1,775,88003520,2,155,88003520,3,155,88003520,4,155,88003520,10,155,88003520,11,155,0,0,0,0,0,0,0,0,0,0,0,0,0
0,88003530,1,[3급]'공격형' 소켓카드상자LV31~40,336,88003530,1,825,88003530,2,165,88003530,3,165,88003530,4,165,88003530,10,165,88003530,11,165,0,0,0,0,0,0,0,0,0,0,0,0,0
0,88003540,1,[4급]'공격형' 소켓카드상자LV41~50,408,88003540,1,1000,88003540,2,200,88003540,3,200,88003540,4,200,88003540,10,200,88003540,11,200,0,0,0,0,0,0,0,0,0,0,0,0,0
0,88003550,1,[5급]'공격형' 소켓카드상자LV51~60,438,88003550,1,1075,88003550,2,215,88003550,3,215,88003550,4,215,88003550,10,215,88003550,11,215,0,0,0,0,0,0,0,0,0,0,0,0,0
0,88003560,1,[6급]'공격형' 소켓카드상자LV61~70,459,88003560,1,1125,88003560,2,225,88003560,3,225,88003560,4,225,88003560,10,225,88003560,11,225,0,0,0,0,0,0,0,0,0,0,0,0,0
0,88003570,1,[7급]'공격형' 소켓카드상자LV71~80,510,88003570,1,1250,88003570,2,250,88003570,3,250,88003570,4,250,88003570,10,250,88003570,11,250,0,0,0,0,0,0,0,0,0,0,0,0,0
0,88003580,1,[8급]'공격형' 소켓카드상자LV81~90,510,88003580,1,1250,88003580,2,250,88003580,3,250,88003580,4,250,88003580,10,250,88003580,11,250,0,0,0,0,0,0,0,0,0,0,0,0,0
0,88003620,1,[2급]'방어형' 소켓카드상자LV1~30,316,88003620,1,775,88003620,2,155,88003620,3,155,88003620,4,155,88003620,10,155,88003620,11,155,0,0,0,0,0,0,0,0,0,0,0,0,0
0,88003630,1,[3급]'방어형' 소켓카드상자LV31~40,336,88003630,1,825,88003630,2,165,88003630,3,165,88003630,4,165,88003630,10,165,88003630,11,165,0,0,0,0,0,0,0,0,0,0,0,0,0
0,88003640,1,[4급]'방어형' 소켓카드상자LV41~50,408,88003640,1,1000,88003640,2,200,88003640,3,200,88003640,4,200,88003640,10,200,88003640,11,200,0,0,0,0,0,0,0,0,0,0,0,0,0
0,88003650,1,[5급]'방어형' 소켓카드상자LV51~60,438,88003650,1,1075,88003650,2,215,88003650,3,215,88003650,4,215,88003650,10,215,88003650,11,215,0,0,0,0,0,0,0,0,0,0,0,0,0
0,88003660,1,[6급]'방어형' 소켓카드상자LV61~70,459,88003660,1,1125,88003660,2,225,88003660,3,225,88003660,4,225,88003660,10,225,88003660,11,225,0,0,0,0,0,0,0,0,0,0,0,0,0
0,88003670,1,[7급]'방어형' 소켓카드상자LV71~80,510,88003670,1,1250,88003670,2,250,88003670,3,250,88003670,4,250,88003670,10,250,88003670,11,250,0,0,0,0,0,0,0,0,0,0,0,0,0
0,88003680,1,[8급]'방어형' 소켓카드상자LV81~90,510,88003680,1,1250,88003680,2,250,88003680,3,250,88003680,4,250,88003680,10,250,88003680,11,250,0,0,0,0,0,0,0,0,0,0,0,0,0
0,88003720,1,[2급]'특수형' 소켓카드상자LV1~30,316,88003720,1,775,88003720,2,155,88003720,3,155,88003720,4,155,88003720,10,155,88003720,11,155,0,0,0,0,0,0,0,0,0,0,0,0,0
0,88003730,1,[3급]'특수형' 소켓카드상자LV31~40,336,88003730,1,825,88003730,2,165,88003730,3,165,88003730,4,165,88003730,10,165,88003730,11,165,0,0,0,0,0,0,0,0,0,0,0,0,0
0,88003740,1,[4급]'특수형' 소켓카드상자LV41~50,408,88003740,1,1000,88003740,2,200,88003740,3,200,88003740,4,200,88003740,10,200,88003740,11,200,0,0,0,0,0,0,0,0,0,0,0,0,0
0,88003750,1,[5급]'특수형' 소켓카드상자LV51~60,438,88003750,1,1075,88003750,2,215,88003750,3,215,88003750,4,215,88003750,10,215,88003750,11,215,0,0,0,0,0,0,0,0,0,0,0,0,0
0,88003760,1,[6급]'특수형' 소켓카드상자LV61~70,459,88003760,1,1125,88003760,2,225,88003760,3,225,88003760,4,225,88003760,10,225,88003760,11,225,0,0,0,0,0,0,0,0,0,0,0,0,0
0,88003770,1,[7급]'특수형' 소켓카드상자LV71~80,510,88003770,1,1250,88003770,2,250,88003770,3,250,88003770,4,250,88003770,10,250,88003770,11,250,0,0,0,0,0,0,0,0,0,0,0,0,0
0,88003780,1,[8급]'특수형' 소켓카드상자LV81~90,510,88003780,1,1250,88003780,2,250,88003780,3,250,88003780,4,250,88003780,10,250,88003780,11,250,0,0,0,0,0,0,0,0,0,0,0,0,0
0,88003820,1,[2급]'회복형' 소켓카드상자LV1~30,316,88003820,1,775,88003820,2,155,88003820,3,155,88003820,4,155,88003820,10,155,88003820,11,155,0,0,0,0,0,0,0,0,0,0,0,0,0
0,88003830,1,[3급]'회복형' 소켓카드상자LV31~40,336,88003830,1,825,88003830,2,165,88003830,3,165,88003830,4,165,88003830,10,165,88003830,11,165,0,0,0,0,0,0,0,0,0,0,0,0,0
0,88003840,1,[4급]'회복형' 소켓카드상자LV41~50,408,88003840,1,1000,88003840,2,200,88003840,3,200,88003840,4,200,88003840,10,200,88003840,11,200,0,0,0,0,0,0,0,0,0,0,0,0,0
0,88003850,1,[5급]'회복형' 소켓카드상자LV51~60,438,88003850,1,1075,88003850,2,215,88003850,3,215,88003850,4,215,88003850,10,215,88003850,11,215,0,0,0,0,0,0,0,0,0,0,0,0,0
0,88003860,1,[6급]'회복형' 소켓카드상자LV61~70,459,88003860,1,1125,88003860,2,225,88003860,3,225,88003860,4,225,88003860,10,225,88003860,11,225,0,0,0,0,0,0,0,0,0,0,0,0,0
0,88003870,1,[7급]'회복형' 소켓카드상자LV71~80,510,88003870,1,1250,88003870,2,250,88003870,3,250,88003870,4,250,88003870,10,250,88003870,11,250,0,0,0,0,0,0,0,0,0,0,0,0,0
0,88003880,1,[8급]'회복형' 소켓카드상자LV81~90,510,88003880,1,1250,88003880,2,250,88003880,3,250,88003880,4,250,88003880,10,250,88003880,11,250,0,0,0,0,0,0,0,0,0,0,0,0,0
0,1100000,1,[Escort][목재] 붉은 나무 (일반),7000,0,2,2000,83111110,2,1126,89006270,2,1126,0,0,0,0,0,0,83112120,2,1406,83112130,2,794,83112140,2,407,83112150,2,119,83112160,2,22,1
0,1100001,1,[Escort][목재] 붉은 나무 (일반)-보조,9000,0,2,1734,83111110,2,2259,89006270,2,2259,0,0,0,0,0,0,83112120,2,1406,83112130,2,794,83112140,2,407,83112150,2,119,83112160,2,22,1
0,1200000,1,[Escort][금속] 동광석 (일반),7000,0,2,2000,83211110,2,1126,89006280,2,1126,0,0,0,0,0,0,83212120,2,1406,83212130,2,794,83212140,2,407,83212150,2,119,83212160,2,22,101
0,1200001,1,[Escort][금속] 동광석 (일반)-보조,9000,0,2,1734,83211110,2,2259,89006280,2,2259,0,0,0,0,0,0,83212120,2,1406,83212130,2,794,83212140,2,407,83212150,2,119,83212160,2,22,101
0,1300000,1,[Escort][보석] 유리수정 원석 (일반),7000,0,2,2000,83311110,2,1126,89006280,2,1126,0,0,0,0,0,0,83312120,2,1406,83312130,2,794,83312140,2,407,83312150,2,119,83312160,2,22,201
0,1300001,1,[Escort][보석] 유리수정 원석 (일반)-보조,9000,0,2,1734,83311110,2,2259,89006280,2,2259,0,0,0,0,0,0,83312120,2,1406,83312130,2,794,83312140,2,407,83312150,2,119,83312160,2,22,201
0,1400000,1,[Escort][약초] 흔한 약초 (일반),7000,0,2,2000,83411110,2,1126,89006260,2,1126,0,0,0,0,0,0,83412120,2,1406,83412130,2,794,83412140,2,407,83412150,2,119,83412160,2,22,301
0,1400001,1,[Escort][약초] 흔한 약초 (일반)-보조,9000,0,2,1734,83411110,2,2259,89006260,2,2259,0,0,0,0,0,0,83412120,2,1406,83412130,2,794,83412140,2,407,83412150,2,119,83412160,2,22,301
0,1500000,1,[Escort][채소] 푸른잎 채소 (일반),7000,0,2,2000,83511110,2,1126,89006260,2,1126,0,0,0,0,0,0,83512120,2,1406,83512130,2,794,83512140,2,407,83512150,2,119,83512160,2,22,401
0,1500001,1,[Escort][채소] 푸른잎 채소 (일반)-보조,9000,0,2,1734,83511110,2,2259,89006260,2,2259,0,0,0,0,0,0,83512120,2,1406,83512130,2,794,83512140,2,407,83512150,2,119,83512160,2,22,401
0,1600000,1,[Escort][어류] 검은비늘고기 (일반),7000,0,2,2000,83611110,2,1126,89006290,2,1126,0,0,0,0,0,0,83612120,2,1406,83612130,2,794,83612140,2,407,83612150,2,119,83612160,2,22,501
0,1600001,1,[Escort][어류] 검은비늘고기 (일반)-보조,9000,0,2,1734,83611110,2,2259,89006290,2,2259,0,0,0,0,0,0,83612120,2,1406,83612130,2,794,83612140,2,407,83612150,2,119,83612160,2,22,501
