SkillAbilID,Memo,Type01,Value01,Type02,Value02,Type03,Value03,Type04,Value04,Type05,Value05,Type06,Value06,Type07,Value07,Type08,Value08,Type09,Value09,Type10,Value10
80000001,경험치 공유,0,0,0,0,0,0,0,0,0,0,0,0,0,0,0,0,0,0,5001,800000011
80000101,이건 내꺼,0,0,0,0,0,0,0,0,0,0,0,0,0,0,0,0,1016,2,5001,800001011
80000102,이건 내꺼,0,0,0,0,0,0,0,0,0,0,0,0,0,0,0,0,1016,3,5001,800001021
80000103,이건 내꺼,0,0,0,0,0,0,0,0,0,0,0,0,0,0,0,0,1016,5,5001,800001031
80000104,이건 내꺼,0,0,0,0,0,0,0,0,0,0,0,0,0,0,0,0,1016,7,5001,800001041
80000105,이건 내꺼,0,0,0,0,0,0,0,0,0,0,0,0,0,0,0,0,1016,10,5001,800001051
80000201,같이 늙어가는 처지,11001,1000,0,0,0,0,0,0,0,0,0,0,0,0,0,0,0,0,5001,800002011
80000202,같이 늙어가는 처지,11001,2000,0,0,0,0,0,0,0,0,0,0,0,0,0,0,0,0,5001,800002021
80000203,같이 늙어가는 처지,11001,3000,0,0,0,0,0,0,0,0,0,0,0,0,0,0,0,0,5001,800002031
80000204,같이 늙어가는 처지,11001,4000,0,0,0,0,0,0,0,0,0,0,0,0,0,0,0,0,5001,800002041
80000205,같이 늙어가는 처지,11001,5000,0,0,0,0,0,0,0,0,0,0,0,0,0,0,0,0,5001,800002051
80000301,사자의 힘,7221,50,7231,50,0,0,0,0,0,0,0,0,0,0,0,0,0,0,5001,800003011
80000302,사자의 힘,7221,70,7231,70,0,0,0,0,0,0,0,0,0,0,0,0,0,0,5001,800003021
80000303,사자의 힘,7221,90,7231,90,0,0,0,0,0,0,0,0,0,0,0,0,0,0,5001,800003031
80000304,사자의 힘,7221,120,7231,120,0,0,0,0,0,0,0,0,0,0,0,0,0,0,5001,800003041
80000305,사자의 힘,7221,150,7231,150,0,0,0,0,0,0,0,0,0,0,0,0,0,0,5001,800003051
80000401,행운의 일격,11002,300,11003,2000,0,0,0,0,0,0,0,0,0,0,0,0,1007,1,5001,800004011
80000402,행운의 일격,11002,400,11003,4000,0,0,0,0,0,0,0,0,0,0,0,0,1007,1,5001,800004021
80000403,행운의 일격,11002,500,11003,6000,0,0,0,0,0,0,0,0,0,0,0,0,1007,1,5001,800004031
80000404,행운의 일격,11002,700,11003,8000,0,0,0,0,0,0,0,0,0,0,0,0,1007,1,5001,800004041
80000405,행운의 일격,11002,1000,11003,10000,0,0,0,0,0,0,0,0,0,0,0,0,1007,1,5001,800004051
80000501,금강 불괴,7092,500,0,0,0,0,0,0,0,0,0,0,0,0,0,0,1007,1,5001,800005011
80000502,금강 불괴,7092,700,0,0,0,0,0,0,0,0,0,0,0,0,0,0,1007,1,5001,800005021
80000503,금강 불괴,7092,900,0,0,0,0,0,0,0,0,0,0,0,0,0,0,1007,1,5001,800005031
80000504,금강 불괴,7092,1200,0,0,0,0,0,0,0,0,0,0,0,0,0,0,1007,1,5001,800005041
80000505,금강 불괴,7092,1500,0,0,0,0,0,0,0,0,0,0,0,0,0,0,1007,1,5001,800005051
80000601,사자의 이빨,7152,500,0,0,0,0,0,0,0,0,0,0,0,0,0,0,1007,1,5001,800006011
80000602,사자의 이빨,7152,700,0,0,0,0,0,0,0,0,0,0,0,0,0,0,1007,1,5001,800006021
80000603,사자의 이빨,7152,900,0,0,0,0,0,0,0,0,0,0,0,0,0,0,1007,1,5001,800006031
80000604,사자의 이빨,7152,1200,0,0,0,0,0,0,0,0,0,0,0,0,0,0,1007,1,5001,800006041
80000605,사자의 이빨,7152,1500,0,0,0,0,0,0,0,0,0,0,0,0,0,0,1007,1,5001,800006051
80000701,골드 러쉬,508,200,7081,300,11004,100,11005,400,0,0,0,0,0,0,0,0,1007,2,5001,800007011
80000702,골드 러쉬,508,200,7081,300,11004,200,11005,600,0,0,0,0,0,0,0,0,1007,4,5001,800007021
80000703,골드 러쉬,508,200,7081,300,11004,300,11005,800,0,0,0,0,0,0,0,0,1007,6,5001,800007031
80000704,골드 러쉬,508,200,7081,300,11004,400,11005,1000,0,0,0,0,0,0,0,0,1007,8,5001,800007041
80000705,골드 러쉬,508,200,7081,300,11004,500,11005,1200,0,0,0,0,0,0,0,0,1007,10,5001,800007051
80000801,묵직한 대쉬,508,200,7081,300,2080,12400,1010,50,0,0,0,0,0,0,0,0,1007,2,5001,800008011
80000802,묵직한 대쉬,508,200,7081,300,2080,13000,1010,50,0,0,0,0,0,0,0,0,1007,4,5001,800008021
80000803,묵직한 대쉬,508,200,7081,300,2080,13600,1010,50,0,0,0,0,0,0,0,0,1007,6,5001,800008031
80000804,묵직한 대쉬,508,200,7081,300,2080,14200,1010,50,0,0,0,0,0,0,0,0,1007,8,5001,800008041
80000805,묵직한 대쉬,508,200,7081,300,2080,0,1010,50,0,0,0,0,0,0,0,0,1007,10,5001,800008051
80000901,사자후,2081,12600,0,0,0,0,0,0,0,0,0,0,0,0,0,0,1007,2,5001,800009011
80000902,사자후,2081,14200,0,0,0,0,0,0,0,0,0,0,0,0,0,0,1007,4,5001,800009021
80000903,사자후,2081,15800,0,0,0,0,0,0,0,0,0,0,0,0,0,0,1007,6,5001,800009031
80000904,사자후,2081,17500,0,0,0,0,0,0,0,0,0,0,0,0,0,0,1007,8,5001,800009041
80000905,사자후,2081,19200,0,0,0,0,0,0,0,0,0,0,0,0,0,0,1007,10,5001,800009051
80001001,능력전이 안전 거품 어빌,255,10000,256,10000,0,0,0,0,0,0,0,0,0,0,0,0,0,0,0,0
80001101,간호,0,0,0,0,0,0,0,0,0,0,0,0,0,0,0,0,1007,1,5001,800011011
80001102,간호,0,0,0,0,0,0,0,0,0,0,0,0,0,0,0,0,1007,1,5001,800011021
80001103,간호,0,0,0,0,0,0,0,0,0,0,0,0,0,0,0,0,1007,1,5001,800011031
80001104,간호,0,0,0,0,0,0,0,0,0,0,0,0,0,0,0,0,1007,1,5001,800011041
80001105,간호,0,0,0,0,0,0,0,0,0,0,0,0,0,0,0,0,1007,1,5001,800011051
80001201,포션증대,0,0,0,0,0,0,0,0,0,0,0,0,0,0,0,0,1007,1,5001,800012011
80001202,포션증대,0,0,0,0,0,0,0,0,0,0,0,0,0,0,0,0,1007,1,5001,800012021
80001203,포션증대,0,0,0,0,0,0,0,0,0,0,0,0,0,0,0,0,1007,1,5001,800012031
80001204,포션증대,0,0,0,0,0,0,0,0,0,0,0,0,0,0,0,0,1007,1,5001,800012041
80001205,포션증대,0,0,0,0,0,0,0,0,0,0,0,0,0,0,0,0,1007,1,5001,800012051
80001301,낙뇌,2081,6000,2080,6000,0,0,0,0,0,0,0,0,0,0,0,0,1007,1,5001,800013011
80001302,낙뇌,2081,6300,2080,6300,0,0,0,0,0,0,0,0,0,0,0,0,1007,1,5001,800013021
80001303,낙뇌,2081,6600,2080,6600,0,0,0,0,0,0,0,0,0,0,0,0,1007,1,5001,800013031
80001304,낙뇌,2081,6900,2080,6900,0,0,0,0,0,0,0,0,0,0,0,0,1007,1,5001,800013041
80001305,낙뇌,2081,7200,2080,7200,0,0,0,0,0,0,0,0,0,0,0,0,1007,1,5001,800013051
80001401,파이어볼,2081,10500,2080,10500,0,0,0,0,0,0,0,0,0,0,0,0,1007,1,5001,800014011
80001402,파이어볼,2081,11000,2080,11000,0,0,0,0,0,0,0,0,0,0,0,0,1007,1,5001,800014021
80001403,파이어볼,2081,11600,2080,11600,0,0,0,0,0,0,0,0,0,0,0,0,1007,1,5001,800014031
80001404,파이어볼,2081,12100,2080,12100,0,0,0,0,0,0,0,0,0,0,0,0,1007,1,5001,800014041
80001405,파이어볼,2081,12600,2080,12600,0,0,0,0,0,0,0,0,0,0,0,0,1007,1,5001,800014051
80001501,물어뜯기,508,200,7081,300,2080,10500,1010,50,541,1,545,50,591,10,0,0,1007,2,5001,800015011
80001502,물어뜯기,508,200,7081,300,2080,11000,1010,50,541,1,545,50,591,10,0,0,1007,4,5001,800015021
80001503,물어뜯기,508,200,7081,300,2080,11600,1010,50,541,1,545,50,591,10,0,0,1007,6,5001,800015031
80001504,물어뜯기,508,200,7081,300,2080,12100,1010,50,541,1,545,50,591,10,0,0,1007,8,5001,800015041
80001505,물어뜯기,508,200,7081,300,2080,12600,1010,50,541,1,545,50,591,10,0,0,1007,10,5001,800015051
80001601,포이즌 클라우드_푸얀,2,9002101,250,80003501,0,0,4701,1,0,0,0,0,0,0,0,0,1007,10,5001,800016011
80001602,포이즌 클라우드_푸얀,2,9002102,250,80003502,0,0,4701,1,0,0,0,0,0,0,0,0,1007,10,5001,800016021
80001603,포이즌 클라우드_푸얀,2,9002103,250,80003503,0,0,4701,1,0,0,0,0,0,0,0,0,1007,10,5001,800016031
80001604,포이즌 클라우드_푸얀,2,9002104,250,80003504,508,100,4701,1,0,0,0,0,0,0,0,0,1007,10,5001,800016041
80001605,포이즌 클라우드_푸얀,2,9002105,250,80003505,508,100,4701,1,0,0,0,0,0,0,0,0,1007,10,5001,800016051
80001701,포이즌 클라우드_핑마오,2,9002101,250,80003501,0,0,4701,1,0,0,0,0,0,0,0,0,1007,10,5001,800017011
80001702,포이즌 클라우드_핑마오,2,9002102,250,80003502,0,0,4701,1,0,0,0,0,0,0,0,0,1007,10,5001,800017021
80001703,포이즌 클라우드_핑마오,2,9002103,250,80003503,0,0,4701,1,0,0,0,0,0,0,0,0,1007,10,5001,800017031
80001704,포이즌 클라우드_핑마오,2,9002104,250,80003504,508,100,4701,1,0,0,0,0,0,0,0,0,1007,10,5001,800017041
80001705,포이즌 클라우드_핑마오,2,9002105,250,80003505,508,100,4701,1,0,0,0,0,0,0,0,0,1007,10,5001,800017051
80001801,포이즌 클라우드_레오,2,9002101,250,80003501,0,0,4701,1,0,0,0,0,0,0,0,0,1007,10,5001,800018011
80001802,포이즌 클라우드_레오,2,9002102,250,80003502,0,0,4701,1,0,0,0,0,0,0,0,0,1007,10,5001,800018021
80001803,포이즌 클라우드_레오,2,9002103,250,80003503,0,0,4701,1,0,0,0,0,0,0,0,0,1007,10,5001,800018031
80001804,포이즌 클라우드_레오,2,9002104,250,80003504,508,100,4701,1,0,0,0,0,0,0,0,0,1007,10,5001,800018041
80001805,포이즌 클라우드_레오,2,9002105,250,80003505,508,100,4701,1,0,0,0,0,0,0,0,0,1007,10,5001,800018051
80001901,휠 윈드_푸얀,508,200,7081,300,2080,10200,1010,50,0,0,0,0,0,0,0,0,1007,3,5001,800019011
80001902,휠 윈드_푸얀,508,200,7081,300,2080,14400,1010,50,0,0,0,0,0,0,0,0,1007,5,5001,800019021
80001903,휠 윈드_푸얀,508,200,7081,300,2080,18600,1010,50,0,0,0,0,0,0,0,0,1007,7,5001,800019031
80001904,휠 윈드_푸얀,508,200,7081,300,2080,22800,1010,50,0,0,0,0,0,0,0,0,1007,9,5001,800019041
80001905,휠 윈드_푸얀,508,200,7081,300,2080,27000,1010,50,0,0,0,0,0,0,0,0,1007,12,5001,800019051
80002001,휠 윈드_핑마오,508,200,7081,300,2080,16200,1010,50,0,0,0,0,0,0,0,0,1007,3,5001,800020011
80002002,휠 윈드_핑마오,508,200,7081,300,2080,22800,1010,50,0,0,0,0,0,0,0,0,1007,5,5001,800020021
80002003,휠 윈드_핑마오,508,200,7081,300,2080,29500,1010,50,0,0,0,0,0,0,0,0,1007,7,5001,800020031
80002004,휠 윈드_핑마오,508,200,7081,300,2080,36200,1010,50,0,0,0,0,0,0,0,0,1007,9,5001,800020041
80002005,휠 윈드_핑마오,508,200,7081,300,2080,42900,1010,50,0,0,0,0,0,0,0,0,1007,12,5001,800020051
80002101,휠 윈드_레오,508,200,7081,300,2080,17900,1010,50,0,0,0,0,0,0,0,0,1007,3,5001,800021011
80002102,휠 윈드_레오,508,200,7081,300,2080,25200,1010,50,0,0,0,0,0,0,0,0,1007,5,5001,800021021
80002103,휠 윈드_레오,508,200,7081,300,2080,32600,1010,50,0,0,0,0,0,0,0,0,1007,7,5001,800021031
80002104,휠 윈드_레오,508,200,7081,300,2080,40000,1010,50,0,0,0,0,0,0,0,0,1007,9,5001,800021041
80002105,휠 윈드_레오,508,200,7081,300,2080,47400,1010,50,0,0,0,0,0,0,0,0,1007,12,5001,800021051
80002201,다크 클라우드_푸얀,2,9002201,250,80003801,0,0,4701,1,0,0,0,0,0,0,0,0,1007,10,5001,800022011
80002202,다크 클라우드_푸얀,2,9002202,250,80003802,0,0,4701,1,0,0,0,0,0,0,0,0,1007,10,5001,800022021
80002203,다크 클라우드_푸얀,2,9002203,250,80003803,508,100,4701,1,0,0,0,0,0,0,0,0,1007,10,5001,800022031
80002204,다크 클라우드_푸얀,2,9002204,250,80003804,508,100,4701,1,0,0,0,0,0,0,0,0,1007,10,5001,800022041
80002205,다크 클라우드_푸얀,2,9002205,250,80003805,508,100,4701,1,0,0,0,0,0,0,0,0,1007,10,5001,800022051
80002301,다크 클라우드_핑마오,2,9002201,250,80003801,0,0,4701,1,0,0,0,0,0,0,0,0,1007,10,5001,800023011
80002302,다크 클라우드_핑마오,2,9002202,250,80003802,0,0,4701,1,0,0,0,0,0,0,0,0,1007,10,5001,800023021
80002303,다크 클라우드_핑마오,2,9002203,250,80003803,508,100,4701,1,0,0,0,0,0,0,0,0,1007,10,5001,800023031
80002304,다크 클라우드_핑마오,2,9002204,250,80003804,508,100,4701,1,0,0,0,0,0,0,0,0,1007,10,5001,800023041
80002305,다크 클라우드_핑마오,2,9002205,250,80003805,508,100,4701,1,0,0,0,0,0,0,0,0,1007,10,5001,800023051
80002401,다크 클라우드_레오,2,9002201,250,80003801,0,0,4701,1,0,0,0,0,0,0,0,0,1007,10,5001,800024011
80002402,다크 클라우드_레오,2,9002202,250,80003802,0,0,4701,1,0,0,0,0,0,0,0,0,1007,10,5001,800024021
80002403,다크 클라우드_레오,2,9002203,250,80003803,508,100,4701,1,0,0,0,0,0,0,0,0,1007,10,5001,800024031
80002404,다크 클라우드_레오,2,9002204,250,80003804,508,100,4701,1,0,0,0,0,0,0,0,0,1007,10,5001,800024041
80002405,다크 클라우드_레오,2,9002205,250,80003805,508,100,4701,1,0,0,0,0,0,0,0,0,1007,10,5001,800024051
80002501,몸통 부딪히기_푸얀,508,200,7081,300,2080,16200,0,0,0,0,0,0,0,0,0,0,1007,1,5001,800025011
80002502,몸통 부딪히기_푸얀,508,200,7081,300,2080,19200,0,0,0,0,0,0,0,0,0,0,1007,2,5001,800025021
80002503,몸통 부딪히기_푸얀,508,200,7081,300,2080,22200,0,0,0,0,0,0,0,0,0,0,1007,3,5001,800025031
80002504,몸통 부딪히기_푸얀,508,200,7081,300,2080,25200,0,0,0,0,0,0,0,0,0,0,1007,4,5001,800025041
80002505,몸통 부딪히기_푸얀,508,200,7081,300,2080,28200,0,0,0,0,0,0,0,0,0,0,1007,5,5001,800025051
80002506,몸통 부딪히기_푸얀,508,200,7081,300,2080,28200,0,0,0,0,0,0,0,0,0,0,1007,5,5001,800025051
80002601,몸통 부딪히기_핑마오,508,200,7081,300,2080,25700,0,0,0,0,0,0,0,0,0,0,1007,1,5001,800026011
80002602,몸통 부딪히기_핑마오,508,200,7081,300,2080,30400,0,0,0,0,0,0,0,0,0,0,1007,2,5001,800026021
80002603,몸통 부딪히기_핑마오,508,200,7081,300,2080,35100,0,0,0,0,0,0,0,0,0,0,1007,3,5001,800026031
80002604,몸통 부딪히기_핑마오,508,200,7081,300,2080,39800,0,0,0,0,0,0,0,0,0,0,1007,4,5001,800026041
80002605,몸통 부딪히기_핑마오,508,200,7081,300,2080,44500,0,0,0,0,0,0,0,0,0,0,1007,5,5001,800026051
80002701,몸통 부딪히기_레오,508,200,7081,300,2080,28400,0,0,0,0,0,0,0,0,0,0,1007,1,5001,800027011
80002702,몸통 부딪히기_레오,508,200,7081,300,2080,33600,0,0,0,0,0,0,0,0,0,0,1007,2,5001,800027021
80002703,몸통 부딪히기_레오,508,200,7081,300,2080,38800,0,0,0,0,0,0,0,0,0,0,1007,3,5001,800027031
80002704,몸통 부딪히기_레오,508,200,7081,300,2080,44000,0,0,0,0,0,0,0,0,0,0,1007,4,5001,800027041
80002705,몸통 부딪히기_레오,508,200,7081,300,2080,49200,0,0,0,0,0,0,0,0,0,0,1007,5,5001,800027051
80002801,블리자드_푸얀,3125,1,3067,999,3126,10,2081,25200,0,0,0,0,0,0,0,0,1007,10,5001,800028011
80002802,블리자드_푸얀,3125,1,3067,999,3126,10,2081,0,0,0,0,0,0,0,0,0,1007,10,5001,800028021
80002803,블리자드_푸얀,3125,1,3067,999,3126,10,2081,0,0,0,0,0,0,0,0,0,1007,10,5001,800028031
80002804,블리자드_푸얀,3125,1,3067,999,3126,10,2081,0,0,0,0,0,0,0,0,0,1007,10,5001,800028041
80002805,블리자드_푸얀,3125,1,3067,999,3126,10,2081,0,0,0,0,0,0,0,0,0,1007,10,5001,800028051
80002901,블리자드_핑마오,3125,1,3067,999,3126,10,2081,44100,0,0,0,0,0,0,0,0,1007,10,5001,800029011
80002902,블리자드_핑마오,3125,1,3067,999,3126,10,2081,0,0,0,0,0,0,0,0,0,1007,10,5001,800029021
80002903,블리자드_핑마오,3125,1,3067,999,3126,10,2081,0,0,0,0,0,0,0,0,0,1007,10,5001,800029031
80002904,블리자드_핑마오,3125,1,3067,999,3126,10,2081,0,0,0,0,0,0,0,0,0,1007,10,5001,800029041
80002905,블리자드_핑마오,3125,1,3067,999,3126,10,2081,0,0,0,0,0,0,0,0,0,1007,10,5001,800029051
80003001,블리자드_레오,3125,1,3067,999,3126,10,2081,39900,0,0,0,0,0,0,0,0,1007,10,5001,800030011
80003002,블리자드_레오,3125,1,3067,999,3126,10,2081,0,0,0,0,0,0,0,0,0,1007,10,5001,800030021
80003003,블리자드_레오,3125,1,3067,999,3126,10,2081,0,0,0,0,0,0,0,0,0,1007,10,5001,800030031
80003004,블리자드_레오,3125,1,3067,999,3126,10,2081,0,0,0,0,0,0,0,0,0,1007,10,5001,800030041
80003005,블리자드_레오,3125,1,3067,999,3126,10,2081,0,0,0,0,0,0,0,0,0,1007,10,5001,800030051
80003101,메테오_푸얀,3125,1,3067,999,3126,1,2081,30000,0,0,0,0,0,0,0,0,1007,10,5001,800031011
80003102,메테오_푸얀,3125,1,3067,999,3126,1,2081,0,0,0,0,0,0,0,0,0,1007,10,5001,800031021
80003103,메테오_푸얀,3125,1,3067,999,3126,1,2081,0,0,0,0,0,0,0,0,0,1007,10,5001,800031031
80003104,메테오_푸얀,3125,1,3067,999,3126,1,2081,0,0,0,0,0,0,0,0,0,1007,10,5001,800031041
80003105,메테오_푸얀,3125,1,3067,999,3126,1,2081,0,0,0,0,0,0,0,0,0,1007,10,5001,800031051
80003201,메테오_핑마오,3125,1,3067,999,3126,1,2081,52500,0,0,0,0,0,0,0,0,1007,10,5001,800032011
80003202,메테오_핑마오,3125,1,3067,999,3126,1,2081,0,0,0,0,0,0,0,0,0,1007,10,5001,800032021
80003203,메테오_핑마오,3125,1,3067,999,3126,1,2081,0,0,0,0,0,0,0,0,0,1007,10,5001,800032031
80003204,메테오_핑마오,3125,1,3067,999,3126,1,2081,0,0,0,0,0,0,0,0,0,1007,10,5001,800032041
80003205,메테오_핑마오,3125,1,3067,999,3126,1,2081,0,0,0,0,0,0,0,0,0,1007,10,5001,800032051
80003301,메테오_레오,3125,1,3067,999,3126,1,2081,47500,0,0,0,0,0,0,0,0,1007,10,5001,800033011
80003302,메테오_레오,3125,1,3067,999,3126,1,2081,0,0,0,0,0,0,0,0,0,1007,10,5001,800033021
80003303,메테오_레오,3125,1,3067,999,3126,1,2081,0,0,0,0,0,0,0,0,0,1007,10,5001,800033031
80003304,메테오_레오,3125,1,3067,999,3126,1,2081,0,0,0,0,0,0,0,0,0,1007,10,5001,800033041
80003305,메테오_레오,3125,1,3067,999,3126,1,2081,0,0,0,0,0,0,0,0,0,1007,10,5001,800033051
80003401,경험치 추가,1012,10,0,0,0,0,0,0,0,0,0,0,0,0,0,0,1007,1,5001,800034011
80003501,포이즌 클라우드(펫 소환용_푸얀),2081,10000,2089,3,251,80001601,2080,10000,0,0,0,0,0,0,0,0,1007,10,0,0
80003502,포이즌 클라우드(펫 소환용_푸얀),2081,12500,2089,4,0,0,2080,12500,0,0,0,0,0,0,0,0,1007,10,0,0
80003503,포이즌 클라우드(펫 소환용_푸얀),2081,15000,2089,5,0,0,2080,15000,0,0,0,0,0,0,0,0,1007,10,0,0
80003504,포이즌 클라우드(펫 소환용_푸얀),2081,17500,2089,6,0,0,2080,17500,0,0,0,0,0,0,0,0,1007,10,0,0
80003505,포이즌 클라우드(펫 소환용_푸얀),2081,20000,2089,7,0,0,2080,20000,0,0,0,0,0,0,0,0,1007,10,0,0
80003801,다크 클라우드(펫 소환용_푸얀),2081,10000,2089,5,251,80002201,2080,10000,0,0,0,0,0,0,0,0,1007,10,0,0
80003802,다크 클라우드(펫 소환용_푸얀),2081,12500,2089,6,0,0,2080,12500,0,0,0,0,0,0,0,0,1007,10,0,0
80003803,다크 클라우드(펫 소환용_푸얀),2081,15000,2089,7,0,0,2080,15000,0,0,0,0,0,0,0,0,1007,10,0,0
80003804,다크 클라우드(펫 소환용_푸얀),2081,17500,2089,8,0,0,2080,17500,0,0,0,0,0,0,0,0,1007,10,0,0
80003805,다크 클라우드(펫 소환용_푸얀),2081,20000,2089,9,0,0,2080,20000,0,0,0,0,0,0,0,0,1007,10,0,0
80004101,자동 공격,0,0,0,0,0,0,0,0,0,0,0,0,0,0,0,0,0,0,5001,800041011
80004102,근접 물리 어빌,2011,16777216,2018,1,0,0,0,0,0,0,0,0,0,0,0,0,0,0,0,0
80004103,근접 마법 어빌,2011,33554432,2018,1,0,0,0,0,0,0,0,0,0,0,0,0,0,0,0,0
80004104,발사체 물리 어빌,2011,16777218,2018,1,0,0,0,0,0,0,0,0,0,0,0,0,0,0,0,0
80004105,발사체 마법 어빌,2011,33554434,2018,1,0,0,0,0,0,0,0,0,0,0,0,0,0,0,0,0
80004106,발사체 마법 어빌(캐스팅),2011,33554434,2018,1,3067,5,3125,1,0,0,0,0,0,0,0,0,0,0,0,0
80004201,승하차 스킬 Lv1(250%),0,0,0,0,0,0,0,0,0,0,0,0,0,0,0,0,0,0,5001,800042011
80004202,승하차 스킬 Lv2(300%),0,0,0,0,0,0,0,0,0,0,0,0,0,0,0,0,0,0,5001,800042011
80004203,승하차 스킬 Lv3(350%),0,0,0,0,0,0,0,0,0,0,0,0,0,0,0,0,0,0,5001,800042011
80004204,승하차 스킬 Lv4(400%),0,0,0,0,0,0,0,0,0,0,0,0,0,0,0,0,0,0,5001,800042011
80004205,승하차 스킬 Lv5(450%),0,0,0,0,0,0,0,0,0,0,0,0,0,0,0,0,0,0,5001,800042011
80004301,탑승 공격(발사체) 1Lv,2081,10500,2080,10500,0,0,0,0,0,0,0,0,0,0,0,0,1007,5,5001,800043011
80004302,탑승 공격(발사체) 2Lv,2081,11000,2080,11000,0,0,0,0,0,0,0,0,0,0,0,0,1007,5,5001,800043011
80004303,탑승 공격(발사체) 3Lv,2081,11600,2080,11600,0,0,0,0,0,0,0,0,0,0,0,0,1007,5,5001,800043011
80004304,탑승 공격(발사체) 4Lv,2081,12100,2080,12100,0,0,0,0,0,0,0,0,0,0,0,0,1007,5,5001,800043011
80004305,탑승 공격(발사체) 5Lv,2081,12600,2080,12600,0,0,0,0,0,0,0,0,0,0,0,0,1007,5,5001,800043011
80004401,탑승 공격(범위공격) 1Lv,0,0,0,0,0,0,0,0,0,0,0,0,0,0,0,0,0,0,5001,80006521
80004402,탑승 공격(범위공격) 2Lv,0,0,0,0,0,0,0,0,0,0,0,0,0,0,0,0,0,0,5001,80006521
80004403,탑승 공격(범위공격) 3Lv,0,0,0,0,0,0,0,0,0,0,0,0,0,0,0,0,0,0,5001,80006521
80004404,탑승 공격(범위공격) 4Lv,0,0,0,0,0,0,0,0,0,0,0,0,0,0,0,0,0,0,5001,80006521
80004405,탑승 공격(범위공격) 5Lv,0,0,0,0,0,0,0,0,0,0,0,0,0,0,0,0,0,0,5001,80006521
80004411,탑승 공격(연출용),0,0,0,0,0,0,0,0,0,0,0,0,0,0,0,0,0,0,5001,80006521
80004412,탑승 공격(연출용),0,0,0,0,0,0,0,0,0,0,0,0,0,0,0,0,0,0,5001,80006521
80004413,탑승 공격(연출용),0,0,0,0,0,0,0,0,0,0,0,0,0,0,0,0,0,0,5001,80006521
80004414,탑승 공격(연출용),0,0,0,0,0,0,0,0,0,0,0,0,0,0,0,0,0,0,5001,80006521
80004415,탑승 공격(연출용),0,0,0,0,0,0,0,0,0,0,0,0,0,0,0,0,0,0,5001,80006521
80004501,타우린 서포트 1Lv,0,0,101,500,0,0,0,0,0,0,0,0,0,0,0,0,1007,1,5001,800045011
80004502,타우린 서포트 2Lv,0,0,101,1000,0,0,0,0,0,0,0,0,0,0,0,0,1007,1,5001,800045021
80004503,타우린 서포트 3Lv,0,0,101,1500,0,0,0,0,0,0,0,0,0,0,0,0,1007,1,5001,800045031
80004504,타우린 서포트 4Lv,0,0,101,2000,0,0,0,0,0,0,0,0,0,0,0,0,1007,1,5001,800045041
80004505,타우린 서포트 5Lv,0,0,101,2500,0,0,0,0,0,0,0,0,0,0,0,0,1007,1,5001,800045051
80004506,타우린 서포트 6Lv,0,0,101,3000,0,0,0,0,0,0,0,0,0,0,0,0,1007,1,5001,800045061
80004507,타우린 서포트 7Lv,0,0,101,3500,0,0,0,0,0,0,0,0,0,0,0,0,1007,1,5001,800045071
80004508,타우린 서포트 8Lv,0,0,101,4000,0,0,0,0,0,0,0,0,0,0,0,0,1007,1,5001,800045081
80004509,타우린 서포트 9Lv,0,0,101,4500,0,0,0,0,0,0,0,0,0,0,0,0,1007,1,5001,800045091
80004510,타우린 서포트 10Lv,0,0,101,5000,0,0,0,0,0,0,0,0,0,0,0,0,1007,1,5001,800045101
80004601,허리캐인,2081,10500,2080,10500,3126,3,2011,16777218,2018,1,0,0,0,0,0,0,1007,3,5001,80004611
80004602,허리캐인,2081,10500,2080,10500,3126,4,2011,16777218,2018,1,0,0,0,0,0,0,1007,4,5001,80004612
80004603,허리캐인,2081,10500,2080,10500,3126,5,2011,16777218,2018,1,0,0,0,0,0,0,1007,5,5001,80004613
80004604,허리캐인,2081,10500,2080,10500,3126,6,2011,16777218,2018,1,0,0,0,0,0,0,1007,6,5001,80004614
80004605,허리캐인,2081,10500,2080,10500,3126,7,2011,16777218,2018,1,0,0,0,0,0,0,1007,7,5001,80004615
80004606,허리캐인,2081,10500,2080,10500,3126,8,2011,16777218,2018,1,0,0,0,0,0,0,1007,8,5001,80004616
80004607,허리캐인,2081,10500,2080,10500,3126,9,2011,16777218,2018,1,0,0,0,0,0,0,1007,9,5001,80004617
80004608,허리캐인,2081,10500,2080,10500,3126,10,2011,16777218,2018,1,0,0,0,0,0,0,1007,10,5001,80004618
80004609,허리캐인,2081,10500,2080,10500,3126,11,2011,16777218,2018,1,0,0,0,0,0,0,1007,11,5001,80004619
80004610,허리캐인,2081,10500,2080,10500,3126,12,2011,16777218,2018,1,0,0,0,0,0,0,1007,12,5001,80004621
80004701,펫 푸드낙하(펫 버프) Lv1,0,0,0,0,0,0,0,0,0,0,0,0,0,0,0,0,1007,1,5001,80004711
80004702,펫 푸드낙하(펫 버프) Lv2,0,0,0,0,0,0,0,0,0,0,0,0,0,0,0,0,1007,1,5001,80004712
80004703,펫 푸드낙하(펫 버프) Lv3,0,0,0,0,0,0,0,0,0,0,0,0,0,0,0,0,1007,1,5001,80004713
80004704,펫 푸드낙하(펫 버프) Lv4,0,0,0,0,0,0,0,0,0,0,0,0,0,0,0,0,1007,1,5001,80004714
80004705,펫 푸드낙하(펫 버프) Lv5,0,0,0,0,0,0,0,0,0,0,0,0,0,0,0,0,1007,1,5001,80004715
80004706,펫 푸드낙하(펫 버프) Lv6,0,0,0,0,0,0,0,0,0,0,0,0,0,0,0,0,1007,1,5001,80004716
80004707,펫 푸드낙하(펫 버프) Lv7,0,0,0,0,0,0,0,0,0,0,0,0,0,0,0,0,1007,1,5001,80004717
80004708,펫 푸드낙하(펫 버프) Lv8,0,0,0,0,0,0,0,0,0,0,0,0,0,0,0,0,1007,1,5001,80004718
80004709,펫 푸드낙하(펫 버프) Lv9,0,0,0,0,0,0,0,0,0,0,0,0,0,0,0,0,1007,1,5001,80004719
80004710,펫 푸드낙하(펫 버프) Lv10,0,0,0,0,0,0,0,0,0,0,0,0,0,0,0,0,1007,1,5001,80004721
80004801,프로즌 클라우드,0,0,0,0,0,0,0,0,0,0,0,0,0,0,0,0,1007,1,5001,80004911
80004802,프로즌 클라우드,0,0,0,0,0,0,0,0,0,0,0,0,0,0,0,0,1007,1,5001,80004912
80004803,프로즌 클라우드,0,0,0,0,0,0,0,0,0,0,0,0,0,0,0,0,1007,1,5001,80004913
80004804,프로즌 클라우드,0,0,0,0,0,0,0,0,0,0,0,0,0,0,0,0,1007,1,5001,80004914
80004805,프로즌 클라우드,0,0,0,0,0,0,0,0,0,0,0,0,0,0,0,0,1007,1,5001,80004915
80004806,프로즌 클라우드,0,0,0,0,0,0,0,0,0,0,0,0,0,0,0,0,1007,1,5001,80004916
80004807,프로즌 클라우드,0,0,0,0,0,0,0,0,0,0,0,0,0,0,0,0,1007,1,5001,80004917
80004808,프로즌 클라우드,0,0,0,0,0,0,0,0,0,0,0,0,0,0,0,0,1007,1,5001,80004918
80004809,프로즌 클라우드,0,0,0,0,0,0,0,0,0,0,0,0,0,0,0,0,1007,1,5001,80004919
80004810,프로즌 클라우드,0,0,0,0,0,0,0,0,0,0,0,0,0,0,0,0,1007,1,5001,80004921
80004901,프로즌 클라우드(디법),0,0,2090,7,0,0,0,0,0,0,0,0,0,0,0,0,1007,4,5001,80004911
80004902,프로즌 클라우드(디법),0,0,2090,7,0,0,0,0,0,0,0,0,0,0,0,0,1007,4,5001,80004912
80004903,프로즌 클라우드(디법),0,0,2090,7,0,0,0,0,0,0,0,0,0,0,0,0,1007,4,5001,80004913
80004904,프로즌 클라우드(디법),0,0,2090,7,0,0,0,0,0,0,0,0,0,0,0,0,1007,4,5001,80004914
80004905,프로즌 클라우드(디법),0,0,2090,7,0,0,0,0,0,0,0,0,0,0,0,0,1007,4,5001,80004915
80004906,프로즌 클라우드(디법),0,0,2090,7,0,0,0,0,0,0,0,0,0,0,0,0,1007,4,5001,80004916
80004907,프로즌 클라우드(디법),0,0,2090,7,0,0,0,0,0,0,0,0,0,0,0,0,1007,4,5001,80004917
80004908,프로즌 클라우드(디법),0,0,2090,7,0,0,0,0,0,0,0,0,0,0,0,0,1007,4,5001,80004918
80004909,프로즌 클라우드(디법),0,0,2090,7,0,0,0,0,0,0,0,0,0,0,0,0,1007,4,5001,80004919
80004910,프로즌 클라우드(디법),0,0,2090,7,0,0,0,0,0,0,0,0,0,0,0,0,1007,4,5001,80004921
80005100,펫 Ai어빌,818,1,0,0,0,0,0,0,0,0,0,0,0,0,0,0,0,0,0,0
80005101,파이어 클라우드(발동),0,0,0,0,0,0,0,0,0,0,0,0,0,0,0,0,1007,1,5001,80005111
80005102,파이어 클라우드(발동),0,0,0,0,0,0,0,0,0,0,0,0,0,0,0,0,1007,1,5001,80005112
80005103,파이어 클라우드(발동),0,0,0,0,0,0,0,0,0,0,0,0,0,0,0,0,1007,1,5001,80005113
80005104,파이어 클라우드(발동),0,0,0,0,0,0,0,0,0,0,0,0,0,0,0,0,1007,1,5001,80005114
80005105,파이어 클라우드(발동),0,0,0,0,0,0,0,0,0,0,0,0,0,0,0,0,1007,1,5001,80005115
80005106,파이어 클라우드(발동),0,0,0,0,0,0,0,0,0,0,0,0,0,0,0,0,1007,1,5001,80005116
80005107,파이어 클라우드(발동),0,0,0,0,0,0,0,0,0,0,0,0,0,0,0,0,1007,1,5001,80005117
80005108,파이어 클라우드(발동),0,0,0,0,0,0,0,0,0,0,0,0,0,0,0,0,1007,1,5001,80005118
80005109,파이어 클라우드(발동),0,0,0,0,0,0,0,0,0,0,0,0,0,0,0,0,1007,1,5001,80005119
80005110,파이어 클라우드(발동),0,0,0,0,0,0,0,0,0,0,0,0,0,0,0,0,1007,1,5001,80005121
80005201,파이어 클라우드(디법),0,0,2090,7,0,0,0,0,0,0,0,0,0,0,0,0,1007,4,5001,80005111
80005202,파이어 클라우드(디법),0,0,2090,7,0,0,0,0,0,0,0,0,0,0,0,0,1007,4,5001,80005112
80005203,파이어 클라우드(디법),0,0,2090,7,0,0,0,0,0,0,0,0,0,0,0,0,1007,4,5001,80005113
80005204,파이어 클라우드(디법),0,0,2090,7,0,0,0,0,0,0,0,0,0,0,0,0,1007,4,5001,80005114
80005205,파이어 클라우드(디법),0,0,2090,7,0,0,0,0,0,0,0,0,0,0,0,0,1007,4,5001,80005115
80005206,파이어 클라우드(디법),0,0,2090,7,0,0,0,0,0,0,0,0,0,0,0,0,1007,4,5001,80005116
80005207,파이어 클라우드(디법),0,0,2090,7,0,0,0,0,0,0,0,0,0,0,0,0,1007,4,5001,80005117
80005208,파이어 클라우드(디법),0,0,2090,7,0,0,0,0,0,0,0,0,0,0,0,0,1007,4,5001,80005118
80005209,파이어 클라우드(디법),0,0,2090,7,0,0,0,0,0,0,0,0,0,0,0,0,1007,4,5001,80005119
80005210,파이어 클라우드(디법),0,0,2090,7,0,0,0,0,0,0,0,0,0,0,0,0,1007,4,5001,80005121
80005301,파이어 허리캐인,2081,10500,2080,10500,3126,3,2011,16777218,2018,1,0,0,0,0,0,0,1007,3,5001,80005311
80005302,파이어 허리캐인,2081,10500,2080,10500,3126,4,2011,16777218,2018,1,0,0,0,0,0,0,1007,4,5001,80005312
80005303,파이어 허리캐인,2081,10500,2080,10500,3126,5,2011,16777218,2018,1,0,0,0,0,0,0,1007,5,5001,80005313
80005304,파이어 허리캐인,2081,10500,2080,10500,3126,6,2011,16777218,2018,1,0,0,0,0,0,0,1007,6,5001,80005314
80005305,파이어 허리캐인,2081,10500,2080,10500,3126,7,2011,16777218,2018,1,0,0,0,0,0,0,1007,7,5001,80005315
80005306,파이어 허리캐인,2081,10500,2080,10500,3126,8,2011,16777218,2018,1,0,0,0,0,0,0,1007,8,5001,80005316
80005307,파이어 허리캐인,2081,10500,2080,10500,3126,9,2011,16777218,2018,1,0,0,0,0,0,0,1007,9,5001,80005317
80005308,파이어 허리캐인,2081,10500,2080,10500,3126,10,2011,16777218,2018,1,0,0,0,0,0,0,1007,10,5001,80005318
80005309,파이어 허리캐인,2081,10500,2080,10500,3126,11,2011,16777218,2018,1,0,0,0,0,0,0,1007,11,5001,80005319
80005310,파이어 허리캐인,2081,10500,2080,10500,3126,12,2011,16777218,2018,1,0,0,0,0,0,0,1007,12,5001,80005321
80005401,라이거(펫 버프) Lv1,2051,101020101,2090,7,0,0,541,0,546,100,1009,30,0,0,0,0,1007,4,5001,80005411
80005402,라이거(펫 버프) Lv2,2051,101020102,2090,7,0,0,541,0,546,100,1009,30,0,0,0,0,1007,5,5001,80005411
80005403,라이거(펫 버프) Lv3,2051,101020103,2090,7,0,0,541,0,546,100,1009,30,0,0,0,0,1007,6,5001,80005411
80005404,라이거(펫 버프) Lv4,2051,101020104,2090,7,0,0,541,0,546,100,1009,30,0,0,0,0,1007,7,5001,80005411
80005405,라이거(펫 버프) Lv5,2051,101020105,2090,7,0,0,541,0,546,100,1009,30,0,0,0,0,1007,8,5001,80005411
80005501,대쉬후 물어버리기,2089,6,2090,7,2080,10500,541,0,546,80,5501,500,0,0,0,0,1007,4,5001,80005511
80005502,대쉬후 물어버리기,2089,6,2090,7,2080,13500,541,0,546,80,5501,500,0,0,0,0,1007,5,5001,80005511
80005503,대쉬후 물어버리기,2089,6,2090,7,2080,15500,541,0,546,80,5501,500,0,0,0,0,1007,6,5001,80005511
80005504,대쉬후 물어버리기,2089,6,2090,7,2080,17500,541,0,546,80,5501,500,0,0,0,0,1007,7,5001,80005511
80005505,대쉬후 물어버리기,2089,6,2090,7,2080,20500,541,0,546,80,5501,500,0,0,0,0,1007,8,5001,80005511
80006501,레이져(블루썬더),508,50,7081,300,2080,13600,1010,50,541,1,545,80,591,10,0,0,1007,2,5001,80006511
80006502,레이져(블루썬더),508,50,7081,300,2080,14100,1010,50,541,1,545,80,591,10,0,0,1007,4,5001,80006511
80006503,레이져(블루썬더),508,50,7081,300,2080,14600,1010,50,541,1,545,80,591,10,0,0,1007,6,5001,80006511
80006504,레이져(블루썬더),508,50,7081,300,2080,15100,1010,50,541,1,545,80,591,10,0,0,1007,8,5001,80006511
80006505,레이져(블루썬더),508,50,7081,300,2080,15600,1010,50,541,1,545,80,591,10,0,0,1007,10,5001,80006511
80006511,레이져(블루썬더),2081,13600,2080,13600,0,0,0,0,0,0,0,0,0,0,0,0,1007,5,5001,80006511
80006512,레이져(블루썬더),2081,14100,2080,14100,0,0,0,0,0,0,0,0,0,0,0,0,1007,5,5001,80006511
80006513,레이져(블루썬더),2081,14600,2080,14600,0,0,0,0,0,0,0,0,0,0,0,0,1007,5,5001,80006511
80006514,레이져(블루썬더),2081,15100,2080,15100,0,0,0,0,0,0,0,0,0,0,0,0,1007,5,5001,80006511
80006515,레이져(블루썬더),2081,15600,2080,15600,0,0,0,0,0,0,0,0,0,0,0,0,1007,5,5001,80006511
80006601,수류탄(와일드),2081,13600,2080,13600,0,0,0,0,0,0,0,0,0,0,0,0,1007,5,5001,80006611
80006602,수류탄(와일드),2081,14100,2080,14100,0,0,0,0,0,0,0,0,0,0,0,0,1007,5,5001,80006611
80006603,수류탄(와일드),2081,14600,2080,14600,0,0,0,0,0,0,0,0,0,0,0,0,1007,5,5001,80006611
80006604,수류탄(와일드),2081,15100,2080,15100,0,0,0,0,0,0,0,0,0,0,0,0,1007,5,5001,80006611
80006605,수류탄(와일드),2081,15600,2080,15600,0,0,0,0,0,0,0,0,0,0,0,0,1007,5,5001,80006611
80006701,바위를 가르는 검 1,508,50,0,0,2081,15600,2080,15600,541,1,545,80,0,0,591,10,1007,5,0,0
80006702,바위를 가르는 검 2,508,50,0,0,2081,15800,2080,15800,541,1,545,80,0,0,591,10,1007,6,0,0
80006703,바위를 가르는 검 3,508,50,0,0,2081,16000,2080,16000,541,1,545,80,0,0,591,10,1007,7,0,0
80006704,바위를 가르는 검 4,508,50,0,0,2081,16200,2080,16200,541,1,545,80,0,0,591,10,1007,8,0,0
80006705,바위를 가르는 검 5,508,50,0,0,2081,16400,2080,16400,541,1,545,80,0,0,591,10,1007,9,0,0
80006801,휠윈드 1,508,100,0,0,2081,17600,2080,17600,541,0,545,0,546,200,591,10,1007,5,0,0
80006802,휠윈드 2,508,100,0,0,2081,17800,2080,17800,541,0,545,0,546,200,591,10,1007,6,0,0
80006803,휠윈드 3,508,100,0,0,2081,18000,2080,18000,541,0,545,0,546,200,591,10,1007,7,0,0
80006804,휠윈드 4,508,100,0,0,2081,18200,2080,18200,541,0,545,0,546,200,591,10,1007,8,0,0
80006805,휠윈드 5,508,100,0,0,2081,18400,2080,18400,541,0,545,0,546,200,591,10,1007,9,0,0
80006901,용의 분노 1,508,200,0,0,2081,15600,2080,15600,541,1,545,50,546,40,591,10,1007,10,0,0
80006902,용의 분노 2,508,200,0,0,2081,16000,2080,16000,541,1,545,50,546,40,591,10,1007,11,0,0
80006903,용의 분노 3,508,200,0,0,2081,16400,2080,16400,541,1,545,50,546,40,591,10,1007,12,0,0
80006904,용의 분노 4,508,200,0,0,2081,16800,2080,16800,541,1,545,50,546,40,591,10,1007,13,0,0
80006905,용의 분노 5,508,200,0,0,2081,17200,2080,17200,541,1,545,50,546,40,591,10,1007,14,0,0
80007001,해바라기 펫 스킬,1007,1,3041,80007001,2250,1,0,0,0,0,0,0,0,0,0,0,0,0,5001,80007011
80007101,페가수스의 날개(HP/MP회복),0,0,0,0,7002,3000,7022,3000,541,0,545,0,0,0,0,0,0,0,5001,80007101
80007201,초승달 가르기 1,508,50,0,0,2081,15600,2080,15600,541,1,545,80,0,0,591,10,1007,5,0,0
80007202,초승달 가르기 2,508,50,0,0,2081,15800,2080,15800,541,1,545,80,0,0,591,10,1007,6,0,0
80007203,초승달 가르기 3,508,50,0,0,2081,16000,2080,16000,541,1,545,80,0,0,591,10,1007,7,0,0
80007204,초승달 가르기 4,508,50,0,0,2081,16200,2080,16200,541,1,545,80,0,0,591,10,1007,8,0,0
80007205,초승달 가르기 5,508,50,0,0,2081,16400,2080,16400,541,1,545,80,0,0,591,10,1007,9,0,0
80007301,흑룡포 1,2081,13600,2080,13600,0,0,0,0,0,0,0,0,0,0,0,0,1007,5,5001,80006611
80007302,흑룡포 2,2081,14100,2080,14100,0,0,0,0,0,0,0,0,0,0,0,0,1007,5,5001,80006611
80007303,흑룡포 3,2081,14600,2080,14600,0,0,0,0,0,0,0,0,0,0,0,0,1007,5,5001,80006611
80007304,흑룡포 4,2081,15100,2080,15100,0,0,0,0,0,0,0,0,0,0,0,0,1007,5,5001,80006611
80007305,흑룡포 5,2081,15600,2080,15600,0,0,0,0,0,0,0,0,0,0,0,0,1007,5,5001,80006611
80007401,구룡포 1,2081,10500,2080,10500,3126,3,2011,16777218,2018,1,0,0,0,0,0,0,1007,3,5001,80005311
80007402,구룡포 2,2081,10500,2080,10500,3126,4,2011,16777218,2018,1,0,0,0,0,0,0,1007,4,5001,80005312
80007403,구룡포 3,2081,10500,2080,10500,3126,5,2011,16777218,2018,1,0,0,0,0,0,0,1007,5,5001,80005313
80007404,구룡포 4,2081,10500,2080,10500,3126,6,2011,16777218,2018,1,0,0,0,0,0,0,1007,6,5001,80005314
80007405,구룡포 5,2081,10500,2080,10500,3126,7,2011,16777218,2018,1,0,0,0,0,0,0,1007,7,5001,80005315
89001101,순간이동 메뉴 출력,0,0,0,0,0,0,0,0,0,0,0,0,0,0,0,0,0,0,5001,890011011
89001201,순간이동 비용 할인(패시브_골드),0,0,0,0,0,0,0,0,0,0,0,0,0,0,0,0,0,0,5001,890012011
89001301,순간이동 비용 무료(패시브_캐쉬),0,0,0,0,0,0,0,0,0,0,0,0,0,0,0,0,0,0,5001,890013011
