f_NationCodeStr,EffectAbilNo,Memo,Type01,Value01,Type02,Value02,Type03,Value03,Type04,Value04,Type05,Value05,Type06,Value06,Type07,Value07,Type08,Value08,Type09,Value09,Type10,Value10
0,1,몬스터기본,0,0,2085,1,0,0,0,0,0,0,0,0,0,0,0,0,0,0,0,0
0,2501,몬스터 거미 독 살포 (Venom),101,-5,50001,204000301,0,0,0,0,0,0,0,0,0,0,0,0,0,0,0,0
0,2502,몬스터 중독1,101,-50,50001,204000301,50005,1,0,0,0,0,0,0,0,0,0,0,0,0,0,0
0,2503,몬스터 중독 45Lv,101,-150,50001,204000301,50005,1,0,0,0,0,0,0,0,0,0,0,0,0,0,0
0,2513,몬스터 감전(이동불가),101,-200,3680,1,0,0,50001,100010401,50005,100010401,0,0,0,0,2072,100002001,2073,100002001,2074,100002001
0,2601,애들 부르기,3003,1200,3004,1200,0,0,0,0,0,0,0,0,0,0,0,0,0,0,0,0
0,2701,스턴,7082,-20000,4209,1,4208,1,562,24,4205,1,4206,1,4210,1,3680,1,0,0,0,0
0,2801,압둘라 넷바인더,7082,-20000,101,-1000,0,0,0,0,0,0,0,0,0,0,0,0,0,0,50001,210001801
0,2802,넷바인더 기본콤보 관련 움직이지 못하게 하는 어빌,400,1,0,0,0,0,0,0,0,0,0,0,0,0,0,0,0,0,0,0
0,2902,캐릭높이*1 뜨기,2040,1,0,0,0,0,0,0,0,0,0,0,0,0,0,0,0,0,0,0
0,2903,캐릭높이*2 뜨기,2040,1,0,0,0,0,0,0,0,0,0,0,0,0,0,0,0,0,0,0
0,2904,캐릭높이*3 뜨기,2040,1,0,0,0,0,0,0,0,0,0,0,0,0,0,0,0,0,0,0
0,2905,초대받은 귀족 (nobility_guest_stick) 기준 PC 주변에 검은 원 생기고 손이 올라온다,101,-50,562,24,0,0,0,0,0,0,0,0,0,0,0,0,0,0,0,0
0,2913,하얀 세상 만들기,7082,-3000,101,-55,0,0,50001,100010401,0,0,0,0,0,0,0,0,0,0,50001,210001801
0,2914,동빙면역,3890,8001,3891,0,0,0,0,0,0,0,0,0,0,0,0,0,0,0,0,0
0,2915,결빙면역,3890,8011,3891,0,0,0,0,0,0,0,0,0,0,0,0,0,0,0,0,0
0,10502,파렐경 독 버프,2051,20502,0,0,0,0,3129,1,0,0,0,0,0,0,0,0,0,0,0,0
0,16301,일반상태,3039,512,4229,86401,0,0,7222,1000,7232,1000,7332,1000,7342,1000,0,0,0,0,0,0
0,16339,일반상태,3092,9999,7352,-10000,7362,-10000,0,0,0,0,0,0,0,0,0,0,0,0,0,0
0,16340,분노상태,0,0,0,0,0,0,0,0,0,0,0,0,0,0,0,0,0,0,0,0
0,16341,그로기상태,0,0,7352,-10000,7362,-10000,7092,-30000,7102,-30000,0,0,0,0,0,0,0,0,0,0
0,16351,일반상태(한국 저레벨 정예용),3039,512,4229,86401,0,0,7222,1000,7232,1000,7332,1000,7342,1000,0,0,0,0,0,0
0,16352,일반상태(한국 저레벨 정예용),3092,5000,7352,-10000,7362,-10000,0,0,0,0,0,0,0,0,0,0,0,0,0,0
0,16401,분노상태-공업,3039,1,0,0,0,0,0,0,2014,5000,2010,4,7222,2000,7232,2000,7332,2000,7342,2000
0,16402,분노 공업,50005,16402,0,0,0,0,0,0,0,0,0,0,0,0,0,0,0,0,0,0
0,16501,그로기상태,3039,0,7082,-20000,4209,1,4208,1,0,0,4205,1,4206,1,4210,1,0,0,0,0
0,17101,이펙트 효과 텍스트 출력 어빌,4000,1,562,120,0,0,0,0,0,0,0,0,0,0,0,0,0,0,0,0
0,20502,파렐경 독 버프 (효과),101,-40,0,0,0,0,3129,1,0,0,0,0,0,0,0,0,0,0,50001,3000011
0,26401,분노상태-방업,3039,1,7352,50000,7362,30000,7082,0,2014,5000,2010,4,0,0,0,0,0,0,0,0
0,26402,분노 방업,50005,26402,0,0,0,0,0,0,0,0,0,0,0,0,0,0,0,0,0,0
0,36401,분노상태-속업,3039,1,0,0,0,0,7082,30000,2014,5000,2010,4,0,0,0,0,0,0,0,0
0,36402,분노 속업,50005,36402,0,0,0,0,0,0,0,0,0,0,0,0,0,0,0,0,0,0
0,46401,분노상태4-공방업,3039,1,7352,50000,7362,30000,7082,0,2014,5000,2010,4,7222,2000,7232,2000,7332,2000,7342,2000
0,46402,분노상태4-공방업,50005,46402,0,0,0,0,0,0,0,0,0,0,0,0,0,0,0,0,0,0
0,56401,분노상태5-공속업,3039,1,0,0,0,0,7082,30000,2014,5000,2010,4,7222,2000,7232,2000,7332,2000,7342,2000
0,56402,분노상태5-공속업,50005,56402,0,0,0,0,0,0,0,0,0,0,0,0,0,0,0,0,0,0
0,66401,분노상태6-방속업,3039,1,7352,50000,7362,30000,7082,30000,2014,5000,2010,4,0,0,0,0,0,0,0,0
0,66402,분노상태6-방속업,50005,66402,0,0,0,0,0,0,0,0,0,0,0,0,0,0,0,0,0,0
0,76401,분노상태7-공방속업,3039,1,7352,50000,7362,30000,7082,30000,2014,5000,2010,4,7222,2000,7232,2000,7332,2000,7342,2000
0,76402,분노상태7-공방속업,50005,76402,0,0,0,0,0,0,0,0,0,0,0,0,0,0,0,0,0,0
0,86401,데미지액션 하지않을 시간,3039,10,0,0,0,0,0,0,0,0,0,0,0,0,0,0,0,0,0,0
0,90001,몬스터 락스킬(캐스터/폴락스),3010,7281750,2,7281700,0,0,0,0,0,0,0,0,0,0,0,0,0,0,0,0
0,90002,몬스터 락스킬(킹스피온),3010,7281925,2,7281900,0,0,0,0,0,0,0,0,0,0,0,0,0,0,0,0
0,602502,냉기폭풍 결빙이펙트,101,-80,557,2503,50001,100010401,7082,-5000,0,0,0,0,0,0,0,0,0,0,0,0
0,602503,몬스터용 결빙1단계,101,-44,0,0,7082,-3000,50001,100010401,3680,1,0,0,0,0,0,0,0,0,5001,2503
0,602506,몬스터 결빙2단계,101,-55,0,0,7082,-6000,50001,100010401,3680,1,0,0,0,0,0,0,0,0,0,0
0,602507,몬스터 냉동1단계,101,-55,0,0,7082,-20000,50001,100010301,4205,1,0,0,0,0,0,0,0,0,5001,2510
0,602508,몬스터 결빙 3단계,101,-66,0,0,7082,-7000,50001,100010401,3680,1,0,0,0,0,0,0,0,0,0,0
0,602509,몬스터 냉동 레그노용,101,-77,0,0,7082,-20000,50001,100010301,4205,1,0,0,0,0,0,0,0,0,5001,2510
0,602510,2성 수호용 신 스킬 결빙,0,0,0,0,7082,-20000,50001,100010301,4205,1,0,0,0,0,0,0,0,0,5001,2510
0,1100101,일반상태 발동,4204,1,0,0,0,0,0,0,0,0,0,0,0,0,0,0,0,0,0,0
0,1100201,분노상태 발동,0,0,0,0,0,0,0,0,0,0,0,0,0,0,0,0,0,0,0,0
0,1100301,브레이크 발동,0,0,0,0,0,0,0,0,0,0,0,0,0,0,0,0,0,0,0,0
0,3000308,칼리곤 이펙트,101,-50,7082,5000,0,0,0,0,0,0,0,0,0,0,0,0,0,0,50001,100011001
0,3000312,칼리곤 이펙트,101,-50,7082,5000,0,0,0,0,0,0,0,0,0,0,0,0,0,0,50001,100011001
0,3000322,칼리곤 이펙트,101,-1,7082,-20000,0,0,0,0,0,0,0,0,0,0,0,0,0,0,0,0
0,3523013,허니쿰바 상태이상(넷바인더),7082,-20000,2050,1,562,24,0,0,0,0,0,0,0,0,0,0,0,0,50001,210001801
0,3530204,플릭 은신,0,0,0,0,0,0,0,0,0,0,0,0,0,0,0,0,0,0,0,0
0,3530205,플릭 커지고 흡수,101,-150,105,-150,0,0,0,0,0,0,0,0,0,0,0,0,0,0,0,0
0,3530503,몬스터용 전격피격(피씨에게_,101,-35,0,0,0,0,0,0,0,0,0,0,0,0,0,0,0,0,0,0
0,3530805,수정이 아카나이커지게하기,101,-1500,105,-1500,0,0,0,0,0,0,0,0,0,0,0,0,0,0,0,0
0,3530900,수정이 아카나이커지게하기,101,-1500,105,-1500,0,0,0,0,0,0,0,0,0,0,0,0,0,0,0,0
0,3530922,에르다 수정 공격불가,4206,1,0,0,0,0,0,0,0,0,0,0,0,0,0,0,0,0,0,0
0,3531050,심장에 들어온 유저에게 이펙트를 검,2051,3531150,3140,3531250,0,0,0,0,0,0,0,0,0,0,0,0,0,0,0,0
0,3531090,엘가심장 방에서 심장이 스킬발동하기전에 내쫓는 이펙트,3325,10000001,3321,256,2051,3542125,0,0,0,0,0,0,0,0,0,0,0,0,0,0
0,3531150,심장에 방에 진입한 유저에게 심'장의 방 유지시간 표시,0,0,0,0,0,0,0,0,0,0,0,0,0,0,0,0,0,0,0,0
0,3531250,심장의 방에 진입 불가시 유저 내쫓기,2113,2,0,0,0,0,0,0,0,0,0,0,0,0,0,0,0,0,0,0
0,3541207,디아블릭 화염도트,101,-300,7082,5000,0,0,0,0,0,0,0,0,0,0,0,0,0,0,50001,100011001
0,3542101,놀라서 빌기,3130,1,3441,1,3442,5,3680,1,0,0,0,0,0,0,0,0,0,0,0,0
0,3542110,혼돈(키입력안되요),3130,1,3441,1,3442,5,3680,1,0,0,0,0,0,0,0,0,0,0,0,0
0,3542111,혼돈(키입력안되요)- 드래곤 피어 용,3130,1,3441,1,3442,5,3680,1,369,103101601,4001,99887002,50001,3000601,0,0,0,0,0,0
0,3542121,터치버프,556,3542119,4001,12503,2500,1,2501,9,2502,8,0,0,0,0,4001,796126101,5001,796126101,0,0
0,3542122,터치버프,556,3542119,4001,12503,2500,1,2501,6,2502,5,0,0,0,0,4001,796126101,5001,796126101,0,0
0,3542125,맵 엔티티가 플레이어를 밖으로 내보내는 이펙트 일시정지시키는 이펙트,3408,1,0,0,0,0,0,0,0,0,0,0,0,0,0,0,0,0,0,0
0,3542220,엘가스톤 복제제한,3449,1,3450,3542211,6501,3000,0,0,0,0,0,0,0,0,0,0,0,0,0,0
0,3542316,엘가보호뼈소환시무적,4204,1,0,0,0,0,0,0,0,0,0,0,0,0,0,0,0,0,0,0
0,3542320,엘가 2차 날개짓 데미지 누적,3407,3542202,4032,5000000,3605,3542410,0,0,0,0,0,0,0,0,0,0,0,0,0,0
0,3542321,엘가2차 날개짓 데미지 누적(일본),3407,3542203,4032,300000,3605,3542410,0,0,0,0,0,0,0,0,0,0,0,0,0,0
0,3542330,수정 파괴 이펙트,3322,3542210,3338,-10000,590,1,3010,3542319,4007,1,3430,8,0,0,0,0,0,0,0,0
0,3542410,엘가2차 방어 버프,4200,1,0,0,59,1,0,0,0,0,0,0,0,0,0,0,0,0,0,0
0,3542411,엘가3차 보호뼈 이펙트,0,0,0,0,59,2,0,0,0,0,0,0,0,0,0,0,0,0,0,0
0,3542412,검은 발톱 둥지 맵 체력 증가,7002,20000,0,0,59,3,0,0,0,0,0,0,0,0,0,0,0,0,0,0
0,3542413,엘가_엔티티 에게 무적방어,2051,3542414,50161,2,0,0,0,0,0,0,0,0,0,0,0,0,0,0,0,0
0,3542414,엘가_플레이어에게 무적방어,3912,10000,0,0,0,0,0,0,0,0,0,0,0,0,0,0,0,0,0,0
0,3542415,엘가2차 방어 버프(일본),4200,1,0,0,59,1,0,0,0,0,0,0,0,0,0,0,0,0,0,0
0,3542420,엘가 무적해제,3605,3542316,0,0,0,0,0,0,0,0,0,0,0,0,0,0,0,0,0,0
0,3542440,엘가 다운시 이펙트,7082,-20000,4209,1,4208,1,562,0,4205,1,4206,0,4210,0,7362,-10000,7092,-80000,7102,-80000
0,3542525,엘가 스턴,3407,3542319,7082,-20000,4209,1,4208,1,4205,1,4206,1,4210,1,3325,110000001,3037,993542260,2051,3542125
0,3542526,엘가 스턴2,3371,993542260,3322,10000001,3320,3542331,3325,3542260,3038,993542260,3010,3542332,3011,3542331,0,0,0,0,0,0
0,3542528,엘가 스톤 광선,0,0,0,0,0,0,0,0,0,0,0,0,0,0,0,0,0,0,0,0
0,3543101,깔리는 모션,3130,0,3441,1,3442,5,0,0,0,0,0,0,0,0,0,0,0,0,0,0
0,3571290,기니어베럴 전기,101,-50,7082,-50000,4205,1,0,0,0,0,0,0,0,0,0,0,0,0,0,0
0,3580000,붐버_보너스 이펙트,0,0,0,0,0,0,0,0,0,0,0,0,0,0,0,0,0,0,0,0
0,4011109,얼음필드 몬스터 넷바인더(테스트용),7082,-20000,101,-100,557,2502,50001,100010401,0,0,0,0,0,0,0,0,0,0,0,0
0,4013111,터치버프,556,4029100,4001,12503,0,0,0,0,0,0,0,0,0,0,4001,796126101,5001,796126101,0,0
0,4029104,아비스 실드,7351,10000,3912,10000,7131,100000,0,0,0,0,0,0,0,0,0,0,0,0,0,0
0,4029108,터치버프,556,4029100,4001,12503,0,0,0,0,0,0,0,0,0,0,4001,796126101,5001,796126101,0,0
0,4034106,데스마스터(로드 오브 나이트) 블럭킹,7351,10000,3912,10000,7131,100000,0,0,0,0,0,0,0,0,0,0,0,0,0,0
0,4701103,가시나무정령 이펙트,101,-300,105,-300,0,0,0,0,0,0,0,0,0,0,0,0,0,0,0,0
0,4701202,독나무 정령 자신에게 독버프 주기,556,4701200,0,0,0,0,0,0,0,0,0,0,0,0,4001,796126101,5001,796126101,0,0
0,4701501,거대 수호용 초당 HP 회복,101,1500,0,0,0,0,0,0,0,0,0,0,0,0,0,0,0,0,0,0
0,4701700,라그몬스터 방어력증가,7351,5000,7121,5000,7131,5000,7082,300,7112,30000,0,0,0,0,0,0,0,0,0,0
0,4702000,하이오크 외형  변경,0,0,0,0,0,0,0,0,0,0,0,0,0,0,0,0,0,0,0,0
0,5006905,안타레스 틱당 HP 회복,101,1,0,0,0,0,0,0,0,0,0,0,0,0,0,0,0,0,0,0
0,5100100,디펜스몬스터_원거리제한_어빌,3448,1,0,0,0,0,0,0,0,0,0,0,0,0,0,0,0,0,0,0
0,5411901,PVP 이동속도 증가 20%,7082,2000,0,0,592,0,0,0,0,0,0,0,0,0,0,0,0,0,0,0
0,5810120,프리징_결빙_1,3641,-100,0,0,0,0,0,0,0,0,0,0,0,0,0,0,0,0,0,0
0,5810121,프리징_결빙_2,3641,-150,0,0,0,0,0,0,0,0,0,0,0,0,0,0,0,0,0,0
0,5810122,프리징_결빙_3,3641,-200,0,0,0,0,0,0,0,0,0,0,0,0,0,0,0,0,0,0
0,5810220,프리징_결빙_1,0,0,0,0,0,0,7082,-1000,50001,695850100,0,0,0,0,0,0,0,0,0,0
0,5810221,프리징_결빙_2,0,0,0,0,0,0,7082,-2000,50001,695850100,0,0,0,0,0,0,0,0,0,0
0,5810222,프리징_결빙_3,0,0,0,0,0,0,7082,-3000,50001,695850100,0,0,0,0,0,0,0,0,0,0
0,5811011,가디언 화염도트,101,-800,0,0,0,0,0,0,0,0,0,0,0,0,0,0,0,0,0,0
0,5811012,가디언 이속감소,7082,-5000,0,0,0,0,0,0,0,0,0,0,0,0,0,0,0,0,0,0
0,5811013,가디언 마비,7082,-25000,4205,1,0,0,0,0,0,0,0,0,0,0,0,0,0,0,0,0
0,5820000,블레이즈_폭염샷_(기본),4205,1,0,0,0,0,0,0,0,0,0,0,0,0,0,0,0,0,0,0
0,5820010,블레이즈_폭염샷_1,4205,1,0,0,0,0,0,0,0,0,0,0,0,0,0,0,0,0,0,0
0,5820020,블레이즈_폭염샷_2,4205,1,0,0,0,0,0,0,0,0,0,0,0,0,0,0,0,0,0,0
0,5820030,블레이즈_폭염샷_3,4205,1,0,0,0,0,0,0,0,0,0,0,0,0,0,0,0,0,0,0
0,5820040,블레이즈_폭염샷_4,4205,1,0,0,0,0,0,0,0,0,0,0,0,0,0,0,0,0,0,0
0,5820050,블레이즈_폭염샷_5,4205,1,0,0,0,0,0,0,0,0,0,0,0,0,0,0,0,0,0,0
0,5820060,블레이즈_폭염샷_6,4205,1,0,0,0,0,0,0,0,0,0,0,0,0,0,0,0,0,0,0
0,5820070,블레이즈_폭염샷_7,4205,1,0,0,0,0,0,0,0,0,0,0,0,0,0,0,0,0,0,0
0,5820080,블레이즈_폭염샷_8,4205,1,0,0,0,0,0,0,0,0,0,0,0,0,0,0,0,0,0,0
0,5820090,블레이즈_폭염샷_9,4205,1,0,0,0,0,0,0,0,0,0,0,0,0,0,0,0,0,0,0
0,5820100,블레이즈_폭염샷_10,4205,1,0,0,0,0,0,0,0,0,0,0,0,0,0,0,0,0,0,0
0,5820110,블레이즈_폭염샷_11,4205,1,0,0,0,0,0,0,0,0,0,0,0,0,0,0,0,0,0,0
0,5830002,가이아 마법진 1,101,-400,0,0,0,0,0,0,0,0,0,0,0,0,0,0,0,0,0,0
0,5830012,가이아 마법진 2,101,-400,0,0,0,0,0,0,0,0,0,0,0,0,0,0,0,0,0,0
0,5830022,가이아 마법진 3,101,-600,0,0,0,0,0,0,0,0,0,0,0,0,0,0,0,0,0,0
0,5830032,가이아 마법진 4,101,-900,0,0,0,0,0,0,0,0,0,0,0,0,0,0,0,0,0,0
0,5830042,가이아 마법진 5,101,-1350,0,0,0,0,0,0,0,0,0,0,0,0,0,0,0,0,0,0
0,5830052,가이아 마법진 6,101,-2025,0,0,0,0,0,0,0,0,0,0,0,0,0,0,0,0,0,0
0,5830062,가이아 마법진 7,101,-3038,0,0,0,0,0,0,0,0,0,0,0,0,0,0,0,0,0,0
0,5830072,가이아 마법진 8,101,-4556,0,0,0,0,0,0,0,0,0,0,0,0,0,0,0,0,0,0
0,5830082,가이아 마법진 9,101,-6834,0,0,0,0,0,0,0,0,0,0,0,0,0,0,0,0,0,0
0,5830092,가이아 마법진 10,101,-10252,0,0,0,0,0,0,0,0,0,0,0,0,0,0,0,0,0,0
0,5830102,가이아 마법진 11,101,-15377,0,0,0,10,0,0,0,0,0,0,0,0,0,0,0,0,0,0
0,5830112,가이아 마법진 12,101,-23066,0,0,0,0,0,0,0,0,0,0,0,0,0,0,0,0,0,0
0,5840120,라이트닝 이펙트-점령전,3641,-500,0,0,0,0,0,0,0,0,0,0,0,0,0,0,0,0,0,0
0,5840121,라이트닝 이펙트-점령전,3641,-1000,0,0,0,0,0,0,0,0,0,0,0,0,0,0,0,0,0,0
0,5840122,라이트닝 이펙트-점령전,3641,-1500,0,0,0,0,0,0,0,0,0,0,0,0,0,0,0,0,0,0
0,5842301,트랩 스킬 - 독,101,-50,50001,204000301,0,0,0,0,0,0,0,0,0,0,0,0,0,0,0,0
0,5842401,트랩 스킬 - 출혈,101,-50,50001,100010001,0,0,0,0,0,0,0,0,0,0,0,0,0,0,0,0
0,5842501,트랩 스킬 - 화상,101,-50,50001,100011001,0,0,0,0,0,0,0,0,0,0,0,0,0,0,0,0
0,5850000,프리징_결빙_0,0,0,0,0,7082,-5000,50001,100010401,0,0,0,0,0,0,0,0,0,0,0,0
0,5850010,프리징_결빙_1,0,0,0,0,7082,-4000,50001,100010401,0,0,0,0,0,0,0,0,0,0,0,0
0,5850020,프리징_결빙_2,0,0,0,0,7082,-4000,50001,100010401,0,0,0,0,0,0,0,0,0,0,0,0
0,5850030,프리징_결빙_3,0,0,0,0,7082,-4000,50001,100010401,0,0,0,0,0,0,0,0,0,0,0,0
0,5850040,프리징_결빙_4,0,0,0,0,7082,-5000,50001,100010401,0,0,0,0,0,0,0,0,0,0,0,0
0,5850050,프리징_결빙_5,0,0,0,0,7082,-5000,50001,100010401,0,0,0,0,0,0,0,0,0,0,0,0
0,5850060,프리징_결빙_6,0,0,0,0,7082,-5000,50001,100010401,0,0,0,0,0,0,0,0,0,0,0,0
0,5850070,프리징_결빙_7,0,0,0,0,7082,-6000,50001,100010401,0,0,0,0,0,0,0,0,0,0,0,0
0,5850080,프리징_결빙_8,0,0,0,0,7082,-6000,50001,100010401,0,0,0,0,0,0,0,0,0,0,0,0
0,5850090,프리징_결빙_9,0,0,0,0,7082,-6000,50001,100010401,0,0,0,0,0,0,0,0,0,0,0,0
0,5850100,프리징_결빙_10,0,0,0,0,7082,-6000,50001,100010401,0,0,0,0,0,0,0,0,0,0,0,0
0,5850110,프리징_결빙_11,0,0,0,0,7082,-6000,50001,100010401,0,0,0,0,0,0,0,0,0,0,0,0
0,5860000,가디언 블랙홀 0,7082,-20000,2050,1,0,0,0,0,0,0,0,0,0,0,0,0,0,0,50001,210001801
0,5860010,가디언 블랙홀 1,7082,-20000,2050,1,0,0,0,0,0,0,0,0,0,0,0,0,0,0,50001,210001801
0,5860020,가디언 블랙홀 2,7082,-20000,2050,1,0,0,0,0,0,0,0,0,0,0,0,0,0,0,50001,210001801
0,5860030,가디언 블랙홀 3,7082,-20000,2050,1,0,0,0,0,0,0,0,0,0,0,0,0,0,0,50001,210001801
0,5860040,가디언 블랙홀 4,7082,-20000,2050,1,0,0,0,0,0,0,0,0,0,0,0,0,0,0,50001,210001801
0,5860050,가디언 블랙홀 5,7082,-20000,2050,1,0,0,0,0,0,0,0,0,0,0,0,0,0,0,50001,210001801
0,5860060,가디언 블랙홀 6,7082,-20000,2050,1,0,0,0,0,0,0,0,0,0,0,0,0,0,0,50001,210001801
0,5860070,가디언 블랙홀 7,7082,-20000,2050,1,0,0,0,0,0,0,0,0,0,0,0,0,0,0,50001,210001801
0,5860080,가디언 블랙홀 8,7082,-20000,2050,1,0,0,0,0,0,0,0,0,0,0,0,0,0,0,50001,210001801
0,5860090,가디언 블랙홀 9,7082,-20000,2050,1,0,0,0,0,0,0,0,0,0,0,0,0,0,0,50001,210001801
0,5860100,가디언 블랙홀 10,7082,-20000,2050,1,0,0,0,0,0,0,0,0,0,0,0,0,0,0,50001,210001801
0,5860110,가디언 블랙홀 11,7082,-20000,2050,1,0,0,0,0,0,0,0,0,0,0,0,0,0,0,50001,210001801
0,5870103,가디언 아람 이펙트,0,0,0,0,7082,-5000,50001,15870103,0,0,0,0,0,0,0,0,0,0,0,0
0,5871000,점령전 레드 가디언 버프,3450,0,0,0,0,0,0,0,0,0,0,0,0,0,4001,5871003,0,0,0,0
0,5871100,점령전 블루 가디언 버프,3450,0,0,0,0,0,0,0,0,0,0,0,0,0,0,0,0,0,0,0
0,5872000,가디언 물고 태어나는 이펙트,50161,2,2051,5872100,0,0,0,0,0,0,0,0,0,0,0,0,0,0,0,0
0,5872100,가디언의 범위안에 들어왔을때 플레이어에게 적용되는 이펙트,0,0,0,0,0,0,0,0,0,0,0,0,0,0,0,0,0,0,0,0
0,5872200,"점령전 봄버맨 이펙트연출 이펙트 actionName : se_KOH_area_bomb
",3039,101,0,0,0,0,0,0,0,0,0,0,0,0,0,0,0,0,0,0
0,6000430,거대 수호용 초당 HP 회복,101,3000,0,0,0,0,0,0,0,0,0,0,0,0,0,0,0,0,0,0
0,6000432,수호용 초당 HP 회복,101,1500,0,0,0,0,0,0,0,0,0,0,0,0,0,0,0,0,0,0
0,6000455,거대수호용-2성이후 드래곤 피어,369,103101601,4001,99887002,0,0,0,0,0,0,0,0,0,0,0,0,0,0,50001,3000601
0,6000501,쫑즈 보호막,7351,10000,3912,10000,7131,100000,0,0,0,0,0,0,0,0,0,0,0,0,0,0
0,6000800,아이스 드래곤 ->네브 변신,3361,6000820,0,0,0,0,0,0,0,0,0,0,0,0,0,0,0,0,0,0
0,6000801,아이스 드래곤 ->네브 변신 변경될 어빌,7081,62,259,129,0,0,0,0,0,0,0,0,0,0,0,0,0,0,0,0
0,6000850,네브여왕 얼리기,101,-5000,7082,-20000,0,0,0,0,0,0,0,0,0,0,0,0,0,0,0,0
0,6000904,라발론 쓰러지기 스턴상태,7092,-630000,7102,-630000,3184,1,0,0,0,0,0,0,0,0,0,0,0,0,0,0
0,6000905,아람 공격불가,4206,1,0,0,0,0,0,0,0,0,0,0,0,0,0,0,0,0,0,0
0,6000914,마력포 리젠 시 무적,4204,1,4026,1,6012,1000,6013,1,3404,6000915,0,0,0,0,0,0,0,0,0,0
0,6000915,키랩 독구름 쉴드,4204,1,4026,1,6012,1000,6013,1,50005,407301,0,0,0,0,0,0,0,0,0,0
0,6000932,아람 바닥 돌 위로 올라오기,101,-1000,562,24,0,0,0,0,0,0,0,0,0,0,0,0,0,0,0,0
0,6000950,얼음 괴물 빅혼 빅혼->마커 변신 시간체크 버프 어빌,3141,3,3404,6000855,0,0,0,0,0,0,0,0,0,0,0,0,0,0,0,0
0,6000980,본드래곤 뼈소환,101,-1000,562,24,0,0,0,0,0,0,0,0,0,0,0,0,0,0,0,0
0,6000981,본드래곤 검은 브레스(몬스터 이펙트 에서 사용 안함),101,-1000,557,2501,50001,204000301,0,0,0,0,0,0,0,0,0,0,0,0,0,0
0,6000987,본드래곤 공격불가,4204,1,0,0,0,0,0,0,0,0,0,0,0,0,0,0,0,0,0,0
0,6001001,뒤에서있기,4220,1,3121,1,0,0,0,0,0,0,0,0,0,0,0,0,0,0,0,0
0,6001002,앞에 서있기,4220,0,0,0,0,0,0,0,0,0,0,0,0,0,0,0,0,0,0,0
0,6001005,초목이 죽을꺼 체크 이펙트,3404,6001000,0,0,0,0,0,0,0,0,0,0,0,0,0,0,0,0,0,0
0,6009401,데스마스터(로드 오브 나이트) 블럭킹,7351,10000,3912,10000,7131,100000,0,0,0,0,0,0,0,0,0,0,0,0,0,0
0,6009402,리벤지,7461,10000,7451,10000,0,0,0,0,0,0,0,0,0,0,0,0,0,0,50001,205300601
0,6013301,압둘라 보다 강하게 총쏘기,101,-10,557,2501,50001,204000301,0,0,0,0,0,0,0,0,0,0,0,0,0,0
0,6013401,압둘라 넷바인더,7082,-20000,0,0,0,0,0,0,0,0,0,0,0,0,0,0,0,0,50001,210001801
0,6015301,삼바바 입 벌려 독 발사하기,101,-100,557,2501,50001,204000301,0,0,0,0,0,0,0,0,0,0,0,0,0,0
0,6015302,삼바바 광폭화,7082,30000,7292,15000,7282,15000,0,0,0,0,0,0,0,0,0,0,0,0,0,0
0,6023901,숲 요정 여왕 시타(아르카) 가시덩쿨 소환 스킬,557,6013401,7082,-20000,0,0,0,0,0,0,0,0,0,0,0,0,0,0,0,0
0,6023902,숲 요정 여왕 시타(아르카) 회전하며 꽃 독 뿌리기 스킬,557,2501,101,-50,50001,204000301,0,0,0,0,0,0,0,0,0,0,0,0,0,0
0,6033400,안타레스 틱당 HP 회복,101,9800,0,0,0,0,0,0,0,0,0,0,0,0,0,0,0,0,0,0
0,6033402,레사스 안타레스 몸 주변으로 지속 광파 공격 스킬(몬스터 이펙트 에서 사용 안함),101,-40,557,2501,50001,204000301,0,0,0,0,0,0,0,0,0,0,0,0,0,0
0,6034300,가이던 틱당 HP 회복,101,11900,0,0,0,0,0,0,0,0,0,0,0,0,0,0,0,0,0,0
0,6034305,멘타 론기폴리아 보호막 생성,557,6009401,7351,10000,3912,10000,7131,100000,0,0,0,0,0,0,0,0,0,0,0,0
0,6040300,애벌레 침 쏘기,101,-20,557,2501,50001,204000301,0,0,0,0,0,0,0,0,0,0,0,0,0,0
0,6043500,키마트 틱당 HP 회복,101,8400,0,0,0,0,0,0,0,0,0,0,0,0,0,0,0,0,0,0
0,6044600,반디 여왕 벨라 꼬리로 독침 연발 쏘기 스킬,557,2501,101,-50,50001,204000301,0,0,0,0,0,0,0,0,0,0,0,0,0,0
0,6044602,반디 여왕 벨라 지팡이 들고 보호막 생성 스킬,557,6009401,7351,10000,3912,10000,7131,100000,0,0,0,0,0,0,0,0,0,0,0,0
0,6044603,반디 여왕 벨라 자신에게 독 버프 시전 스킬,557,109001401,3003,100,3010,60446031,1007,4,0,0,0,0,0,0,0,0,0,0,0,0
0,6049102,물갈퀴일족 주술사 스킬,101,-10,557,2501,50001,204000301,0,0,0,0,0,0,0,0,0,0,0,0,0,0
0,6050102,사신 시리즈 원거리 스킬 스킬,0,0,557,6013901,0,0,0,0,0,0,0,0,0,0,0,0,0,0,0,0
0,6052600,미미르 정예 바룸 소리 지르기 스킬,0,0,0,0,50001,100004601,0,0,0,0,0,0,0,0,0,0,0,0,0,0
0,6052603,미미르 정예 바룸 독방구 방출 스킬,101,-30,557,2501,50001,204000301,0,0,0,0,0,0,0,0,0,0,0,0,0,0
0,6054104,예티 시리즈 원거리 포효 스킬,2051,108000110,4205,1,0,0,0,0,0,0,0,0,0,0,0,0,0,0,0,0
0,6064100,거미 넷바인더,7082,-20000,0,0,0,0,0,0,0,0,0,0,0,0,0,0,0,0,0,0
0,6071102,크레타 PC 묶기,7082,-20000,4205,1,0,0,0,0,0,0,0,0,0,0,0,0,0,0,50001,6071102
0,6074100,게이트키퍼 방어버프,7092,20000,7102,20000,0,0,0,0,0,0,0,0,0,0,0,0,0,0,0,0
0,6074101,게이트키퍼 pc 묶기,7092,5600,7102,-4600,7082,-20000,7112,-20000,4209,1,4205,1,0,0,0,0,0,0,50001,100010901
0,6074104,게이트키퍼 pc 묶기,7092,12200,7102,-11200,7082,-20000,7112,-20000,4209,1,4205,1,0,0,0,0,0,0,50001,100010901
0,6074105,게이트 키퍼 깨우기,4204,-1,3003,8000,4205,-1,0,0,0,0,0,0,0,0,0,0,0,0,0,0
0,6074203,반헬싱 방어력 올리기,7351,1000,7361,1000,0,0,0,0,0,0,0,0,0,0,0,0,0,0,0,0
0,6074204,반헬싱 방어력 올리기,7351,3000,7361,3000,0,0,0,0,0,0,0,0,0,0,0,0,0,0,0,0
0,6074205,반헬싱 방어력 올리기,7351,7000,7361,7000,0,0,0,0,0,0,0,0,0,0,0,0,0,0,0,0
0,6074206,반헬싱 방어력 올리기,7351,10000,7361,10000,0,0,0,0,0,0,0,0,0,0,0,0,0,0,0,0
0,6074300,드라큘라 블랙홀,7082,-20000,0,0,0,0,0,0,0,0,0,0,0,0,0,0,0,0,0,0
0,6074301,드라큘라 박쥐 방어,557,6009401,7351,20000,7121,20000,7131,20000,0,0,0,0,0,0,0,0,0,0,0,0
0,6074310,반헬싱 워크라이-자신,7082,30000,7292,15000,7282,15000,0,0,0,0,0,0,0,0,0,0,0,0,0,0
0,6075301,포이즌 가고일 (Gargoyle_poison) 기본 토해서 독 버프 걸기,557,109001401,3003,100,3010,60753011,1007,4,0,0,0,0,0,0,0,0,0,0,0,0
0,6077102,파수꾼 (keeper_01) 기본 보호막 생성 버프,7351,10000,3912,10000,7131,100000,0,0,0,0,0,0,0,0,0,0,0,0,0,0
0,6077104,파수꾼 (keeper_01) 기본 던져서 묶기(넷바인더),7082,-20000,0,0,0,0,0,0,0,0,0,0,0,0,0,0,0,0,50001,0
0,6081105,초대받은 귀족 부인 (nobility_guest_fan) 기본 자신에게 저주 걸기,3003,100,3010,60811051,1007,4,0,0,0,0,0,0,0,0,0,0,0,0,0,0
0,6081301,초대받은 귀족 (nobility_guest_stick) 기준 PC 주변에 검은 원 생기고 손이 올라온다,101,-100,562,24,0,0,0,0,0,0,0,0,0,0,0,0,0,0,0,0
0,6081303,초대받은 귀족 (nobility_guest_stick) 기준 유령 자신에게 버프걸기,557,109001401,3003,100,3010,60813031,1007,4,0,0,0,0,0,0,0,0,0,0,0,0
0,6082201,반클리프 지배인 (maid_menial_1) 기준 토해서 PC의 HP를 1/3 상태로 만든다,101,-100,557,2501,50001,204000301,0,0,0,0,0,0,0,0,0,0,0,0,0,0
0,6082203,반클리프 지배인 (maid_menial_1) 기준 유령 자기 자신에게 버프 걸기,557,109001401,3003,100,3010,60822031,1007,4,0,0,0,0,0,0,0,0,0,0,0,0
0,6082301,반클리프 하인 (maid_menial_2) 기준 토해서 PC의 HP를 1/3 상태로 만든다,101,-100,557,2501,50001,204000301,0,0,0,0,0,0,0,0,0,0,0,0,0,0
0,6082304,반클리프 하인 (maid_menial_2) 기준 유령 자기 자신에게 버프 걸기,557,109001401,3003,100,3010,60823041,1007,4,0,0,0,0,0,0,0,0,0,0,0,0
0,6084300,본 샤피 (Szaffi_bone) 기본 바닥에 손 올라오게 하기,101,-100,562,24,0,0,0,0,0,0,0,0,0,0,0,0,0,0,0,0
0,6086203,반클리프 숙련사제 (cleef_C_practiced_celebrant) 기준 보호막(리벤지),557,6009401,7351,10000,3912,10000,7131,100000,0,0,0,0,0,0,0,0,0,0,0,0
0,6087204,반클리프 집행자 (cleef_executor) 강화 기본 리벤지,7351,10000,3912,10000,7131,100000,0,0,0,0,0,0,0,0,0,0,0,0,0,0
0,6089103,가이던방 폭탄 시간 보여주기,3141,3,3404,6089103,0,0,0,0,0,0,0,0,0,0,0,0,0,0,0,0
0,6089402,파리스-각성전 레이져 발사,101,-1,0,0,0,0,0,0,0,0,0,0,0,0,0,0,0,0,0,0
0,6089403,파리스-각성전 레이져 발사,101,-2,0,0,0,0,0,0,0,0,0,0,0,0,0,0,0,0,0,0
0,6089404,파리스-각성전 레이져 발사,101,-3,0,0,0,0,0,0,0,0,0,0,0,0,0,0,0,0,0,0
0,6089405,파리스-각성전 레이져 발사,101,-4,0,0,0,0,0,0,0,0,0,0,0,0,0,0,0,0,0,0
0,6091199,얼음 괴물 빅혼 빅혼->마커 변신 시간체크 버프 어빌,3141,3,3404,6091104,0,0,0,0,0,0,0,0,0,0,0,0,0,0,0,0
0,6091200,얼음 괴물 빅혼 빅혼->마커 변신,3361,6091100,0,0,0,0,0,0,0,0,0,0,0,0,0,0,0,0,0,0
0,6091201,얼음 괴물 빅혼 빅혼->마커 변신 변경될 어빌,7081,62,259,129,0,0,5001,66091100,0,0,0,0,0,0,0,0,0,0,0,0
0,6091205,조련사 마커 마커 ->빅혼 변신 HP 증가시키기,101,500000,0,0,0,0,0,0,0,0,0,0,0,0,0,0,0,0,0,0
0,6091350,이동 구름 나올때 이걸 건다…버프 없어지면 죽게 한다,3404,6091352,0,0,0,0,0,0,0,0,0,0,0,0,0,0,0,0,0,0
0,6091351,이동 구름 나올때 이걸 건다…버프 없어지면 죽게 한다,3404,6091352,0,0,0,0,0,0,0,0,0,0,0,0,0,0,0,0,0,0
0,6091450,지역줄이기 맨처음에 걸고 나올 이펙트,3404,6091451,0,0,0,0,0,0,0,0,0,0,0,0,0,0,0,0,0,0
0,6091451,지역줄이기 1 스킬,557,109001401,3003,5000,3010,60914511,1007,6,3404,6091452,0,0,0,0,0,0,0,0,0,0
0,6091452,지역줄이기 2 스킬,557,109001401,3003,5000,3010,60914521,1007,6,3404,6091453,0,0,0,0,0,0,0,0,0,0
0,6091453,지역줄이기 3 스킬,557,109001401,3003,5000,3010,60914531,1007,6,3404,6091454,0,0,0,0,0,0,0,0,0,0
0,6091454,지역줄이기 4 스킬,557,109001401,3003,5000,3010,60914541,1007,6,0,0,0,0,0,0,0,0,0,0,0,0
0,6104403,켄타우르스 블럭킹 스킬,557,6009401,7351,10000,3912,10000,7131,100000,0,0,0,0,0,0,0,0,0,0,0,0
0,6107101,만두 보호막,7351,10000,3912,10000,7131,100000,0,0,0,0,0,0,0,0,0,0,0,0,0,0
0,6115100,쿠키 초콜렛 보호막 스킬,7351,10000,3912,10000,7131,100000,0,0,0,0,0,0,0,0,0,0,0,0,0,0
0,6115200,파티용 초콜렛 보호막 스킬,7351,10000,3912,10000,7131,100000,0,0,0,0,0,0,0,0,0,0,0,0,0,0
0,6115300,아몬드 초콜렛 보호막 스킬,7351,10000,3912,10000,7131,100000,0,0,0,0,0,0,0,0,0,0,0,0,0,0
0,6118108,초콜렛 변신,7082,-7500,0,0,4208,1,4209,1,2050,1,0,0,0,0,0,0,0,0,0,0
0,6118305,멜로우 초목이 쓰러지기 스턴상태,3404,6118104,0,0,0,0,0,0,0,0,0,0,0,0,0,0,0,0,0,0
0,6125101,진실의 탑 HP 회복,0,0,0,0,0,0,0,0,0,0,0,0,0,0,0,0,0,0,0,0
0,6125201,진실의 탑 시야 늘리기,3003,2000,3004,2000,0,0,0,0,0,0,0,0,0,0,0,0,0,0,0,0
0,6126101,파리스 리벤지(80%이상),7571,10000,7581,20000,7591,10000,7601,20000,7551,10000,7561,20000,3141,1,4001,796126101,5001,796126101,0,0
0,6126102,파리스 리벤지(60%이상),7571,10000,7581,20000,7591,10000,7601,20000,7551,10000,7561,20000,3141,0,556,6126111,0,0,0,0
0,6126103,파리스 리벤지(40%이상),7571,10000,7581,20000,7591,10000,7601,20000,7551,10000,7561,20000,3141,0,556,6126111,0,0,0,0
0,6126104,파리스 리벤지(20%이상),7571,10000,7581,20000,7591,10000,7601,20000,7551,10000,7561,20000,3141,0,556,6126111,0,0,0,0
0,6126106,파리스-각성전 레이져 발사,101,-1000,105,-1000,0,0,0,0,0,0,0,0,0,0,0,0,0,0,0,0
0,6126107,파리스-가짜 레이져 발사,101,-100,105,-100,0,0,0,0,0,0,0,0,0,0,0,0,0,0,0,0
0,6126108,마녀의 저주 (Transformation),7082,-5500,0,0,4208,1,4209,1,0,0,0,0,0,0,0,0,0,0,50001,202000201
0,6126109,파리스-각성전 레이져 발사,101,-200,105,-50,0,0,0,0,0,0,0,0,0,0,0,0,0,0,0,0
0,6126111,커뮤니티 이벤트 대포 발사,105,-100,0,0,0,0,0,0,0,0,0,0,0,0,0,0,0,0,0,0
0,6126205,파리스 일반공격,3145,-3000,3146,-3000,0,0,0,0,0,0,0,0,0,0,0,0,0,0,0,0
0,6126207,파리스-각성전 레이져 발사버프,556,6126111,0,0,0,0,0,0,0,0,0,0,0,0,4001,796126101,5001,796126101,0,0
0,7254300,라발론 쓰러지기 스턴상태,7091,-30034,7101,-30278,3184,1,0,0,0,0,0,0,0,0,0,0,0,0,0,0
0,7281330,마력포 리젠 시 무적,4204,1,0,0,0,0,0,0,0,0,0,0,0,0,0,0,0,0,0,0
0,7281460,키랩 독구름 쉴드,4204,1,0,0,0,0,0,0,0,0,0,0,0,0,0,0,0,0,0,0
0,7281660,캐스터 레이져 상태 이펙트,2,7281700,3010,7281665,0,0,0,0,0,0,0,0,0,0,0,0,0,0,0,0
0,7281920,킹스피온 잡기 이펙트,3010,7281925,2,7281900,0,0,0,0,0,0,0,0,0,0,0,0,0,0,0,0
0,7281925,킹스피온 잡기 이펙트,7082,-50000,0,0,0,0,0,0,0,0,0,0,0,0,0,0,0,0,0,0
0,7282100,히드라 무적,4204,1,3405,7282120,3430,12,0,0,0,0,0,0,0,0,0,0,0,0,0,0
0,7282200,히드라 소생,3192,2147483647,3194,7282100,0,0,0,0,0,0,0,0,0,0,0,0,0,0,0,0
0,7282300,히드라 회복,0,0,3641,10000,0,0,0,0,0,0,0,0,0,0,0,0,0,0,0,0
0,7903300,별자리 우주도둑 이펙트,507,24,0,0,0,0,0,0,0,0,0,0,0,0,0,0,0,0,0,0
0,9020200,하드던전 이펙트(몬스터),7002,50000,7132,2000,7222,30000,7232,30000,7332,30000,7342,30000,0,0,0,0,0,0,0,0
0,9020300,하드던전 이펙트(플레이어),1004,500,0,0,0,0,0,0,0,0,0,0,0,0,0,0,0,0,0,0
0,9030500,반클리프보스방 점프 불가,2051,406801,0,0,0,0,0,0,0,0,0,0,0,0,0,0,0,0,0,0
0,9980100,레어 난이도 이펙트,2051,9981200,2052,9981300,0,0,0,0,0,0,0,0,0,0,0,0,0,0,0,0
0,9980200,영웅 난이도 이펙트,2051,9981200,2052,9981300,2053,9981400,0,0,0,0,0,0,0,0,0,0,0,0,0,0
0,9980250,도둑 몬스터 이펙트,2051,9981200,0,3056,9980200,0,0,0,0,0,0,0,0,0,0,0,0,0,0,0
0,9980400,[별자리]방어력증가(80),7092,5000,7102,3000,0,0,0,0,0,0,0,0,0,0,0,0,0,0,0,0
0,9980410,[별자리]공격력증가(20),7222,3000,7232,3000,7332,3000,7342,3000,0,0,0,0,0,0,0,0,0,0,0,0
0,9980420,[별자리]속도증가(50%),7082,5000,0,0,0,0,0,0,0,0,0,0,0,0,0,0,0,0,0,0
0,9980430,[별자리]HP회복(틱당500),101,500,0,0,0,0,0,0,0,0,0,0,0,0,0,0,0,0,0,0
0,9980440,[별자리]생명력증가(30%),7002,3000,0,0,0,0,0,0,0,0,0,0,0,0,0,0,0,0,0,0
0,9980450,[별자리]파이어볼 발사,2,9980150,0,0,0,0,0,0,0,0,0,0,0,0,0,0,0,0,0,0
0,9980460,[별자리]아이스볼 발사,2,9980160,0,0,0,0,0,0,0,0,0,0,0,0,0,0,0,0,0,0
0,9980470,[별자리]유도탄발사,2,9980170,0,0,0,0,0,0,0,0,0,0,0,0,0,0,0,0,0,0
0,9981200,방어형 이펙트 그룹,2051,9980400,2052,9980700,2053,9980800,3056,9980500,0,0,0,0,0,0,0,0,0,0,0,0
0,9981300,공격형 이펙트 그룹,2051,9980500,2052,9980600,0,0,3056,9980600,0,0,0,0,0,0,0,0,0,0,0,0
0,9981400,NTT공격 이펙트그룹,2051,9980900,2052,9981000,2053,9981100,3056,9980700,0,0,0,0,0,0,0,0,0,0,0,0
0,47015067,리바이어스일반상태1,3039,1,0,0,0,0,7222,1000,7232,1000,7332,1000,7342,1000,0,0,0,0,0,0
0,47015068,리바이어스분노상태1,3039,1,7352,50000,7362,30000,7082,10000,2014,5000,2010,4,7222,2000,7232,2000,7332,2000,7342,2000
0,47015069,리바이어스그로기상태1,3039,1,7082,-20000,4209,1,4208,1,0,0,4205,1,4206,1,4210,1,0,0,0,0
0,47015070,리바이어스일반상태2,0,0,7352,-10000,7362,-10000,0,0,0,0,0,0,0,0,0,0,0,0,0,0
0,47015071,리바이어스분노상태2,0,0,0,0,0,0,0,0,0,0,0,0,0,0,0,0,0,0,0,0
0,47015072,리바이어스그로기상태2,0,0,7352,-10000,7362,-10000,7092,-30000,7102,-30000,0,0,0,0,0,0,0,0,0,0
0,60004581,거대수호용-2성 특수스킬,105,-10,101,-100,7022,-1200,0,0,0,0,0,0,0,0,0,0,0,0,50001,100011101
0,60189041,우마이 바닥 내려치기 공격 스킬,2051,108000110,0,0,0,0,0,0,0,0,0,0,0,0,0,0,0,0,0,0
0,60446031,반디 여왕 벨라 자신에게 독 버프 시전 스킬 2(효과),557,2501,101,-50,50001,204000301,0,0,0,0,0,0,0,0,0,0,0,0,0,0
0,60753011,포이즌 가고일 (Gargoyle_poison) 기본 토해서 독 버프 걸기(효과),101,-70,50001,204000301,0,0,50001,204000301,0,0,0,0,0,0,0,0,0,0,0,0
0,60811051,초대받은 귀족 부인 (nobility_guest_fan) 기본 자신에게 저주 걸기 (효과),7081,-5000,2080,-5000,2081,-5000,50001,100010201,0,0,0,0,0,0,0,0,0,0,0,0
0,60813031,초대받은 귀족 (nobility_guest_stick) 기준 유령 자신에게 버프걸기 (효과),101,-50,50001,204000301,0,0,0,0,0,0,0,0,0,0,0,0,0,0,0,0
0,60822031,반클리프 지배인 (maid_menial_1) 기준 유령 자기 자신에게 버프 걸기 (효과),101,-50,50001,204000301,0,0,0,0,0,0,0,0,0,0,0,0,0,0,0,0
0,60823041,반클리프 하인 (maid_menial_2) 기준 유령 자기 자신에게 버프 걸기 (효과),101,-50,50001,204000301,0,0,0,0,0,0,0,0,0,0,0,0,0,0,0,0
0,60911031,조련사 마커 덫설치_sa,101,-1000,562,24,7082,-6000,0,0,0,0,0,0,0,0,0,0,0,0,0,0
0,60913041,얼음수문장 어스퀘이크 전체공격 sa,101,-100,562,24,0,0,0,0,0,0,0,0,0,0,0,0,0,0,0,0
0,60914511,지역줄이기 1 스킬(효과),101,-100,0,0,0,0,0,0,0,0,0,0,0,0,0,0,0,0,0,0
0,60914521,지역줄이기 2 스킬(효과),101,-200,0,0,0,0,0,0,0,0,0,0,0,0,0,0,0,0,0,0
0,60914531,지역줄이기 3 스킬(효과),101,-300,0,0,0,0,0,0,0,0,0,0,0,0,0,0,0,0,0,0
0,60914541,지역줄이기 4 스킬(효과),101,-400,0,0,0,0,0,0,0,0,0,0,0,0,0,0,0,0,0,0
0,61261093,파리스빛기둥,101,-3000,105,-4000,0,0,0,0,0,0,0,0,0,0,0,0,0,0,0,0
0,600004801,캐릭높이*1 뜨기,2040,1,0,0,0,0,0,0,0,0,0,0,0,0,0,0,0,0,0,0
0,600004901,캐릭높이*2 뜨기,2040,1,0,0,0,0,0,0,0,0,0,0,0,0,0,0,0,0,0,0
0,600005001,캐릭높이*3 뜨기,2040,1,0,0,0,0,0,0,0,0,0,0,0,0,0,0,0,0,0,0
1/63,3542412,검은 발톱 둥지 맵 체력 증가,7002,10000,0,0,59,3,0,0,0,0,0,0,0,0,0,0,0,0,0,0
100,4029104,아비스 실드,7351,10000,7121,10000,7131,100000,0,0,0,0,0,0,0,0,0,0,0,0,0,0
100,4034106,데스마스터(로드 오브 나이트) 블럭킹,7351,10000,7121,10000,7131,100000,0,0,0,0,0,0,0,0,0,0,0,0,0,0
100,6000501,쫑즈 보호막,7351,10000,7121,10000,7131,100000,0,0,0,0,0,0,0,0,0,0,0,0,0,0
100,6000904,라발론 쓰러지기 스턴상태,7091,-60034,7101,-60278,3184,1,0,0,0,0,0,0,0,0,0,0,0,0,0,0
100,6009401,데스마스터(로드 오브 나이트) 블럭킹,7351,10000,7121,10000,7131,100000,0,0,0,0,0,0,0,0,0,0,0,0,0,0
100,6034305,멘타 론기폴리아 보호막 생성,557,6009401,7351,10000,7121,10000,7131,100000,0,0,0,0,0,0,0,0,0,0,0,0
100,6044602,반디 여왕 벨라 지팡이 들고 보호막 생성 스킬,557,6009401,7351,10000,7121,10000,7131,100000,0,0,0,0,0,0,0,0,0,0,0,0
100,6074301,드라큘라 박쥐 방어,557,6009401,7351,20000,7121,20000,7131,20000,0,0,0,0,0,0,0,0,0,0,0,0
100,6077102,파수꾼 (keeper_01) 기본 보호막 생성 버프,7351,10000,7121,10000,7131,100000,0,0,0,0,0,0,0,0,0,0,0,0,0,0
100,6086203,반클리프 숙련사제 (cleef_C_practiced_celebrant) 기준 보호막(리벤지),557,6009401,7351,10000,7121,10000,7131,100000,0,0,0,0,0,0,0,0,0,0,0,0
100,6087204,반클리프 집행자 (cleef_executor) 강화 기본 리벤지,7351,10000,7121,10000,7131,100000,0,0,0,0,0,0,0,0,0,0,0,0,0,0
100,6104403,켄타우르스 블럭킹 스킬,557,6009401,7351,10000,7121,10000,7131,100000,0,0,0,0,0,0,0,0,0,0,0,0
100,6107101,만두 보호막,7351,10000,7121,10000,7131,100000,0,0,0,0,0,0,0,0,0,0,0,0,0,0
100,6115100,쿠키 초콜렛 보호막 스킬,7351,10000,7121,10000,7131,100000,0,0,0,0,0,0,0,0,0,0,0,0,0,0
100,6115200,파티용 초콜렛 보호막 스킬,7351,10000,7121,10000,7131,100000,0,0,0,0,0,0,0,0,0,0,0,0,0,0
100,6115300,아몬드 초콜렛 보호막 스킬,7351,10000,7121,10000,7131,100000,0,0,0,0,0,0,0,0,0,0,0,0,0,0
0,6115400,april event key change,3130,1,3441,1,3442,5,3680,1,0,0,0,0,0,0,0,0,0,0,0,0
