NationCodeStr,SkillAbilID,Memo,Type01,Value01,Type02,Value02,Type03,Value03,Type04,Value04,Type05,Value05,Type06,Value06,Type07,Value07,Type08,Value08,Type09,Value09,Type10,Value10
0,300401,최하급 체력 회복 포션,0,0,0,0,0,0,0,0,0,0,0,0,0,0,0,0,0,0,5001,3004011
0,300501,최하급 마나 회복 포션,0,0,0,0,0,0,0,0,0,0,0,0,0,0,0,0,0,0,5001,3005011
0,300601,하급 체력 회복 포션,0,0,0,0,0,0,0,0,0,0,0,0,0,0,0,0,0,0,5001,3006011
0,300701,하급 마나 회복 포션,0,0,0,0,0,0,0,0,0,0,0,0,0,0,0,0,0,0,5001,3007011
0,300801,중급 체력 회복 포션,0,0,0,0,0,0,0,0,0,0,0,0,0,0,0,0,0,0,5001,3008011
0,300901,중급 마나 회복 포션,0,0,0,0,0,0,0,0,0,0,0,0,0,0,0,0,0,0,5001,3009011
0,301001,상급 체력 회복 포션,0,0,0,0,0,0,0,0,0,0,0,0,0,0,0,0,0,0,5001,3010011
0,301101,상급 마나 회복 포션,0,0,0,0,0,0,0,0,0,0,0,0,0,0,0,0,0,0,5001,3011011
0,301201,최상급 체력 회복 포션,0,0,0,0,0,0,0,0,0,0,0,0,0,0,0,0,0,0,5001,3012011
0,301301,최상급 마나 회복 포션,0,0,0,0,0,0,0,0,0,0,0,0,0,0,0,0,0,0,5001,3013011
0,301401,최하급 체력 회복 포션2,0,0,0,0,0,0,0,0,0,0,0,0,0,0,0,0,0,0,5001,3014011
0,301501,최하급 마나 회복 포션2,0,0,0,0,0,0,0,0,0,0,0,0,0,0,0,0,0,0,5001,3015011
0,301601,하급 체력 회복 포션2,0,0,0,0,0,0,0,0,0,0,0,0,0,0,0,0,0,0,5001,3016011
0,301701,하급 마나 회복 포션2,0,0,0,0,0,0,0,0,0,0,0,0,0,0,0,0,0,0,5001,3017011
0,301801,중급 체력 회복 포션2,0,0,0,0,0,0,0,0,0,0,0,0,0,0,0,0,0,0,5001,3018011
0,301901,중급 마나 회복 포션2,0,0,0,0,0,0,0,0,0,0,0,0,0,0,0,0,0,0,5001,3019011
0,302001,상급 체력 회복 포션2,0,0,0,0,0,0,0,0,0,0,0,0,0,0,0,0,0,0,5001,3020011
0,302101,상급 마나 회복 포션2,0,0,0,0,0,0,0,0,0,0,0,0,0,0,0,0,0,0,5001,3021011
0,302201,최상급 체력 회복 포션2,0,0,0,0,0,0,0,0,0,0,0,0,0,0,0,0,0,0,5001,3022011
0,302301,최상급 마나 회복 포션2,0,0,0,0,0,0,0,0,0,0,0,0,0,0,0,0,0,0,5001,3023011
0,302401,초목이 나무의자,2052,302901,0,0,0,0,0,0,0,0,0,0,0,0,0,0,0,0,5001,3024011
0,302501,체크무늬 소파,2052,302901,0,0,0,0,0,0,0,0,0,0,0,0,0,0,0,0,5001,3025011
0,302601,개조 나무욕조,2052,302901,0,0,0,0,0,0,0,0,0,0,0,0,0,0,0,0,5001,3026011
0,302701,휴식용 요람,2052,302901,0,0,0,0,0,0,0,0,0,0,0,0,0,0,0,0,5001,3027011
0,302801,초목이 나무의자 2,2052,302901,0,0,0,0,0,0,0,0,0,0,0,0,0,0,0,0,5001,3024011
0,303001,북미이벤트 햄버거,0,0,0,0,0,0,0,0,0,0,0,0,0,0,0,0,0,0,5001,3030011
0,303101,북미이벤트 핫도그,0,0,0,0,0,0,0,0,0,0,0,0,0,0,0,0,0,0,5001,3031011
0,303201,호수신의 은도끼,0,0,0,0,0,0,0,0,0,0,0,0,0,0,0,0,0,0,5001,3032011
0,303301,야후 향향 욕통,2052,302901,0,0,0,0,0,0,0,0,0,0,0,0,0,0,0,0,5001,3033011
0,303401,사랑의 열기구,0,0,0,0,0,0,0,0,0,0,0,0,0,0,0,0,0,0,5001,60002732
0,303501,돌고래 튜브,0,0,0,0,0,0,0,0,0,0,0,0,0,0,0,0,0,0,5001,3035011
0,303601,스포츠카 튜브,0,0,0,0,0,0,0,0,0,0,0,0,0,0,0,0,0,0,5001,3036011
0,303701,택시 튜브,0,0,0,0,0,0,0,0,0,0,0,0,0,0,0,0,0,0,5001,3037011
0,303801,사랑의 열기구 거는 이펙트,2011,134217728,5501,999,1007,2,0,0,0,0,0,0,0,0,0,0,0,0,0,0
0,303901,쿨타임 1분 감소 유지 물약,0,0,0,0,0,0,0,0,0,0,0,0,0,0,0,0,0,0,5001,3039011
0,304001,쿨타임 3분 감소 유지 물약,0,0,0,0,0,0,0,0,0,0,0,0,0,0,0,0,0,0,5001,3040011
0,304101,쿨타임 5분 감소 유지 물약,0,0,0,0,0,0,0,0,0,0,0,0,0,0,0,0,0,0,5001,3041011
0,304201,떠돌이 상인 소환권,0,0,0,0,0,0,0,0,0,0,0,0,0,0,0,0,0,0,5001,3042011
0,304301,금고 소환권,0,0,0,0,0,0,0,0,0,0,0,0,0,0,0,0,0,0,5001,3043011
0,304401,공격속도 향상 물약(소),0,0,0,0,0,0,0,0,0,0,0,0,0,0,0,0,0,0,5001,3044011
0,304501,공격속도 향상 물약(중),0,0,0,0,0,0,0,0,0,0,0,0,0,0,0,0,0,0,5001,3045011
0,304601,공격속도 향상 물약(대),0,0,0,0,0,0,0,0,0,0,0,0,0,0,0,0,0,0,5001,3046011
0,304701,파리스 몬스터 카드,0,0,0,0,0,0,0,0,0,0,0,0,0,0,0,0,1007,1,0,0
0,304801,네브 몬스터 카드,0,0,0,0,0,0,0,0,0,0,0,0,0,0,0,0,1007,1,0,0
0,304901,로스트 몬스터 카드,0,0,0,0,0,0,0,0,0,0,0,0,0,0,0,0,1007,1,0,0
0,305001,안타레스 몬스터 카드,0,0,0,0,0,0,0,0,0,0,0,0,0,0,0,0,1007,1,0,0
0,305101,키마트 몬스터 카드,0,0,0,0,0,0,0,0,0,0,0,0,0,0,0,0,1007,1,0,0
0,305201,5% 스톤 스킨 물약,0,0,0,0,0,0,0,0,0,0,0,0,0,0,0,0,0,0,5001,3052011
0,305301,10% 스톤 스킨 물약,0,0,0,0,0,0,0,0,0,0,0,0,0,0,0,0,0,0,5001,3053011
0,305401,15% 스톤 스킨 물약,0,0,0,0,0,0,0,0,0,0,0,0,0,0,0,0,0,0,5001,3054011
0,305501,5% 배리어 물약,0,0,0,0,0,0,0,0,0,0,0,0,0,0,0,0,0,0,5001,3055011
0,305601,10% 배리어 물약,0,0,0,0,0,0,0,0,0,0,0,0,0,0,0,0,0,0,5001,3056011
0,305701,15% 배리어 물약,0,0,0,0,0,0,0,0,0,0,0,0,0,0,0,0,0,0,5001,3057011
0,305801,무기 착용 -5 레벨 감소,0,0,0,0,0,0,0,0,0,0,0,0,0,0,0,0,0,0,5001,3058011
0,305901,방어구 착용 -5레벨 감소,0,0,0,0,0,0,0,0,0,0,0,0,0,0,0,0,0,0,5001,3059011
0,306001,악세서리 착용 -5레벨 감소,0,0,0,0,0,0,0,0,0,0,0,0,0,0,0,0,0,0,5001,3060011
0,306101,스타일 착용 -5레벨 감소,0,0,0,0,0,0,0,0,0,0,0,0,0,0,0,0,0,0,5001,3061011
0,306201,경험치 2배 증가,0,0,0,0,0,0,0,0,0,0,0,0,0,0,0,0,0,0,5001,3062011
0,306301,최대 HP/MP 10% 증가,0,0,0,0,0,0,0,0,0,0,0,0,0,0,0,0,0,0,5001,3063011
0,306401,쿨타임 1분 초기화 유지 물약,0,0,0,0,0,0,0,0,0,0,0,0,0,0,0,0,0,0,5001,3064011
0,306501,쿨타임 3분 초기화 유지 물약,0,0,0,0,0,0,0,0,0,0,0,0,0,0,0,0,0,0,5001,3065011
0,306601,쿨타임 5분 초기화 유지 물약,0,0,0,0,0,0,0,0,0,0,0,0,0,0,0,0,0,0,5001,3066011
0,306701,이동속도 향상물약(마을전용),0,0,0,0,0,0,0,0,0,0,0,0,0,0,0,0,0,0,5001,3067011
0,306801,이동속도 향상물약(소),0,0,0,0,0,0,0,0,0,0,0,0,0,0,0,0,0,0,5001,3068011
0,306901,이동속도 향상물약(중),0,0,0,0,0,0,0,0,0,0,0,0,0,0,0,0,0,0,5001,3069011
0,307001,이동속도 향상물약(대),0,0,0,0,0,0,0,0,0,0,0,0,0,0,0,0,0,0,5001,3070011
0,307101,최대 HP 10% 증가 ,0,0,0,0,0,0,0,0,0,0,0,0,0,0,0,0,0,0,5001,3071011
0,307201,최대 MP 10% 증가 ,0,0,0,0,0,0,0,0,0,0,0,0,0,0,0,0,0,0,5001,3072011
0,307301,STR 15% 증가 ,0,0,0,0,0,0,0,0,0,0,0,0,0,0,0,0,0,0,5001,3073011
0,307401,INT 15% 증가 ,0,0,0,0,0,0,0,0,0,0,0,0,0,0,0,0,0,0,5001,3074011
0,307501,CON 15% 증가 ,0,0,0,0,0,0,0,0,0,0,0,0,0,0,0,0,0,0,5001,3075011
0,307601,DEX 15% 증가 ,0,0,0,0,0,0,0,0,0,0,0,0,0,0,0,0,0,0,5001,3076011
0,307701,이동속도 10% 증가 ,0,0,0,0,0,0,0,0,0,0,0,0,0,0,0,0,0,0,5001,3077011
0,307801,공격속도 10% 증가 ,0,0,0,0,0,0,0,0,0,0,0,0,0,0,0,0,0,0,5001,3078011
0,307822,화속성 공격력,5대공격력,화속성공격력%,화속성 전환공격력%,0,0,0,0,0,0,0,0,0,0,0,0,0,0,0,0,0,0,5001,4119041
0,307842,더러운속성공격,0,0,0,0,0,0,0,0,0,0,0,0,0,0,0,0,0,0,5001,3039011
0,307901,회피율 +20 증가 ,0,0,0,0,0,0,0,0,0,0,0,0,0,0,0,0,0,0,5001,3079011
0,308001,치명타 확률 20% 증가 ,0,0,0,0,0,0,0,0,0,0,0,0,0,0,0,0,0,0,5001,3080011
0,308101,치명타 공격력 20% 증가 ,0,0,0,0,0,0,0,0,0,0,0,0,0,0,0,0,0,0,5001,3081011
0,308201,HP 회복속도 25% 증가 ,0,0,0,0,0,0,0,0,0,0,0,0,0,0,0,0,0,0,5001,3082011
0,308301,MP 회복속도 25% 증가 ,0,0,0,0,0,0,0,0,0,0,0,0,0,0,0,0,0,0,5001,3083011
0,308401,경험치 10% 증가,0,0,0,0,0,0,0,0,0,0,0,0,0,0,0,0,0,0,5001,3084011
0,308501,대어를 잡자,2052,302901,0,0,0,0,0,0,0,0,0,0,0,0,0,0,0,0,5001,3085011
0,308601,편안한 흔들의자,2052,302901,0,0,0,0,0,0,0,0,0,0,0,0,0,0,0,0,5001,3086011
0,308701,공중부양,2052,302901,0,0,0,0,0,0,0,0,0,0,0,0,0,0,0,0,5001,3087011
0,400001,늑대 튀김구이,0,0,0,0,0,0,0,0,0,0,0,0,0,0,0,0,0,0,5001,4000011
0,400002,늑대 튀김구이[고급],0,0,0,0,0,0,0,0,0,0,0,0,0,0,0,0,0,0,5001,150700011
0,400003,늑대 튀김구이[최상급],0,0,0,0,0,0,0,0,0,0,0,0,0,0,0,0,0,0,5001,150700016
0,400101,너구리 꼬치구이,0,0,0,0,0,0,0,0,0,0,0,0,0,0,0,0,0,0,5001,4001011
0,400102,너구리 꼬치구이[고급],0,0,0,0,0,0,0,0,0,0,0,0,0,0,0,0,0,0,5001,150700021
0,400103,너구리 꼬치구이[최상급],0,0,0,0,0,0,0,0,0,0,0,0,0,0,0,0,0,0,5001,150700026
0,400201,초목 깻잎찜,0,0,0,0,0,0,0,0,0,0,0,0,0,0,0,0,0,0,5001,4002011
0,400202,초목 깻잎찜[고급],0,0,0,0,0,0,0,0,0,0,0,0,0,0,0,0,0,0,5001,150700031
0,400203,초목 깻잎찜[최상급],0,0,0,0,0,0,0,0,0,0,0,0,0,0,0,0,0,0,5001,150700036
0,400301,코주부 머리고기,0,0,0,0,0,0,0,0,0,0,0,0,0,0,0,0,0,0,5001,4003011
0,400302,코주부 머리고기[고급],0,0,0,0,0,0,0,0,0,0,0,0,0,0,0,0,0,0,5001,150700041
0,400303,코주부 머리고기[최상급],0,0,0,0,0,0,0,0,0,0,0,0,0,0,0,0,0,0,5001,150700046
0,400401,스페셜 꽃게 잡탕,0,0,0,0,0,0,0,0,0,0,0,0,0,0,0,0,0,0,5001,4004011
0,400402,스페셜 꽃게 잡탕[고급],0,0,0,0,0,0,0,0,0,0,0,0,0,0,0,0,0,0,5001,150700051
0,400403,스페셜 꽃게 잡탕[최상급],0,0,0,0,0,0,0,0,0,0,0,0,0,0,0,0,0,0,5001,150700056
0,400501,별가사리 수육,0,0,0,0,0,0,0,0,0,0,0,0,0,0,0,0,0,0,5001,4005011
0,400502,별가사리 수육[고급],0,0,0,0,0,0,0,0,0,0,0,0,0,0,0,0,0,0,5001,150700061
0,400503,별가사리 수육[최상급],0,0,0,0,0,0,0,0,0,0,0,0,0,0,0,0,0,0,5001,150700066
0,400601,상어 사골탕,0,0,0,0,0,0,0,0,0,0,0,0,0,0,0,0,0,0,5001,4006011
0,400602,상어 사골탕[고급],0,0,0,0,0,0,0,0,0,0,0,0,0,0,0,0,0,0,5001,150700071
0,400603,상어 사골탕[최상급],0,0,0,0,0,0,0,0,0,0,0,0,0,0,0,0,0,0,5001,150700076
0,400701,사과쥬스,0,0,0,0,0,0,0,0,0,0,0,0,0,0,0,0,0,0,5001,4007011
0,400801,바나나우유,0,0,0,0,0,0,0,0,0,0,0,0,0,0,0,0,0,0,5001,4008011
0,400901,포도맛 막대사탕,0,0,0,0,0,0,0,0,0,0,0,0,0,0,0,0,0,0,5001,4009011
0,401001,아이스크림 케잌,0,0,0,0,0,0,0,0,0,0,0,0,0,0,0,0,0,0,5001,4010011
0,401101,양고기 스테이크,0,0,0,0,0,0,0,0,0,0,0,0,0,0,0,0,0,0,5001,4011011
0,401102,양고기 스테이크[고급],0,0,0,0,0,0,0,0,0,0,0,0,0,0,0,0,0,0,5001,150700121
0,401103,양고기 스테이크[최상급],0,0,0,0,0,0,0,0,0,0,0,0,0,0,0,0,0,0,5001,150700126
0,401201,거미 스튜,0,0,0,0,0,0,0,0,0,0,0,0,0,0,0,0,0,0,5001,4012011
0,401202,거미 스튜[고급],0,0,0,0,0,0,0,0,0,0,0,0,0,0,0,0,0,0,5001,150700131
0,401203,거미 스튜[최상급],0,0,0,0,0,0,0,0,0,0,0,0,0,0,0,0,0,0,5001,150700136
0,401301,박쥐날개 튀김,0,0,0,0,0,0,0,0,0,0,0,0,0,0,0,0,0,0,5001,4013011
0,401302,박쥐날개 튀김[고급],0,0,0,0,0,0,0,0,0,0,0,0,0,0,0,0,0,0,5001,150700141
0,401303,박쥐날개 튀김[최상급],0,0,0,0,0,0,0,0,0,0,0,0,0,0,0,0,0,0,5001,150700146
0,401401,조개 스튜,0,0,0,0,0,0,0,0,0,0,0,0,0,0,0,0,0,0,5001,4014011
0,401402,조개 스튜[고급],0,0,0,0,0,0,0,0,0,0,0,0,0,0,0,0,0,0,5001,150700151
0,401403,조개 스튜[최상급],0,0,0,0,0,0,0,0,0,0,0,0,0,0,0,0,0,0,5001,150700156
0,401501,과일모듬,0,0,0,0,0,0,0,0,0,0,0,0,0,0,0,0,0,0,5001,4015011
0,401502,과일모듬[고급],0,0,0,0,0,0,0,0,0,0,0,0,0,0,0,0,0,0,5001,150700161
0,401503,과일모듬[최상급],0,0,0,0,0,0,0,0,0,0,0,0,0,0,0,0,0,0,5001,150700166
0,401601,300시간 사골탕,0,0,0,0,0,0,0,0,0,0,0,0,0,0,0,0,0,0,5001,4016011
0,401602,300시간 사골탕[고급],0,0,0,0,0,0,0,0,0,0,0,0,0,0,0,0,0,0,5001,150700171
0,401603,300시간 사골탕[최상급],0,0,0,0,0,0,0,0,0,0,0,0,0,0,0,0,0,0,5001,150700176
0,401701,꼬마용 꼬치구이,0,0,0,0,0,0,0,0,0,0,0,0,0,0,0,0,0,0,5001,4017011
0,401702,꼬마용 꼬치구이[고급],0,0,0,0,0,0,0,0,0,0,0,0,0,0,0,0,0,0,5001,150700181
0,401703,꼬마용 꼬치구이[최상급],0,0,0,0,0,0,0,0,0,0,0,0,0,0,0,0,0,0,5001,150700186
0,401801,경험치 증가 100%,0,0,0,0,0,0,0,0,0,0,0,0,0,0,0,0,0,0,5001,4018011
0,401901,획득 머니량 증가 100%,0,0,0,0,0,0,0,0,0,0,0,0,0,0,0,0,0,0,5001,4019011
0,402001,안전거품,0,0,0,0,0,0,0,0,0,0,0,0,0,0,0,0,0,0,5001,98000011
0,402101,붕대 (출혈치료용),0,0,0,0,0,0,0,0,0,0,0,0,0,0,0,0,0,0,0,0
0,402201,압박붕대 (과다출혈 치료용),0,0,0,0,0,0,0,0,0,0,0,0,0,0,0,0,0,0,0,0
0,402301,성수 (저주 치료용),0,0,0,0,0,0,0,0,0,0,0,0,0,0,0,0,0,0,0,0
0,402401,성냥개비 (결빙 치료용),0,0,0,0,0,0,0,0,0,0,0,0,0,0,0,0,0,0,0,0
0,402501,은단 (중독 치료용),0,0,0,0,0,0,0,0,0,0,0,0,0,0,0,0,0,0,0,0
0,402601,해독제 (심각한 중독 치료용),0,0,0,0,0,0,0,0,0,0,0,0,0,0,0,0,0,0,0,0
0,402701,얼음주머니 (화상 치료용),0,0,0,0,0,0,0,0,0,0,0,0,0,0,0,0,0,0,0,0
0,402801,냉각팩 (심각한 화상 치료용),0,0,0,0,0,0,0,0,0,0,0,0,0,0,0,0,0,0,0,0
0,402901,안약 (실명 치료용),0,0,0,0,0,0,0,0,0,0,0,0,0,0,0,0,0,0,0,0
0,403001,회중시계 (슬로우 치료용),0,0,0,0,0,0,0,0,0,0,0,0,0,0,0,0,0,0,0,0
0,403101,금바늘 (석화 치료용),0,0,0,0,0,0,0,0,0,0,0,0,0,0,0,0,0,0,0,0
0,403201,경험치 증가 30%,0,0,0,0,0,0,0,0,0,0,0,0,0,0,0,0,0,0,5001,4032011
0,403301,획득 머니량 증가 30%,0,0,0,0,0,0,0,0,0,0,0,0,0,0,0,0,0,0,5001,4033011
0,403601,테스트용 - 경험치 500% 증가,0,0,0,0,0,0,0,0,0,0,0,0,0,0,0,0,0,0,5001,4036011
0,403801,검은 나무 뿌리,0,0,0,0,0,0,0,0,0,0,0,0,0,0,0,0,0,0,5001,4038012
0,403901,동굴 농축 이끼,0,0,0,0,0,0,0,0,0,0,0,0,0,0,0,0,0,0,5001,4039011
0,404001,무지개빛 소라,0,0,0,0,0,0,0,0,0,0,0,0,0,0,0,0,0,0,5001,4040011
0,404101,꼬께 앞발,0,0,0,0,0,0,0,0,0,0,0,0,0,0,0,0,0,0,5001,4041011
0,404201,완력의 보석,0,0,0,0,0,0,0,0,0,0,0,0,0,0,0,0,0,0,5001,4042011
0,404301,마력의 보석,0,0,0,0,0,0,0,0,0,0,0,0,0,0,0,0,0,0,5001,4043011
0,404401,땅굴 환약,0,0,0,0,0,0,0,0,0,0,0,0,0,0,0,0,0,0,5001,4044011
0,404501,하급 언데드 교범,0,0,0,0,0,0,0,0,0,0,0,0,0,0,0,0,0,0,5001,4045011
0,404601,코팅 오일,0,0,0,0,0,0,0,0,0,0,0,0,0,0,0,0,0,0,5001,4046011
0,404701,개구리 청심환,0,0,0,0,0,0,0,0,0,0,0,0,0,0,0,0,0,0,5001,4047011
0,404801,도토리 주머니,0,0,0,0,0,0,0,0,0,0,0,0,0,0,0,0,0,0,5001,4048011
0,404901,스팀 밀크,0,0,0,0,0,0,0,0,0,0,0,0,0,0,0,0,0,0,5001,4049011
0,405001,폭발성 가루,0,0,0,0,0,0,0,0,0,0,0,0,0,0,0,0,0,0,5001,4050011
0,405101,증오의 수정,0,0,0,0,0,0,0,0,0,0,0,0,0,0,0,0,0,0,5001,4051011
0,405201,만능약,0,0,0,0,0,0,0,0,0,0,0,0,0,0,0,0,0,0,5001,4052011
0,405301,푸른 쇳조각,0,0,0,0,0,0,0,0,0,0,0,0,0,0,0,0,0,0,5001,4053011
0,405401,만데가리,0,0,0,0,0,0,0,0,0,0,0,0,0,0,0,0,0,0,5001,4054011
0,405501,조각난 파인애플,0,0,0,0,0,0,0,0,0,0,0,0,0,0,0,0,0,0,5001,4055011
0,405601,펜리르의 뿔,0,0,0,0,0,0,0,0,0,0,0,0,0,0,0,0,0,0,5001,4056011
0,405701,경험치 1.1배 증가,0,0,0,0,0,0,0,0,0,0,0,0,0,0,0,0,0,0,5001,4057011
0,405801,경험치 1.2배 증가,0,0,0,0,0,0,0,0,0,0,0,0,0,0,0,0,0,0,5001,4058011
0,405901,경험치 1.3배 증가,0,0,0,0,0,0,0,0,0,0,0,0,0,0,0,0,0,0,5001,4059011
0,406001,경험치 1.4배 증가,0,0,0,0,0,0,0,0,0,0,0,0,0,0,0,0,0,0,5001,4060011
0,406101,경험치 1.5배 증가,0,0,0,0,0,0,0,0,0,0,0,0,0,0,0,0,0,0,5001,4061011
0,406201,경험치 1.6배 증가,0,0,0,0,0,0,0,0,0,0,0,0,0,0,0,0,0,0,5001,4062011
0,406301,경험치 1.7배 증가,0,0,0,0,0,0,0,0,0,0,0,0,0,0,0,0,0,0,5001,4063011
0,406401,경험치 1.8배 증가,0,0,0,0,0,0,0,0,0,0,0,0,0,0,0,0,0,0,5001,4064011
0,406501,경험치 1.9배 증가,0,0,0,0,0,0,0,0,0,0,0,0,0,0,0,0,0,0,5001,4065011
0,406901,잭의 완두콩,0,0,0,0,0,0,0,0,0,0,0,0,0,0,0,0,0,0,5001,4069011
0,407001,우정무가,0,0,0,0,0,0,0,0,0,0,0,0,0,0,0,0,0,0,5001,4070011
0,407101,만한전석,0,0,0,0,0,0,0,0,0,0,0,0,0,0,0,0,0,0,5001,4071011
0,407201,심령계탕,0,0,0,0,0,0,0,0,0,0,0,0,0,0,0,0,0,0,5001,4072011
0,407301,무적침통,0,0,0,0,0,0,0,0,0,0,0,0,0,0,0,0,0,0,5001,4073011
0,407401,명중만점,0,0,0,0,0,0,0,0,0,0,0,0,0,0,0,0,0,0,5001,4074011
0,407501,십자가,0,0,0,0,0,0,0,0,0,0,0,0,0,0,0,0,0,0,5001,4075011
0,407601,예수의 십자가,0,0,0,0,0,0,0,0,0,0,0,0,0,0,0,0,0,0,5001,4076011
0,407701,이탈리아,0,0,0,0,0,0,0,0,0,0,0,0,0,0,0,0,0,0,5001,4077011
0,407801,푸른소변신,0,0,0,0,0,0,0,0,0,0,0,0,0,0,0,0,0,0,5001,4078011
0,407901,나비,0,0,0,0,0,0,0,0,0,0,0,0,0,0,0,0,0,0,5001,4079011
0,408001,환룡실버,0,0,0,0,0,0,0,0,0,0,0,0,0,0,0,0,0,0,5001,4080011
0,408101,진금용은,0,0,0,0,0,0,0,0,0,0,0,0,0,0,0,0,0,0,5001,4081011
0,408201,드래곤 로드의 축복,0,0,0,0,0,0,0,0,0,0,0,0,0,0,0,0,0,0,5001,4082011
0,408202,드래곤 로드의 축복,0,0,0,0,0,0,0,0,0,0,0,0,0,0,0,0,0,0,5001,4082012
0,408301,가토의 회복,0,0,0,0,0,0,0,0,0,0,0,0,0,0,0,0,0,0,5001,4083011
0,408401,경험치 50% UP 포션 (1시간),0,0,0,0,0,0,0,0,0,0,0,0,0,0,0,0,0,0,5001,4084011
0,408501,경험치 더블UP 증가 포션 (1시간),0,0,0,0,0,0,0,0,0,0,0,0,0,0,0,0,0,0,5001,4085011
0,408601,경험치 50% UP 포션 (1일) ,0,0,0,0,0,0,0,0,0,0,0,0,0,0,0,0,0,0,5001,4086011
0,408701,경험치 더블UP 증가 포션 (1일),0,0,0,0,0,0,0,0,0,0,0,0,0,0,0,0,0,0,5001,4087011
0,408801,경험치 1.5배 증가 포션 (오전),0,0,0,0,0,0,0,0,0,0,0,0,0,0,0,0,0,0,5001,4088011
0,408901,경험치 1.5배 증가 포션 (오후),0,0,0,0,0,0,0,0,0,0,0,0,0,0,0,0,0,0,5001,4089011
0,409001,경험치 1.5배 증가 포션 (저녁),0,0,0,0,0,0,0,0,0,0,0,0,0,0,0,0,0,0,5001,4090011
0,409101,경험치 1.5배 증가 포션 (밤),0,0,0,0,0,0,0,0,0,0,0,0,0,0,0,0,0,0,5001,4091011
0,409201,10% EXP Potion,0,0,0,0,0,0,0,0,0,0,0,0,0,0,0,0,0,0,5001,4092011
0,409301,20% EXP Potion,0,0,0,0,0,0,0,0,0,0,0,0,0,0,0,0,0,0,5001,4093011
0,409401,30% EXP Potion,0,0,0,0,0,0,0,0,0,0,0,0,0,0,0,0,0,0,5001,4094011
0,409501,40% EXP Potion,0,0,0,0,0,0,0,0,0,0,0,0,0,0,0,0,0,0,5001,4095011
0,409601,50% EXP Potion,0,0,0,0,0,0,0,0,0,0,0,0,0,0,0,0,0,0,5001,4096011
0,409701,60% EXP Potion,0,0,0,0,0,0,0,0,0,0,0,0,0,0,0,0,0,0,5001,4097011
0,409801,70% EXP Potion,0,0,0,0,0,0,0,0,0,0,0,0,0,0,0,0,0,0,5001,4098011
0,409901,80% EXP Potion,0,0,0,0,0,0,0,0,0,0,0,0,0,0,0,0,0,0,5001,4099011
0,410001,90% EXP Potion,0,0,0,0,0,0,0,0,0,0,0,0,0,0,0,0,0,0,5001,4100011
0,410101,Double EXP Potion,0,0,0,0,0,0,0,0,0,0,0,0,0,0,0,0,0,0,5001,4101011
0,410201,Mini 10% EXP Potion,0,0,0,0,0,0,0,0,0,0,0,0,0,0,0,0,0,0,5001,4102011
0,410301,Mini 20% EXP Potion,0,0,0,0,0,0,0,0,0,0,0,0,0,0,0,0,0,0,5001,4103011
0,410401,Mini 30% EXP Potion,0,0,0,0,0,0,0,0,0,0,0,0,0,0,0,0,0,0,5001,4104011
0,410501,Mini 40% EXP Potion,0,0,0,0,0,0,0,0,0,0,0,0,0,0,0,0,0,0,5001,4105011
0,410601,Mini 50% EXP Potion,0,0,0,0,0,0,0,0,0,0,0,0,0,0,0,0,0,0,5001,4106011
0,410701,Mini 60% EXP Potion,0,0,0,0,0,0,0,0,0,0,0,0,0,0,0,0,0,0,5001,4107011
0,410801,Mini 70% EXP Potion,0,0,0,0,0,0,0,0,0,0,0,0,0,0,0,0,0,0,5001,4108011
0,410901,Mini 80% EXP Potion,0,0,0,0,0,0,0,0,0,0,0,0,0,0,0,0,0,0,5001,4109011
0,411001,Mini 90% EXP Potion,0,0,0,0,0,0,0,0,0,0,0,0,0,0,0,0,0,0,5001,4110011
0,411101,Mini Double EXP Potion,0,0,0,0,0,0,0,0,0,0,0,0,0,0,0,0,0,0,5001,4111011
0,411205,경험치 10% 증가,0,0,0,0,0,0,0,0,0,0,0,0,0,0,0,0,0,0,5001,4112051
0,411705,MP 회복속도 10% 증가,0,0,0,0,0,0,0,0,0,0,0,0,0,0,0,0,0,0,5001,4117051
0,412305,물리 공격력 10% 증가,0,0,0,0,0,0,0,0,0,0,0,0,0,0,0,0,0,0,5001,4123051
0,418401,경험치 1.2배 증가,0,0,0,0,0,0,0,0,0,0,0,0,0,0,0,0,0,0,5001,4184011
2,418401,경험치 1.2배 증가,0,0,0,0,0,0,0,0,0,0,0,0,0,0,0,0,0,0,5001,4185012
0,418501,경험치 1.3배 증가,0,0,0,0,0,0,0,0,0,0,0,0,0,0,0,0,0,0,5001,4185011
2,418501,경험치 1.3배 증가,0,0,0,0,0,0,0,0,0,0,0,0,0,0,0,0,0,0,5001,4185012
0,418601,경험치 1.6배 증가,0,0,0,0,0,0,0,0,0,0,0,0,0,0,0,0,0,0,5001,4186011
2,418601,경험치 1.6배 증가,0,0,0,0,0,0,0,0,0,0,0,0,0,0,0,0,0,0,5001,4186012
0,418701,경험치 1.9배 증가,0,0,0,0,0,0,0,0,0,0,0,0,0,0,0,0,0,0,5001,4187011
2,418701,경험치 1.9배 증가,0,0,0,0,0,0,0,0,0,0,0,0,0,0,0,0,0,0,5001,4187012
0,419501,유령 화이트 초코렛 ,0,0,0,0,0,0,0,0,0,0,0,0,0,0,0,0,0,0,5001,4195011
0,419601,마녀모자 초코렛 ,0,0,0,0,0,0,0,0,0,0,0,0,0,0,0,0,0,0,5001,4196011
0,419701,호박 쿠키,0,0,0,0,0,0,0,0,0,0,0,0,0,0,0,0,0,0,5001,4197011
0,419801,호박 머핀,0,0,0,0,0,0,0,0,0,0,0,0,0,0,0,0,0,0,5001,4198011
0,419901,알록달록한 사탕 ,0,0,0,0,0,0,0,0,0,0,0,0,0,0,0,0,0,0,5001,4199011
0,420001,호박등,0,0,0,0,0,0,0,0,0,0,0,0,0,0,0,0,0,0,5001,4200011
0,420101,호박젤리,0,0,0,0,0,0,0,0,0,0,0,0,0,0,0,0,0,0,5001,4201011
0,420201,알록달록한 초코렛,0,0,0,0,0,0,0,0,0,0,0,0,0,0,0,0,0,0,5001,4202011
0,420301,경험치 2배 증가 포션 (1시간) LV.1-20(중국),0,0,0,0,0,0,0,0,0,0,0,0,0,0,0,0,0,0,5001,4203011
0,421201,(안씀),0,0,0,0,0,0,0,0,0,0,0,0,0,0,0,0,0,0,5001,4212011
0,421301,협동퀘스트 1단계(북미),0,0,0,0,0,0,0,0,0,0,0,0,0,0,0,0,0,0,5001,4213011
0,421401,협동퀘스트 2단계(북미),0,0,0,0,0,0,0,0,0,0,0,0,0,0,0,0,0,0,5001,4214011
0,421501,협동퀘스트 3단계(북미),0,0,0,0,0,0,0,0,0,0,0,0,0,0,0,0,0,0,5001,4215011
0,421601,협동퀘스트 4단계(북미),0,0,0,0,0,0,0,0,0,0,0,0,0,0,0,0,0,0,5001,4216011
0,431202,경험치 3% 증가,0,0,0,0,0,0,0,0,0,0,0,0,0,0,0,0,0,0,5001,4112021
0,431203,경험치 4% 증가,0,0,0,0,0,0,0,0,0,0,0,0,0,0,0,0,0,0,5001,4112031
0,431204,경험치 5% 증가,0,0,0,0,0,0,0,0,0,0,0,0,0,0,0,0,0,0,5001,4112041
0,431301,회피율 2% 증가,0,0,0,0,0,0,0,0,0,0,0,0,0,0,0,0,0,0,5001,4113011
0,431302,회피율 3% 증가,0,0,0,0,0,0,0,0,0,0,0,0,0,0,0,0,0,0,5001,4113021
0,431303,회피율 4% 증가,0,0,0,0,0,0,0,0,0,0,0,0,0,0,0,0,0,0,5001,4113031
0,431304,회피율 5% 증가,0,0,0,0,0,0,0,0,0,0,0,0,0,0,0,0,0,0,5001,4113041
0,431402,공격속도 3% 증가,0,0,0,0,0,0,0,0,0,0,0,0,0,0,0,0,0,0,5001,4114021
0,431403,공격속도 4% 증가,0,0,0,0,0,0,0,0,0,0,0,0,0,0,0,0,0,0,5001,4114031
0,431404,공격속도 5% 증가,0,0,0,0,0,0,0,0,0,0,0,0,0,0,0,0,0,0,5001,4114041
0,431501,마법 방어력 2% 증가,0,0,0,0,0,0,0,0,0,0,0,0,0,0,0,0,0,0,5001,4115011
0,431602,마법 공격력 3% 증가,0,0,0,0,0,0,0,0,0,0,0,0,0,0,0,0,0,0,5001,4116021
0,431603,마법 공격력 4% 증가,0,0,0,0,0,0,0,0,0,0,0,0,0,0,0,0,0,0,5001,4116031
0,431604,마법 공격력 5% 증가,0,0,0,0,0,0,0,0,0,0,0,0,0,0,0,0,0,0,5001,4116041
0,431702,MP 회복속도 3% 증가,0,0,0,0,0,0,0,0,0,0,0,0,0,0,0,0,0,0,5001,4117021
0,431703,MP 회복속도 4% 증가,0,0,0,0,0,0,0,0,0,0,0,0,0,0,0,0,0,0,5001,4117031
0,431704,MP 회복속도 5% 증가,0,0,0,0,0,0,0,0,0,0,0,0,0,0,0,0,0,0,5001,4117041
0,431801,명중률 2% 증가,0,0,0,0,0,0,0,0,0,0,0,0,0,0,0,0,0,0,5001,4118011
0,431803,명중률 4% 증가,0,0,0,0,0,0,0,0,0,0,0,0,0,0,0,0,0,0,5001,4118031
0,431901,이동속도 2% 증가,0,0,0,0,0,0,0,0,0,0,0,0,0,0,0,0,0,0,5001,4119011
0,431902,이동속도 3% 증가,0,0,0,0,0,0,0,0,0,0,0,0,0,0,0,0,0,0,5001,4119021
0,431903,이동속도 4% 증가,0,0,0,0,0,0,0,0,0,0,0,0,0,0,0,0,0,0,5001,4119031
0,431904,이동속도 5% 증가,0,0,0,0,0,0,0,0,0,0,0,0,0,0,0,0,0,0,5001,4119041
0,432101,치명타 확률 2% 증가,0,0,0,0,0,0,0,0,0,0,0,0,0,0,0,0,0,0,5001,4121011
0,432102,치명타 확률 3% 증가,0,0,0,0,0,0,0,0,0,0,0,0,0,0,0,0,0,0,5001,4121021
0,432103,치명타 확률 4% 증가,0,0,0,0,0,0,0,0,0,0,0,0,0,0,0,0,0,0,5001,4121031
0,432104,치명타 확률 5% 증가,0,0,0,0,0,0,0,0,0,0,0,0,0,0,0,0,0,0,5001,4121041
0,432203,데미지 감소 4% 증가,0,0,0,0,0,0,0,0,0,0,0,0,0,0,0,0,0,0,5001,4122031
0,432204,데미지 감소 5% 증가,0,0,0,0,0,0,0,0,0,0,0,0,0,0,0,0,0,0,5001,4122041
0,432303,물리 공격력 4% 증가,0,0,0,0,0,0,0,0,0,0,0,0,0,0,0,0,0,0,5001,4123031
0,432304,물리 공격력 5% 증가,0,0,0,0,0,0,0,0,0,0,0,0,0,0,0,0,0,0,5001,4123041
0,432401,물리 방어력 2% 증가,0,0,0,0,0,0,0,0,0,0,0,0,0,0,0,0,0,0,5001,4124011
0,432402,물리 방어력 3% 증가,0,0,0,0,0,0,0,0,0,0,0,0,0,0,0,0,0,0,5001,4124021
0,432404,물리 방어력 5% 증가,0,0,0,0,0,0,0,0,0,0,0,0,0,0,0,0,0,0,5001,4124041
0,432502,블록율 3% 증가,0,0,0,0,0,0,0,0,0,0,0,0,0,0,0,0,0,0,5001,4125021
0,432503,블록율 4% 증가,0,0,0,0,0,0,0,0,0,0,0,0,0,0,0,0,0,0,5001,4125031
0,432504,블록율 5% 증가,0,0,0,0,0,0,0,0,0,0,0,0,0,0,0,0,0,0,5001,4125041
0,440001,크리스마스 초콜릿 장식,0,0,0,0,0,0,0,0,0,0,0,0,0,0,0,0,0,0,5001,4400011
0,440101,크리스마스 방울 장식,0,0,0,0,0,0,0,0,0,0,0,0,0,0,0,0,0,0,5001,4401011
0,440201,튼튼한 산타 썰매,0,0,0,0,0,0,0,0,0,0,0,0,0,0,0,0,0,0,5001,4402011
0,440301,크리스마스 원형 장식,0,0,0,0,0,0,0,0,0,0,0,0,0,0,0,0,0,0,5001,4403011
0,440401,크리스마스 골든 벨,0,0,0,0,0,0,0,0,0,0,0,0,0,0,0,0,0,0,5001,4404011
0,440501,크리스마스 빨강 양초,0,0,0,0,0,0,0,0,0,0,0,0,0,0,0,0,0,0,5001,4405011
0,440601,크리스마스 지팡이,0,0,0,0,0,0,0,0,0,0,0,0,0,0,0,0,0,0,5001,4406011
0,440701,크리스마스 막대사탕,0,0,0,0,0,0,0,0,0,0,0,0,0,0,0,0,0,0,5001,4407011
0,440801,협동퀘스트 1단계(유럽),0,0,0,0,0,0,0,0,0,0,0,0,0,0,0,0,0,0,5001,4408011
0,440901,협동퀘스트 2단계(유럽),0,0,0,0,0,0,0,0,0,0,0,0,0,0,0,0,0,0,5001,4409011
0,441001,협동퀘스트 3단계(유럽),0,0,0,0,0,0,0,0,0,0,0,0,0,0,0,0,0,0,5001,4410011
0,441101,협동퀘스트 4단계(유럽),0,0,0,0,0,0,0,0,0,0,0,0,0,0,0,0,0,0,5001,4411011
0,441201,협동퀘스트 1단계(싱가폴),0,0,0,0,0,0,0,0,0,0,0,0,0,0,0,0,0,0,5001,4412011
0,441301,협동퀘스트 2단계(싱가폴),0,0,0,0,0,0,0,0,0,0,0,0,0,0,0,0,0,0,5001,4413011
0,441401,협동퀘스트 3단계(싱가폴),0,0,0,0,0,0,0,0,0,0,0,0,0,0,0,0,0,0,5001,4414011
0,441501,협동퀘스트 4단계(싱가폴),0,0,0,0,0,0,0,0,0,0,0,0,0,0,0,0,0,0,5001,4415011
0,441601,협동퀘스트 1단계(대만),0,0,0,0,0,0,0,0,0,0,0,0,0,0,0,0,0,0,5001,4416011
0,441701,협동퀘스트 2단계(대만),0,0,0,0,0,0,0,0,0,0,0,0,0,0,0,0,0,0,5001,4417011
0,441801,협동퀘스트 3단계(대만),0,0,0,0,0,0,0,0,0,0,0,0,0,0,0,0,0,0,5001,4418011
0,441901,협동퀘스트 4단계(대만),0,0,0,0,0,0,0,0,0,0,0,0,0,0,0,0,0,0,5001,4419011
0,442001,협동퀘스트 1단계(중국),0,0,0,0,0,0,0,0,0,0,0,0,0,0,0,0,0,0,5001,4420011
0,442101,협동퀘스트 2단계(중국),0,0,0,0,0,0,0,0,0,0,0,0,0,0,0,0,0,0,5001,4421011
0,442201,협동퀘스트 3단계(중국),0,0,0,0,0,0,0,0,0,0,0,0,0,0,0,0,0,0,5001,4422011
0,442301,협동퀘스트 4단계(중국),0,0,0,0,0,0,0,0,0,0,0,0,0,0,0,0,0,0,5001,4423011
0,442801,경험치 3배 증가 포션(1시간),0,0,0,0,0,0,0,0,0,0,0,0,0,0,0,0,0,0,5001,98006141
0,442901,경험치 4배 증가 포션(1시간),0,0,0,0,0,0,0,0,0,0,0,0,0,0,0,0,0,0,5001,98006151
0,443001,경험치 5배 증가 포션(1시간),0,0,0,0,0,0,0,0,0,0,0,0,0,0,0,0,0,0,5001,98006161
0,443101,경험치 3배 증가 포션(2시간),0,0,0,0,0,0,0,0,0,0,0,0,0,0,0,0,0,0,5001,98006171
0,443201,경험치 4배 증가 포션(2시간),0,0,0,0,0,0,0,0,0,0,0,0,0,0,0,0,0,0,5001,98006181
0,443301,경험치 5배 증가 포션(2시간),0,0,0,0,0,0,0,0,0,0,0,0,0,0,0,0,0,0,5001,98006191
0,443401,경험치 3배 증가 포션(1일),0,0,0,0,0,0,0,0,0,0,0,0,0,0,0,0,0,0,5001,98006201
0,443501,경험치 4배 증가 포션(1일),0,0,0,0,0,0,0,0,0,0,0,0,0,0,0,0,0,0,5001,98006211
0,443601,경험치 5배 증가 포션(1일),0,0,0,0,0,0,0,0,0,0,0,0,0,0,0,0,0,0,5001,98006221
0,443701,경험치 10% 증가 포션(1시간),0,0,0,0,0,0,0,0,0,0,0,0,0,0,0,0,0,0,5001,98006231
0,443801,경험치 20% 증가 포션(1시간),0,0,0,0,0,0,0,0,0,0,0,0,0,0,0,0,0,0,5001,98006241
0,443901,경험치 30% 증가 포션(1시간),0,0,0,0,0,0,0,0,0,0,0,0,0,0,0,0,0,0,5001,98006251
0,444001,경험치 40% 증가 포션(1시간),0,0,0,0,0,0,0,0,0,0,0,0,0,0,0,0,0,0,5001,98006261
0,444101,경험치 50% 증가 포션(1시간),0,0,0,0,0,0,0,0,0,0,0,0,0,0,0,0,0,0,5001,98006271
0,444201,경험치 60% 증가 포션(1시간),0,0,0,0,0,0,0,0,0,0,0,0,0,0,0,0,0,0,5001,98006281
0,444301,경험치 70% 증가 포션(1시간),0,0,0,0,0,0,0,0,0,0,0,0,0,0,0,0,0,0,5001,98006291
0,444401,경험치 80% 증가 포션(1시간),0,0,0,0,0,0,0,0,0,0,0,0,0,0,0,0,0,0,5001,98006301
0,444501,경험치 90% 증가 포션(1시간),0,0,0,0,0,0,0,0,0,0,0,0,0,0,0,0,0,0,5001,98006311
0,444601,경험치 10% 증가,0,0,0,0,0,0,0,0,0,0,0,0,0,0,0,0,0,0,5001,4446011
0,444801,[테스트] 안전거품(1일),0,0,0,0,0,0,0,0,0,0,0,0,0,0,0,0,0,0,5001,72500190
0,444901,안전거품(12시간),0,0,0,0,0,0,0,0,0,0,0,0,0,0,0,0,0,0,5001,72500250
0,445001,안전거품(2일),0,0,0,0,0,0,0,0,0,0,0,0,0,0,0,0,0,0,5001,72500260
0,445101,안전거품(8시간),0,0,0,0,0,0,0,0,0,0,0,0,0,0,0,0,0,0,5001,72500270
0,445201,안전거품(24시간),0,0,0,0,0,0,0,0,0,0,0,0,0,0,0,0,0,0,5001,72500280
0,445301,[길드] 물리공격 성수[1등급],0,0,0,0,0,0,0,0,0,0,0,0,0,0,0,0,0,0,5001,4453011
0,445401,[길드] 물리공격 성수[2등급],0,0,0,0,0,0,0,0,0,0,0,0,0,0,0,0,0,0,5001,4454011
0,445501,[길드] 물리공격 성수[3등급],0,0,0,0,0,0,0,0,0,0,0,0,0,0,0,0,0,0,5001,4455011
0,445601,[길드] 물리공격 성수[4등급],0,0,0,0,0,0,0,0,0,0,0,0,0,0,0,0,0,0,5001,4456011
0,445701,[길드] 물리공격 성수[5등급],0,0,0,0,0,0,0,0,0,0,0,0,0,0,0,0,0,0,5001,4457011
0,445801,[길드] 마법공격 성수[1등급],0,0,0,0,0,0,0,0,0,0,0,0,0,0,0,0,0,0,5001,4458011
0,445901,[길드] 마법공격 성수[2등급],0,0,0,0,0,0,0,0,0,0,0,0,0,0,0,0,0,0,5001,4459011
0,446001,[길드] 마법공격 성수[3등급],0,0,0,0,0,0,0,0,0,0,0,0,0,0,0,0,0,0,5001,4460011
0,446101,[길드] 마법공격 성수[4등급],0,0,0,0,0,0,0,0,0,0,0,0,0,0,0,0,0,0,5001,4461011
0,446201,[길드] 마법공격 성수[5등급],0,0,0,0,0,0,0,0,0,0,0,0,0,0,0,0,0,0,5001,4462011
0,446301,[길드] 물리방어 성수[1등급],0,0,0,0,0,0,0,0,0,0,0,0,0,0,0,0,0,0,5001,4463011
0,446401,[길드] 물리방어 성수[2등급],0,0,0,0,0,0,0,0,0,0,0,0,0,0,0,0,0,0,5001,4464011
0,446501,[길드] 물리방어 성수[3등급],0,0,0,0,0,0,0,0,0,0,0,0,0,0,0,0,0,0,5001,4465011
0,446601,[길드] 물리방어 성수[4등급],0,0,0,0,0,0,0,0,0,0,0,0,0,0,0,0,0,0,5001,4466011
0,446701,[길드] 물리방어 성수[5등급],0,0,0,0,0,0,0,0,0,0,0,0,0,0,0,0,0,0,5001,4467011
0,446801,[길드] 마법방어 성수[1등급],0,0,0,0,0,0,0,0,0,0,0,0,0,0,0,0,0,0,5001,4468011
0,446901,[길드] 마법방어 성수[2등급],0,0,0,0,0,0,0,0,0,0,0,0,0,0,0,0,0,0,5001,4469011
0,447001,[길드] 마법방어 성수[3등급],0,0,0,0,0,0,0,0,0,0,0,0,0,0,0,0,0,0,5001,4470011
0,447101,[길드] 마법방어 성수[4등급],0,0,0,0,0,0,0,0,0,0,0,0,0,0,0,0,0,0,5001,4471011
0,447201,[길드] 마법방어 성수[5등급],0,0,0,0,0,0,0,0,0,0,0,0,0,0,0,0,0,0,5001,4472011
0,447301,[길드] 힘의 불씨[1등급],0,0,0,0,0,0,0,0,0,0,0,0,0,0,0,0,0,0,5001,4473011
0,447401,[길드] 힘의 불씨[2등급],0,0,0,0,0,0,0,0,0,0,0,0,0,0,0,0,0,0,5001,4474011
0,447501,[길드] 힘의 불씨[3등급],0,0,0,0,0,0,0,0,0,0,0,0,0,0,0,0,0,0,5001,4475011
0,447601,[길드] 힘의 불씨[4등급],0,0,0,0,0,0,0,0,0,0,0,0,0,0,0,0,0,0,5001,4476011
0,447701,[길드] 힘의 불씨[5등급],0,0,0,0,0,0,0,0,0,0,0,0,0,0,0,0,0,0,5001,4477011
0,447801,[길드] 지능의 불씨[1등급],0,0,0,0,0,0,0,0,0,0,0,0,0,0,0,0,0,0,5001,4478011
0,447901,[길드] 지능의 불씨[2등급],0,0,0,0,0,0,0,0,0,0,0,0,0,0,0,0,0,0,5001,4479011
0,448001,[길드] 지능의 불씨[3등급],0,0,0,0,0,0,0,0,0,0,0,0,0,0,0,0,0,0,5001,4480011
0,448101,[길드] 지능의 불씨[4등급],0,0,0,0,0,0,0,0,0,0,0,0,0,0,0,0,0,0,5001,4481011
0,448201,[길드] 지능의 불씨[5등급],0,0,0,0,0,0,0,0,0,0,0,0,0,0,0,0,0,0,5001,4482011
0,448301,[길드] 건강의 불씨[1등급],0,0,0,0,0,0,0,0,0,0,0,0,0,0,0,0,0,0,5001,4483011
0,448401,[길드] 건강의 불씨[2등급],0,0,0,0,0,0,0,0,0,0,0,0,0,0,0,0,0,0,5001,4484011
0,448501,[길드] 건강의 불씨[3등급],0,0,0,0,0,0,0,0,0,0,0,0,0,0,0,0,0,0,5001,4485011
0,448601,[길드] 건강의 불씨[4등급],0,0,0,0,0,0,0,0,0,0,0,0,0,0,0,0,0,0,5001,4486011
0,448701,[길드] 건강의 불씨[5등급],0,0,0,0,0,0,0,0,0,0,0,0,0,0,0,0,0,0,5001,4487011
0,448801,[길드] 민첩의 불씨[1등급],0,0,0,0,0,0,0,0,0,0,0,0,0,0,0,0,0,0,5001,4488011
0,448901,[길드] 민첩의 불씨[2등급],0,0,0,0,0,0,0,0,0,0,0,0,0,0,0,0,0,0,5001,4489011
0,449001,[길드] 민첩의 불씨[3등급],0,0,0,0,0,0,0,0,0,0,0,0,0,0,0,0,0,0,5001,4490011
0,449101,[길드] 민첩의 불씨[4등급],0,0,0,0,0,0,0,0,0,0,0,0,0,0,0,0,0,0,5001,4491011
0,449201,[길드] 민첩의 불씨[5등급],0,0,0,0,0,0,0,0,0,0,0,0,0,0,0,0,0,0,5001,4492011
0,449301,[길드] 행운의 바람[1등급],0,0,0,0,0,0,0,0,0,0,0,0,0,0,0,0,0,0,5001,4493011
0,449401,[길드] 행운의 바람[2등급],0,0,0,0,0,0,0,0,0,0,0,0,0,0,0,0,0,0,5001,4494011
0,449501,[길드] 행운의 바람[3등급],0,0,0,0,0,0,0,0,0,0,0,0,0,0,0,0,0,0,5001,4495011
0,449601,[길드] 행운의 바람[4등급],0,0,0,0,0,0,0,0,0,0,0,0,0,0,0,0,0,0,5001,4496011
0,449701,[길드] 행운의 바람[5등급],0,0,0,0,0,0,0,0,0,0,0,0,0,0,0,0,0,0,5001,4497011
0,449801,[길드] 날카로운 바람[1등급],0,0,0,0,0,0,0,0,0,0,0,0,0,0,0,0,0,0,5001,4498011
0,449901,[길드] 날카로운 바람[2등급],0,0,0,0,0,0,0,0,0,0,0,0,0,0,0,0,0,0,5001,4499011
0,450001,[길드] 날카로운 바람[3등급],0,0,0,0,0,0,0,0,0,0,0,0,0,0,0,0,0,0,5001,4500011
0,450101,[길드] 날카로운 바람[4등급],0,0,0,0,0,0,0,0,0,0,0,0,0,0,0,0,0,0,5001,4501011
0,450201,[길드] 날카로운 바람[5등급],0,0,0,0,0,0,0,0,0,0,0,0,0,0,0,0,0,0,5001,4502011
0,450301,[길드] 피의 바람[1등급],0,0,0,0,0,0,0,0,0,0,0,0,0,0,0,0,0,0,5001,4503011
0,450401,[길드] 피의 바람[2등급],0,0,0,0,0,0,0,0,0,0,0,0,0,0,0,0,0,0,5001,4504011
0,450501,[길드] 피의 바람[3등급],0,0,0,0,0,0,0,0,0,0,0,0,0,0,0,0,0,0,5001,4505011
0,450601,[길드] 피의 바람[4등급],0,0,0,0,0,0,0,0,0,0,0,0,0,0,0,0,0,0,5001,4506011
0,450701,[길드] 피의 바람[5등급],0,0,0,0,0,0,0,0,0,0,0,0,0,0,0,0,0,0,5001,4507011
0,450801,[길드] 복수의 바람[1등급],0,0,0,0,0,0,0,0,0,0,0,0,0,0,0,0,0,0,5001,4508011
0,450901,[길드] 복수의 바람[2등급],0,0,0,0,0,0,0,0,0,0,0,0,0,0,0,0,0,0,5001,4509011
0,451001,[길드] 복수의 바람[3등급],0,0,0,0,0,0,0,0,0,0,0,0,0,0,0,0,0,0,5001,4510011
0,451101,[길드] 복수의 바람[4등급],0,0,0,0,0,0,0,0,0,0,0,0,0,0,0,0,0,0,5001,4511011
0,451201,[길드] 복수의 바람[5등급],0,0,0,0,0,0,0,0,0,0,0,0,0,0,0,0,0,0,5001,4512011
0,451301,[길드] 이동속도 진흙[1등급],0,0,0,0,0,0,0,0,0,0,0,0,0,0,0,0,0,0,5001,4513011
0,451401,[길드] 이동속도 진흙[2등급],0,0,0,0,0,0,0,0,0,0,0,0,0,0,0,0,0,0,5001,4514011
0,451501,[길드] 이동속도 진흙[3등급],0,0,0,0,0,0,0,0,0,0,0,0,0,0,0,0,0,0,5001,4515011
0,451601,[길드] 이동속도 진흙[4등급],0,0,0,0,0,0,0,0,0,0,0,0,0,0,0,0,0,0,5001,4516011
0,451701,[길드] 이동속도 진흙[5등급],0,0,0,0,0,0,0,0,0,0,0,0,0,0,0,0,0,0,5001,4517011
0,451801,[길드] 공격속도 진흙[1등급],0,0,0,0,0,0,0,0,0,0,0,0,0,0,0,0,0,0,5001,4518011
0,451901,[길드] 공격속도 진흙[2등급],0,0,0,0,0,0,0,0,0,0,0,0,0,0,0,0,0,0,5001,4519011
0,452001,[길드] 공격속도 진흙[3등급],0,0,0,0,0,0,0,0,0,0,0,0,0,0,0,0,0,0,5001,4520011
0,452101,[길드] 공격속도 진흙[4등급],0,0,0,0,0,0,0,0,0,0,0,0,0,0,0,0,0,0,5001,4521011
0,452201,[길드] 공격속도 진흙[5등급],0,0,0,0,0,0,0,0,0,0,0,0,0,0,0,0,0,0,5001,4522011
0,452301,[길드] 쿨다운타임 진흙[1등급],0,0,0,0,0,0,0,0,0,0,0,0,0,0,0,0,0,0,5001,4523011
0,452401,[길드] 쿨다운타임 진흙[2등급],0,0,0,0,0,0,0,0,0,0,0,0,0,0,0,0,0,0,5001,4524011
0,452501,[길드] 쿨다운타임 진흙[3등급],0,0,0,0,0,0,0,0,0,0,0,0,0,0,0,0,0,0,5001,4525011
0,452601,[길드] 쿨다운타임 진흙[4등급],0,0,0,0,0,0,0,0,0,0,0,0,0,0,0,0,0,0,5001,4526011
0,452701,[길드] 쿨다운타임 진흙[5등급],0,0,0,0,0,0,0,0,0,0,0,0,0,0,0,0,0,0,5001,4527011
0,452801,[길드] 회복의 진흙[1등급],0,0,0,0,0,0,0,0,0,0,0,0,0,0,0,0,0,0,5001,4528011
0,452901,[길드] 회복의 진흙[2등급],0,0,0,0,0,0,0,0,0,0,0,0,0,0,0,0,0,0,5001,4529011
0,453001,[길드] 회복의 진흙[3등급],0,0,0,0,0,0,0,0,0,0,0,0,0,0,0,0,0,0,5001,4530011
0,453101,[길드] 회복의 진흙[4등급],0,0,0,0,0,0,0,0,0,0,0,0,0,0,0,0,0,0,5001,4531011
0,453201,[길드] 회복의 진흙[5등급],0,0,0,0,0,0,0,0,0,0,0,0,0,0,0,0,0,0,5001,4532011
0,453301,[길드] 이동속도 -10%,1분,0,0,0,0,0,0,0,0,0,0,0,0,0,0,0,0,0,0,5001,4533011
0,453302,[길드] 이동속도 -20%,1분,0,0,0,0,0,0,0,0,0,0,0,0,0,0,0,0,0,0,5001,4533021
0,453303,[길드] 이동속도 -20%,3분,0,0,0,0,0,0,0,0,0,0,0,0,0,0,0,0,0,0,5001,4533031
0,453304,[길드] 이동속도 -30%,3분,0,0,0,0,0,0,0,0,0,0,0,0,0,0,0,0,0,0,5001,4533041
0,453305,[길드] 이동속도 -50%,3분,0,0,0,0,0,0,0,0,0,0,0,0,0,0,0,0,0,0,5001,4533051
0,453801,[길드] 공격속도 -10%,1분,0,0,0,0,0,0,0,0,0,0,0,0,0,0,0,0,0,0,5001,4538011
0,453802,[길드] 공격속도 -20%,1분,0,0,0,0,0,0,0,0,0,0,0,0,0,0,0,0,0,0,5001,4538021
0,453803,[길드] 공격속도 -20%,3분,0,0,0,0,0,0,0,0,0,0,0,0,0,0,0,0,0,0,5001,4538031
0,453804,[길드] 공격속도 -30%,3분,0,0,0,0,0,0,0,0,0,0,0,0,0,0,0,0,0,0,5001,4538041
0,453805,[길드] 공격속도 -50%,3분,0,0,0,0,0,0,0,0,0,0,0,0,0,0,0,0,0,0,5001,4538051
0,454301,냄새주머니(원령나무희귀 얼음사마귀),0,0,0,0,0,0,0,0,0,0,0,0,0,0,0,0,0,0,5001,4543011
0,454401,마법주문서(영혼의안식처희귀 얼음요정),0,0,0,0,0,0,0,0,0,0,0,0,0,0,0,0,0,0,5001,4544011
0,454501,푸른 결정체(곰발톱광산희귀 수호용),0,0,0,0,0,0,0,0,0,0,0,0,0,0,0,0,0,0,5001,4545011
0,454601,쇳조각(눈구름골짜기희귀 북극곰),0,0,0,0,0,0,0,0,0,0,0,0,0,0,0,0,0,0,5001,4546011
0,454701,(F8)데미지 하락,0,0,0,0,0,0,0,0,0,0,0,0,0,0,0,0,0,0,5001,80711020
0,454801,(F8)이동속도 하락,0,0,0,0,0,0,0,0,0,0,0,0,0,0,0,0,0,0,5001,80711030
0,454901,(F8)일단 정지,0,0,0,0,0,0,0,0,0,0,0,0,0,0,0,0,0,0,5001,80711040
0,455001,피의 바람 1등급 데미지이펙트,0,0,0,0,0,0,0,0,0,0,0,0,0,0,0,0,0,0,5001,4550011
0,455101,버프삭제 진흙 1등급 데미지이펙트,0,0,0,0,0,0,0,0,0,0,0,0,0,0,0,0,0,0,5001,4551011
0,455102,버프삭제 진흙 2등급 데미지이펙트,0,0,0,0,0,0,0,0,0,0,0,0,0,0,0,0,0,0,5001,4551021
0,455103,버프삭제 진흙 3등급 데미지이펙트,0,0,0,0,0,0,0,0,0,0,0,0,0,0,0,0,0,0,5001,4551031
0,455104,버프삭제 진흙 4등급 데미지이펙트,0,0,0,0,0,0,0,0,0,0,0,0,0,0,0,0,0,0,5001,4551041
0,455105,버프삭제 진흙 5등급 데미지이펙트,0,0,0,0,0,0,0,0,0,0,0,0,0,0,0,0,0,0,5001,4551051
0,455201,피의 바람 2등급 데미지이펙트,0,0,0,0,0,0,0,0,0,0,0,0,0,0,0,0,0,0,5001,4552011
0,455301,피의 바람 3등급 데미지이펙트,0,0,0,0,0,0,0,0,0,0,0,0,0,0,0,0,0,0,5001,4553011
0,455401,피의 바람 4등급 데미지이펙트,0,0,0,0,0,0,0,0,0,0,0,0,0,0,0,0,0,0,5001,4554011
0,455501,피의 바람 5등급 데미지이펙트,0,0,0,0,0,0,0,0,0,0,0,0,0,0,0,0,0,0,5001,4555011
0,455701,[일본이벤트] 멜론빵,0,0,0,0,0,0,0,0,0,0,0,0,0,0,0,0,0,0,5001,4557011
0,455901,[세트 옵션 이펙트 테스트] 중독,0,0,0,0,0,0,0,0,0,0,0,0,0,0,0,0,0,0,0,0
0,456101,카오스 조각 디버프 방지 버프[1시간,한국],0,0,0,0,0,0,0,0,0,0,0,0,0,0,0,0,0,0,5001,3003011
0,456501,보름달 버프[물리 공격/방어 4% 5분],0,0,0,0,0,0,0,0,0,0,0,0,0,0,0,0,0,0,5001,4565011
0,456601,추석풍선버프 [경험치 5%],0,0,0,0,0,0,0,0,0,0,0,0,0,0,0,0,0,0,5001,4566011
0,456701,추석풍선버프 [HP회복속도 20%],0,0,0,0,0,0,0,0,0,0,0,0,0,0,0,0,0,0,5001,4567011
0,456801,안전거품,0,0,0,0,0,0,0,0,0,0,0,0,0,0,0,0,0,0,5001,50802061
0,456901,[가장무도회] 블랙 쉐도우 가면,0,0,0,0,0,0,0,0,0,0,0,0,0,0,0,0,0,0,5001,4569011
0,457001,[가장무도회] 하프 레드 가면,0,0,0,0,0,0,0,0,0,0,0,0,0,0,0,0,0,0,5001,4570011
0,457101,[가장무도회] 블루 쉐도우 가면,0,0,0,0,0,0,0,0,0,0,0,0,0,0,0,0,0,0,5001,4571011
0,457201,[가장무도회] 화이트 가면,0,0,0,0,0,0,0,0,0,0,0,0,0,0,0,0,0,0,5001,4572011
0,457301,[가장무도회] 레드 스타 광대 가면,0,0,0,0,0,0,0,0,0,0,0,0,0,0,0,0,0,0,5001,4573011
0,457401,[가장무도회] 쥬얼리 가면,0,0,0,0,0,0,0,0,0,0,0,0,0,0,0,0,0,0,5001,4574011
0,457501,[가장무도회] 블랙 캣 가면,0,0,0,0,0,0,0,0,0,0,0,0,0,0,0,0,0,0,5001,4575011
0,457601,[가장무도회] 블루 화이트 털 가면,0,0,0,0,0,0,0,0,0,0,0,0,0,0,0,0,0,0,5001,4576011
0,457701,[가장무도회] 퍼플 가면,0,0,0,0,0,0,0,0,0,0,0,0,0,0,0,0,0,0,5001,4577011
0,457801,[가장무도회] 래드 스프라이트 가면,0,0,0,0,0,0,0,0,0,0,0,0,0,0,0,0,0,0,5001,4578011
0,457901,[가장무도회] 옐로우 고스트 가면,0,0,0,0,0,0,0,0,0,0,0,0,0,0,0,0,0,0,5001,4579011
0,458001,[아이템장착파티버프] 경험치 3%,0,0,0,0,0,0,0,0,0,0,0,0,0,0,0,0,0,0,5001,4580011
0,458101,[아이템장착파티버프] 경험치 4%,0,0,0,0,0,0,0,0,0,0,0,0,0,0,0,0,0,0,5001,4581011
0,458201,[아이템장착파티버프] 경험치 5%,0,0,0,0,0,0,0,0,0,0,0,0,0,0,0,0,0,0,5001,4582011
0,458301,[아이템장착파티버프] 골드 100%,0,0,0,0,0,0,0,0,0,0,0,0,0,0,0,0,0,0,5001,4583011
0,458401,[아이템장착파티버프] 골드 30%,0,0,0,0,0,0,0,0,0,0,0,0,0,0,0,0,0,0,5001,4584011
0,458501,[아이템장착파티버프] 공격속도 -20%,0,0,0,0,0,0,0,0,0,0,0,0,0,0,0,0,0,0,5001,4585011
0,458601,[아이템장착파티버프] 공격속도 4%,0,0,0,0,0,0,0,0,0,0,0,0,0,0,0,0,0,0,5001,4586011
0,458701,[아이템장착파티버프] 공격속도 5%,0,0,0,0,0,0,0,0,0,0,0,0,0,0,0,0,0,0,5001,4587011
0,458801,[아이템장착파티버프] 마공 4%,0,0,0,0,0,0,0,0,0,0,0,0,0,0,0,0,0,0,5001,4588011
0,458901,[아이템장착파티버프] 마공 5%,0,0,0,0,0,0,0,0,0,0,0,0,0,0,0,0,0,0,5001,4589011
0,459001,[아이템장착파티버프] 마방 2%,0,0,0,0,0,0,0,0,0,0,0,0,0,0,0,0,0,0,5001,4590011
0,459101,[아이템장착파티버프] 물공 4%,0,0,0,0,0,0,0,0,0,0,0,0,0,0,0,0,0,0,5001,4591011
0,459201,[아이템장착파티버프] 물공 5%,0,0,0,0,0,0,0,0,0,0,0,0,0,0,0,0,0,0,5001,4592011
0,459301,[아이템장착파티버프] 물방 2%,0,0,0,0,0,0,0,0,0,0,0,0,0,0,0,0,0,0,5001,4593011
0,459401,[아이템장착파티버프] 이동속도 2%,0,0,0,0,0,0,0,0,0,0,0,0,0,0,0,0,0,0,5001,4594011
0,459501,[아이템장착파티버프] 이동속도 -20%,0,0,0,0,0,0,0,0,0,0,0,0,0,0,0,0,0,0,5001,4595011
0,459601,[아이템장착파티버프] 이동속도 3%,0,0,0,0,0,0,0,0,0,0,0,0,0,0,0,0,0,0,5001,4596011
0,459701,[아이템장착파티버프] 이동속도 5%,0,0,0,0,0,0,0,0,0,0,0,0,0,0,0,0,0,0,5001,4597011
0,459801,[아이템장착파티버프] 치명타 2%,0,0,0,0,0,0,0,0,0,0,0,0,0,0,0,0,0,0,5001,4598011
0,459901,[아이템장착파티버프] 치명타 3%,0,0,0,0,0,0,0,0,0,0,0,0,0,0,0,0,0,0,5001,4599011
0,460001,[아이템장착파티버프] 치명타 5%,0,0,0,0,0,0,0,0,0,0,0,0,0,0,0,0,0,0,5001,4600011
0,460101,[아이템장착파티버프] 치명타 확률 2%,0,0,0,0,0,0,0,0,0,0,0,0,0,0,0,0,0,0,5001,4601011
0,460201,[아이템장착파티버프] 치명타 확률 3%,0,0,0,0,0,0,0,0,0,0,0,0,0,0,0,0,0,0,5001,4602011
0,460301,[아이템장착파티버프] 회피율 3%,0,0,0,0,0,0,0,0,0,0,0,0,0,0,0,0,0,0,5001,4603011
0,460401,[아이템장착파티버프] 회피율 4%,0,0,0,0,0,0,0,0,0,0,0,0,0,0,0,0,0,0,5001,4604011
0,460501,[아이템장착파티버프] CON +10,0,0,0,0,0,0,0,0,0,0,0,0,0,0,0,0,0,0,5001,4605011
0,460601,[아이템장착파티버프] DEX +10,0,0,0,0,0,0,0,0,0,0,0,0,0,0,0,0,0,0,5001,4606011
0,460701,[아이템장착파티버프] HP/MP최대증가 10%,0,0,0,0,0,0,0,0,0,0,0,0,0,0,0,0,0,0,5001,4607011
0,460801,[아이템장착파티버프] HP최대증가 10%,0,0,0,0,0,0,0,0,0,0,0,0,0,0,0,0,0,0,5001,4608011
0,460901,[아이템장착파티버프] HP회복속도 25%,0,0,0,0,0,0,0,0,0,0,0,0,0,0,0,0,0,0,5001,4609011
0,461001,[아이템장착파티버프] INT +10,0,0,0,0,0,0,0,0,0,0,0,0,0,0,0,0,0,0,5001,4610011
0,461101,[아이템장착파티버프] MP최대증가 10%,0,0,0,0,0,0,0,0,0,0,0,0,0,0,0,0,0,0,5001,4611011
0,461201,[아이템장착파티버프] STR +10,0,0,0,0,0,0,0,0,0,0,0,0,0,0,0,0,0,0,5001,4612011
0,461301,물리 방어력 10% 증가,0,0,0,0,0,0,0,0,0,0,0,0,0,0,0,0,0,0,5001,4613011
0,461401,공격속도 5% 증가 ,0,0,0,0,0,0,0,0,0,0,0,0,0,0,0,0,0,0,5001,4614011
0,461501,Hp+1000,0,0,0,0,0,0,0,0,0,0,0,0,0,0,0,0,0,0,5001,4615011
0,461601,이동속도 -5%,0,0,0,0,0,0,0,0,0,0,0,0,0,0,0,0,0,0,5001,4616011
0,461701,명중률 -5%,0,0,0,0,0,0,0,0,0,0,0,0,0,0,0,0,0,0,5001,4617011
0,461801,경험치 30% 증가 포션(1시간),0,0,0,0,0,0,0,0,0,0,0,0,0,0,0,0,0,0,5001,4618011
0,461901,물리 공격력 10% 증가,0,0,0,0,0,0,0,0,0,0,0,0,0,0,0,0,0,0,5001,4619011
0,462001,이동속도 3%증가,0,0,0,0,0,0,0,0,0,0,0,0,0,0,0,0,0,0,5001,4620011
0,462101,MP 회복속도 3% 증가,0,0,0,0,0,0,0,0,0,0,0,0,0,0,0,0,0,0,5001,4621011
0,463101,협동퀘스트 1단계(일본),0,0,0,0,0,0,0,0,0,0,0,0,0,0,0,0,0,0,5001,1463101
0,463201,협동퀘스트 2단계(일본),0,0,0,0,0,0,0,0,0,0,0,0,0,0,0,0,0,0,5001,1463201
0,463301,협동퀘스트 3단계(일본),0,0,0,0,0,0,0,0,0,0,0,0,0,0,0,0,0,0,5001,1463301
0,463401,협동퀘스트 4단계(일본),0,0,0,0,0,0,0,0,0,0,0,0,0,0,0,0,0,0,5001,1463401
0,463402,마법 공격력 5% 증가,0,0,0,0,0,0,0,0,0,0,0,0,0,0,0,0,0,0,5001,4116041
0,463503,이동속도 5% 증가,0,0,0,0,0,0,0,0,0,0,0,0,0,0,0,0,0,0,5001,4119041
0,463601,경험치(5%),0,0,0,0,0,0,0,0,0,0,0,0,0,0,0,0,0,0,5001,1463601
0,463602,경험치(10%),0,0,0,0,0,0,0,0,0,0,0,0,0,0,0,0,0,0,5001,1463602
0,463603,경험치(20%),0,0,0,0,0,0,0,0,0,0,0,0,0,0,0,0,0,0,5001,1463603
0,463604,경험치(30%),0,0,0,0,0,0,0,0,0,0,0,0,0,0,0,0,0,0,5001,1463604
0,463605,경험치(40%),0,0,0,0,0,0,0,0,0,0,0,0,0,0,0,0,0,0,5001,1463605
0,463606,경험치(50%),0,0,0,0,0,0,0,0,0,0,0,0,0,0,0,0,0,0,5001,1463606
0,463701,골드획득률(5%),0,0,0,0,0,0,0,0,0,0,0,0,0,0,0,0,0,0,5001,1463701
0,463702,골드획득률(10%),0,0,0,0,0,0,0,0,0,0,0,0,0,0,0,0,0,0,5001,1463702
0,463703,골드획득률(15%),0,0,0,0,0,0,0,0,0,0,0,0,0,0,0,0,0,0,5001,1463703
0,463704,골드획득률(20%),0,0,0,0,0,0,0,0,0,0,0,0,0,0,0,0,0,0,5001,1463704
0,463801,공격속도(3%),0,0,0,0,0,0,0,0,0,0,0,0,0,0,0,0,0,0,5001,1463801
0,463802,공격속도(7%),0,0,0,0,0,0,0,0,0,0,0,0,0,0,0,0,0,0,5001,1463802
0,463803,공격속도(10%),0,0,0,0,0,0,0,0,0,0,0,0,0,0,0,0,0,0,5001,1463803
0,463901,마법 방어(5%),0,0,0,0,0,0,0,0,0,0,0,0,0,0,0,0,0,0,5001,1463901
0,463902,마법 방어(10%),0,0,0,0,0,0,0,0,0,0,0,0,0,0,0,0,0,0,5001,1463902
0,463903,마법 방어(15%),0,0,0,0,0,0,0,0,0,0,0,0,0,0,0,0,0,0,5001,1463903
0,463904,마법 방어(20%),0,0,0,0,0,0,0,0,0,0,0,0,0,0,0,0,0,0,5001,1463904
0,464001,물리 방어(5%),0,0,0,0,0,0,0,0,0,0,0,0,0,0,0,0,0,0,5001,1464001
0,464002,물리 방어(10%),0,0,0,0,0,0,0,0,0,0,0,0,0,0,0,0,0,0,5001,1464002
0,464003,물리 방어(15%),0,0,0,0,0,0,0,0,0,0,0,0,0,0,0,0,0,0,5001,1464003
0,464004,물리 방어(20%),0,0,0,0,0,0,0,0,0,0,0,0,0,0,0,0,0,0,5001,1464004
0,464101,이동속도(10%),0,0,0,0,0,0,0,0,0,0,0,0,0,0,0,0,0,0,5001,1464101
0,464201,최대 HP(5%),0,0,0,0,0,0,0,0,0,0,0,0,0,0,0,0,0,0,5001,1464201
0,464202,최대 HP(10%),0,0,0,0,0,0,0,0,0,0,0,0,0,0,0,0,0,0,5001,1464202
0,464203,최대 HP(15%),0,0,0,0,0,0,0,0,0,0,0,0,0,0,0,0,0,0,5001,1464203
0,464204,최대 HP(20%),0,0,0,0,0,0,0,0,0,0,0,0,0,0,0,0,0,0,5001,1464204
0,464301,최대 MP(5%),0,0,0,0,0,0,0,0,0,0,0,0,0,0,0,0,0,0,5001,1464301
0,464302,최대 MP(10%),0,0,0,0,0,0,0,0,0,0,0,0,0,0,0,0,0,0,5001,1464302
0,464303,최대 MP(15%),0,0,0,0,0,0,0,0,0,0,0,0,0,0,0,0,0,0,5001,1464303
0,464304,최대 MP(20%),0,0,0,0,0,0,0,0,0,0,0,0,0,0,0,0,0,0,5001,1464304
0,464401,[점령전 인스턴트 아이템]hp+mp 회복,0,0,0,0,0,0,0,0,0,0,0,0,0,0,0,0,0,0,5001,464402
0,464501,[점령전 인스턴트 아이템]점령포인트 증가,0,0,0,0,0,0,0,0,0,0,0,0,0,0,0,0,0,0,5001,464502
0,464601,[점령전 인스턴트 아이템]공격력 증가,0,0,0,0,0,0,0,0,0,0,0,0,0,0,0,0,0,0,5001,464602
0,464701,[점령전 인스턴트 아이템]이동속도 증가,0,0,0,0,0,0,0,0,0,0,0,0,0,0,0,0,0,0,5001,464702
0,464801,[점령전 인스턴트 아이템]봄버맨,0,0,0,0,0,0,0,0,0,0,0,0,0,0,0,0,0,0,5001,464802
0,465101,[직업생산 개선]연한 녹즙,0,0,0,0,0,0,0,0,0,0,0,0,0,0,0,0,0,0,5001,1465101
0,465102,[직업생산 개선]진한 녹즙,0,0,0,0,0,0,0,0,0,0,0,0,0,0,0,0,0,0,5001,1465102
0,465103,[직업생산 개선]이상한 녹즙,0,0,0,0,0,0,0,0,0,0,0,0,0,0,0,0,0,0,5001,1465103
0,465201,[직업생산 개선]작은 불씨,0,0,0,0,0,0,0,0,0,0,0,0,0,0,0,0,0,0,5001,1465201
0,465202,[직업생산 개선]큰 불씨,0,0,0,0,0,0,0,0,0,0,0,0,0,0,0,0,0,0,5001,1465202
0,465203,[직업생산 개선]위험한 불씨,0,0,0,0,0,0,0,0,0,0,0,0,0,0,0,0,0,0,5001,1465203
0,465301,[직업생산 개선]허름한 돌 조각상,0,0,0,0,0,0,0,0,0,0,0,0,0,0,0,0,0,0,5001,1465301
0,465302,[직업생산 개선]견고한 돌 조각상,0,0,0,0,0,0,0,0,0,0,0,0,0,0,0,0,0,0,5001,1465302
0,465303,[직업생산 개선]화려한 돌 조각상,0,0,0,0,0,0,0,0,0,0,0,0,0,0,0,0,0,0,5001,1465303
0,465401,경험치 2% 증가,0,0,0,0,0,0,0,0,0,0,0,0,0,0,0,0,0,0,5001,1465401
0,465501,I Love GF 풍선, 최대 HP/MP +50 공격속도 4%, 파티 버프  효과 추가,0,0,0,0,0,0,0,0,0,0,0,0,0,0,0,0,0,0,5001,465502
0,465601,경험치 15%,0,0,0,0,0,0,0,0,0,0,0,0,0,0,0,0,0,0,5001,465611
0,465701,경험치 20%,0,0,0,0,0,0,0,0,0,0,0,0,0,0,0,0,0,0,5001,465711
0,465801,마공 10%,0,0,0,0,0,0,0,0,0,0,0,0,0,0,0,0,0,0,5001,465811
0,465901,마공 15%,0,0,0,0,0,0,0,0,0,0,0,0,0,0,0,0,0,0,5001,465911
0,466001,마공 20%,0,0,0,0,0,0,0,0,0,0,0,0,0,0,0,0,0,0,5001,466011
0,466101,마방 10%,0,0,0,0,0,0,0,0,0,0,0,0,0,0,0,0,0,0,5001,466111
0,466201,마방 15%,0,0,0,0,0,0,0,0,0,0,0,0,0,0,0,0,0,0,5001,466211
0,466301,마방 20%,0,0,0,0,0,0,0,0,0,0,0,0,0,0,0,0,0,0,5001,466311
0,466401,물공 10%,0,0,0,0,0,0,0,0,0,0,0,0,0,0,0,0,0,0,5001,466411
0,466501,물공 15%,0,0,0,0,0,0,0,0,0,0,0,0,0,0,0,0,0,0,5001,466511
0,466601,물공 20%,0,0,0,0,0,0,0,0,0,0,0,0,0,0,0,0,0,0,5001,466611
0,466701,물방 10%,0,0,0,0,0,0,0,0,0,0,0,0,0,0,0,0,0,0,5001,466711
0,466801,물방 15%,0,0,0,0,0,0,0,0,0,0,0,0,0,0,0,0,0,0,5001,466811
0,466901,물방 20%,0,0,0,0,0,0,0,0,0,0,0,0,0,0,0,0,0,0,5001,466911
0,467001,치명타 10%,0,0,0,0,0,0,0,0,0,0,0,0,0,0,0,0,0,0,5001,467011
0,467101,치명타 확률 10%,0,0,0,0,0,0,0,0,0,0,0,0,0,0,0,0,0,0,5001,467111
0,467201,회피율 5%,0,0,0,0,0,0,0,0,0,0,0,0,0,0,0,0,0,0,5001,467211
0,467301,HP최대증가 15%,0,0,0,0,0,0,0,0,0,0,0,0,0,0,0,0,0,0,5001,467311
0,467401,HP최대증가 20%,0,0,0,0,0,0,0,0,0,0,0,0,0,0,0,0,0,0,5001,467411
0,467501,MP최대증가 15%,0,0,0,0,0,0,0,0,0,0,0,0,0,0,0,0,0,0,5001,467511
0,467601,MP최대증가 20%,0,0,0,0,0,0,0,0,0,0,0,0,0,0,0,0,0,0,5001,467611
0,467701,대만요청 체널이펙트 경험치 20%,0,0,0,0,0,0,0,0,0,0,0,0,0,0,0,0,0,0,5001,467711
0,467801,대만요청 체널이펙트 경험치 30%,0,0,0,0,0,0,0,0,0,0,0,0,0,0,0,0,0,0,5001,467811
0,467901,대만요청 체널이펙트 경험치 40%,0,0,0,0,0,0,0,0,0,0,0,0,0,0,0,0,0,0,5001,467911
0,468001,대만요청 체널이펙트 경험치 50%,0,0,0,0,0,0,0,0,0,0,0,0,0,0,0,0,0,0,5001,468011
0,468101,채널 이펙트 경험치10,골드10,hp/mp10,0,0,0,0,0,0,0,0,0,0,0,0,0,0,0,0,0,0,5001,4681011
0,468201,여름 이벤트 경험치 30% 증가 포션(1시간),0,0,0,0,0,0,0,0,0,0,0,0,0,0,0,0,0,0,5001,468202
0,468301,여름 이벤트 [직업생산]채집속도 증가 포션(1시간),0,0,0,0,0,0,0,0,0,0,0,0,0,0,0,0,0,0,5001,468302
0,468401,여름 이벤트 골드획득률 30% 증가 (1시간),0,0,0,0,0,0,0,0,0,0,0,0,0,0,0,0,0,0,5001,468402
0,600061,눈사람몬스터카드,0,0,0,0,0,0,0,0,0,0,0,0,0,0,0,0,0,0,1007,1
0,610001,[쿤다라개선] 무티샤의 주술걸린 투구 [심각한중독],0,0,0,0,0,0,0,0,0,0,0,0,0,0,0,0,1007,1,0,0
0,610002,[쿤다라개선] 무티사의 주술걸린 어깨 [심각한화상],0,0,0,0,0,0,0,0,0,0,0,0,0,0,0,0,1007,1,0,0
0,610003,[쿤다라개선] 무티샤의 주술걸린 장갑 [과다출혈],0,0,0,0,0,0,0,0,0,0,0,0,0,0,0,0,1007,1,0,0
0,610004,[쿤다라개선] 무티샤의 주술걸린 망토 [저주],0,0,0,0,0,0,0,0,0,0,0,0,0,0,0,0,1007,1,0,0
0,650001,모든대륙,0,0,0,0,0,0,0,0,0,0,0,0,0,0,0,0,0,0,0,0
0,650002,바람의 대륙,0,0,0,0,0,0,0,0,0,0,0,0,0,0,0,0,0,0,0,0
0,650003,혼돈의 대륙,0,0,0,0,0,0,0,0,0,0,0,0,0,0,0,0,0,0,0,0
0,1431001,영문 신규 채널 이팩트(10%),0,0,0,0,0,0,0,0,0,0,0,0,0,0,0,0,0,0,5001,1431011
0,1431101,영문 신규 채널 이팩트(20%),0,0,0,0,0,0,0,0,0,0,0,0,0,0,0,0,0,0,5001,1431111
0,1431201,영문 신규 채널 이팩트(30%),0,0,0,0,0,0,0,0,0,0,0,0,0,0,0,0,0,0,5001,1431211
0,1431301,영문 신규 채널 이팩트(40%),0,0,0,0,0,0,0,0,0,0,0,0,0,0,0,0,0,0,5001,1431311
0,1431401,영문 신규 채널 이팩트(50%),0,0,0,0,0,0,0,0,0,0,0,0,0,0,0,0,0,0,5001,1431411
0,1431501,영문 신규 채널 이팩트(60%),0,0,0,0,0,0,0,0,0,0,0,0,0,0,0,0,0,0,5001,1431511
0,1431601,영문 신규 채널 이팩트(70%),0,0,0,0,0,0,0,0,0,0,0,0,0,0,0,0,0,0,5001,1431611
0,1431701,영문 신규 채널 이팩트(80%),0,0,0,0,0,0,0,0,0,0,0,0,0,0,0,0,0,0,5001,1431711
0,1431801,영문 신규 채널 이팩트(90%),0,0,0,0,0,0,0,0,0,0,0,0,0,0,0,0,0,0,5001,1431811
0,1431901,영문 신규 채널 이팩트(100%),0,0,0,0,0,0,0,0,0,0,0,0,0,0,0,0,0,0,5001,1431911
0,1432001,영문 신규 채널 이팩트(크리티컬10%),0,0,0,0,0,0,0,0,0,0,0,0,0,0,0,0,0,0,5001,1432011
0,1432101,영문 신규 채널 이팩트(크리티컬20%),0,0,0,0,0,0,0,0,0,0,0,0,0,0,0,0,0,0,5001,1432111
0,1432201,영문 신규 채널 이팩트(크리티컬30%),0,0,0,0,0,0,0,0,0,0,0,0,0,0,0,0,0,0,5001,1432211
0,9980110,양자리 이펙,0,0,0,0,0,0,0,0,0,0,0,0,0,0,0,0,0,0,5001,0
0,50200531,미션맵 수호 명령서 - 사용시 경험치획득 상승 어빌(Ingame) - 10% ,0,0,0,0,0,0,0,0,0,0,0,0,0,0,0,0,0,0,5001,50200536
0,50200532,미션맵 수호 명령서 - 사용시 경험치획득 상승 어빌(Ingame) - 20% ,0,0,0,0,0,0,0,0,0,0,0,0,0,0,0,0,0,0,5001,50200567
0,52100040,[직업생산]욕심은 성공의 아버지(캐쉬),0,0,0,0,0,0,0,0,0,0,0,0,0,0,0,0,0,0,5001,52100041
0,52100050,[직업생산]채집속도 증가 포션(캐쉬),0,0,0,0,0,0,0,0,0,0,0,0,0,0,0,0,0,0,5001,52100051
0,52100060,[직업생산]채집속도 증가 포션(캐쉬)-테스트,0,0,0,0,0,0,0,0,0,0,0,0,0,0,0,0,0,0,5001,52100051
0,52100200,VIP효과,0,0,0,0,0,0,0,0,0,0,0,0,0,0,0,0,0,0,0,0
0,52100300,VIP효과,0,0,0,0,0,0,0,0,0,0,0,0,0,0,0,0,0,0,0,0
0,87000110,[저급] 지속피로회복 스프,0,0,0,0,0,0,0,0,0,0,0,0,0,0,0,0,0,0,5001,87000111
0,87000120,[중급] 지속피로회복 스프,0,0,0,0,0,0,0,0,0,0,0,0,0,0,0,0,0,0,5001,87000121
0,87000130,[특급] 지속피로회복 스프,0,0,0,0,0,0,0,0,0,0,0,0,0,0,0,0,0,0,5001,87000131
0,89006650,[즉석가공] 요리 1급(1~9Lv) 하 MP 회복80[하급 영양제],0,0,0,0,0,0,0,0,0,0,0,0,0,0,0,0,0,0,5001,89006651
0,89006660,[즉석가공] 요리 1급(1~9Lv) 중 MP 회복100[일반 영양제],0,0,0,0,0,0,0,0,0,0,0,0,0,0,0,0,0,0,5001,89006661
0,89006670,[즉석가공] 요리 1급(1~9Lv) 상 MP 회복120[고급 영양제],0,0,0,0,0,0,0,0,0,0,0,0,0,0,0,0,0,0,5001,89006671
0,89006680,[즉석가공] 요리 2급(10~19Lv) 하 MP 회복140[하급 영양제],0,0,0,0,0,0,0,0,0,0,0,0,0,0,0,0,0,0,5001,89006681
0,89006690,[즉석가공] 요리 2급(10~19Lv) 중 MP 회복170[일반 영양제],0,0,0,0,0,0,0,0,0,0,0,0,0,0,0,0,0,0,5001,89006691
0,89006700,[즉석가공] 요리 2급(10~19Lv) 상 MP 회복210[고급 영양제],0,0,0,0,0,0,0,0,0,0,0,0,0,0,0,0,0,0,5001,89006701
0,89006710,[즉석가공] 요리 3급(20~29Lv) 하 MP 회복270[하급 영양제],0,0,0,0,0,0,0,0,0,0,0,0,0,0,0,0,0,0,5001,89006711
0,89006720,[즉석가공] 요리 3급(20~29Lv) 중 MP 회복350[일반 영양제],0,0,0,0,0,0,0,0,0,0,0,0,0,0,0,0,0,0,5001,89006721
0,89006730,[즉석가공] 요리 3급(20~29Lv) 상 MP 회복420[고급 영양제],0,0,0,0,0,0,0,0,0,0,0,0,0,0,0,0,0,0,5001,89006731
0,89006740,[즉석가공] 요리 4급(30~39Lv) 하 MP 회복450[하급 영양제],0,0,0,0,0,0,0,0,0,0,0,0,0,0,0,0,0,0,5001,89006741
0,89006750,[즉석가공] 요리 4급(30~39Lv) 중 MP 회복560[일반 영양제],0,0,0,0,0,0,0,0,0,0,0,0,0,0,0,0,0,0,5001,89006751
0,89006760,[즉석가공] 요리 4급(30~39Lv) 상 MP 회복680[고급 영양제],0,0,0,0,0,0,0,0,0,0,0,0,0,0,0,0,0,0,5001,89006761
0,89006770,[즉석가공] 요리 5급(40~Lv) 하 MP 회복680[하급 영양제],0,0,0,0,0,0,0,0,0,0,0,0,0,0,0,0,0,0,5001,89006771
0,89006780,[즉석가공] 요리 5급(40~Lv) 중 MP 회복850[일반 영양제],0,0,0,0,0,0,0,0,0,0,0,0,0,0,0,0,0,0,5001,89006781
0,89006790,[즉석가공] 요리 5급(40~Lv) 상 MP 회복1000[고급 영양제],0,0,0,0,0,0,0,0,0,0,0,0,0,0,0,0,0,0,5001,89006791
0,89006800,[즉석가공] 요리 1급(1~9Lv) 하 해독지속 회복10[하급 해독제],0,0,0,0,0,0,0,0,0,0,0,0,0,0,0,0,0,0,5001,89006801
0,89006810,[즉석가공] 요리 1급(1~9Lv) 중 해독지속 회복20[일반 해독제],0,0,0,0,0,0,0,0,0,0,0,0,0,0,0,0,0,0,5001,89006811
0,89006820,[즉석가공] 요리 1급(1~9Lv) 상 해독지속 회복30[고급 해독제],0,0,0,0,0,0,0,0,0,0,0,0,0,0,0,0,0,0,5001,89006821
0,89006830,[즉석가공] 요리 2급(10~19Lv) 하 해독지속 회복20[하급 해독제],0,0,0,0,0,0,0,0,0,0,0,0,0,0,0,0,0,0,5001,89006831
0,89006840,[즉석가공] 요리 2급(10~19Lv) 중 해독지속 회복40[일반 해독제],0,0,0,0,0,0,0,0,0,0,0,0,0,0,0,0,0,0,5001,89006841
0,89006850,[즉석가공] 요리 2급(10~19Lv) 상 해독지속 회복60[고급 해독제],0,0,0,0,0,0,0,0,0,0,0,0,0,0,0,0,0,0,5001,89006851
0,89006860,[즉석가공] 요리 3급(20~29Lv) 하 해독지속 회복 80[하급 해독제],0,0,0,0,0,0,0,0,0,0,0,0,0,0,0,0,0,0,5001,89006861
0,89006870,[즉석가공] 요리 3급(20~29Lv) 중 해독지속 회복100[일반 해독제],0,0,0,0,0,0,0,0,0,0,0,0,0,0,0,0,0,0,5001,89006871
0,89006880,[즉석가공] 요리 3급(20~29Lv) 상 해독지속 회복120[고급 해독제],0,0,0,0,0,0,0,0,0,0,0,0,0,0,0,0,0,0,5001,89006881
0,89006890,[즉석가공] 요리 4급(30~39Lv) 하 해독 붕대지속 회복 80[하급 해독제],0,0,0,0,0,0,0,0,0,0,0,0,0,0,0,0,0,0,5001,89006891
0,89006900,[즉석가공] 요리 4급(30~39Lv) 중 해독 붕대지속 회복100[일반 해독제],0,0,0,0,0,0,0,0,0,0,0,0,0,0,0,0,0,0,5001,89006901
0,89006910,[즉석가공] 요리 4급(30~39Lv) 상 해독 붕대지속 회복120[고급 해독제],0,0,0,0,0,0,0,0,0,0,0,0,0,0,0,0,0,0,5001,89006911
0,89006920,[즉석가공] 요리 5급(40~Lv) 하 해독 붕대 실명지속 회복50[하급 해독제],0,0,0,0,0,0,0,0,0,0,0,0,0,0,0,0,0,0,5001,89006921
0,89006930,[즉석가공] 요리 5급(40~Lv) 중 해독 붕대 실명지속 회복100[일반 해독제],0,0,0,0,0,0,0,0,0,0,0,0,0,0,0,0,0,0,5001,89006931
0,89006940,[즉석가공] 요리 5급(40~Lv) 상 해독 붕대 실명지속 회복120[고급 해독제],0,0,0,0,0,0,0,0,0,0,0,0,0,0,0,0,0,0,5001,89006941
0,89006950,[즉석가공] 세공 1급(1~9Lv) 하 방어력 증가 회복80[하급 방어구 키트],0,0,0,0,0,0,0,0,0,0,0,0,0,0,0,0,0,0,5001,89006951
0,89006960,[즉석가공] 세공 1급(1~9Lv) 중 방어력 증가 회복100[일반 방어구 키트],0,0,0,0,0,0,0,0,0,0,0,0,0,0,0,0,0,0,5001,89006961
0,89006970,[즉석가공] 세공 1급(1~9Lv) 상 방어력 증가 회복120[고급 방어구 키트],0,0,0,0,0,0,0,0,0,0,0,0,0,0,0,0,0,0,5001,89006971
0,89006980,[즉석가공] 세공 2급(10~19Lv) 하 방어력 증가 회복140[하급 방어구 키트],0,0,0,0,0,0,0,0,0,0,0,0,0,0,0,0,0,0,5001,89006981
0,89006990,[즉석가공] 세공 2급(10~19Lv) 중 방어력 증가 회복170[일반 방어구 키트],0,0,0,0,0,0,0,0,0,0,0,0,0,0,0,0,0,0,5001,89006991
0,89007000,[즉석가공] 세공 2급(10~19Lv) 상 방어력 증가 회복210[고급 방어구 키트],0,0,0,0,0,0,0,0,0,0,0,0,0,0,0,0,0,0,5001,89007001
0,89007010,[즉석가공] 세공 3급(20~29Lv) 하 방어력 증가 회복270[하급 방어구 키트],0,0,0,0,0,0,0,0,0,0,0,0,0,0,0,0,0,0,5001,89007011
0,89007020,[즉석가공] 세공 3급(20~29Lv) 중 방어력 증가 회복350[일반 방어구 키트],0,0,0,0,0,0,0,0,0,0,0,0,0,0,0,0,0,0,5001,89007021
0,89007030,[즉석가공] 세공 3급(20~29Lv) 상 방어력 증가 회복420[고급 방어구 키트],0,0,0,0,0,0,0,0,0,0,0,0,0,0,0,0,0,0,5001,89007031
0,89007040,[즉석가공] 세공 4급(30~39Lv) 하 방어력 증가 회복450[하급 방어구 키트],0,0,0,0,0,0,0,0,0,0,0,0,0,0,0,0,0,0,5001,89007041
0,89007050,[즉석가공] 세공 4급(30~39Lv) 중 방어력 증가 회복560[일반 방어구 키트],0,0,0,0,0,0,0,0,0,0,0,0,0,0,0,0,0,0,5001,89007051
0,89007060,[즉석가공] 세공 4급(30~39Lv) 상 방어력 증가 회복680[고급 방어구 키트],0,0,0,0,0,0,0,0,0,0,0,0,0,0,0,0,0,0,5001,89007061
0,89007070,[즉석가공] 세공 5급(40~Lv) 하 방어력 증가 회복680[하급 방어구 키트],0,0,0,0,0,0,0,0,0,0,0,0,0,0,0,0,0,0,5001,89007071
0,89007080,[즉석가공] 세공 5급(40~Lv) 중 방어력 증가 회복850[일반 방어구 키트],0,0,0,0,0,0,0,0,0,0,0,0,0,0,0,0,0,0,5001,89007081
0,89007090,[즉석가공] 세공 5급(40~Lv) 상 방어력 증가 회복1000[고급 방어구 키트],0,0,0,0,0,0,0,0,0,0,0,0,0,0,0,0,0,0,5001,89007091
0,89007100,[즉석가공] 세공 1급(1~9Lv) 하 공격력 증가 회복80[하급 무기 숫돌],0,0,0,0,0,0,0,0,0,0,0,0,0,0,0,0,0,0,5001,89007101
0,89007110,[즉석가공] 세공 1급(1~9Lv) 중 공격력 증가 회복100[일반 무기 숫돌],0,0,0,0,0,0,0,0,0,0,0,0,0,0,0,0,0,0,5001,89007111
0,89007120,[즉석가공] 세공 1급(1~9Lv) 상 공격력 증가 회복120[고급 무기 숫돌],0,0,0,0,0,0,0,0,0,0,0,0,0,0,0,0,0,0,5001,89007121
0,89007130,[즉석가공] 세공 2급(10~19Lv) 하 공격력 증가 회복140[하급 무기 숫돌],0,0,0,0,0,0,0,0,0,0,0,0,0,0,0,0,0,0,5001,89007131
0,89007140,[즉석가공] 세공 2급(10~19Lv) 중 공격력 증가 회복170[일반 무기 숫돌],0,0,0,0,0,0,0,0,0,0,0,0,0,0,0,0,0,0,5001,89007141
0,89007150,[즉석가공] 세공 2급(10~19Lv) 상 공격력 증가 회복210[고급 무기 숫돌],0,0,0,0,0,0,0,0,0,0,0,0,0,0,0,0,0,0,5001,89007151
0,89007160,[즉석가공] 세공 3급(20~29Lv) 하 공격력 증가 회복270[하급 무기 숫돌],0,0,0,0,0,0,0,0,0,0,0,0,0,0,0,0,0,0,5001,89007161
0,89007170,[즉석가공] 세공 3급(20~29Lv) 중 공격력 증가 회복350[일반 무기 숫돌],0,0,0,0,0,0,0,0,0,0,0,0,0,0,0,0,0,0,5001,89007171
0,89007180,[즉석가공] 세공 3급(20~29Lv) 상 공격력 증가 회복420[고급 무기 숫돌],0,0,0,0,0,0,0,0,0,0,0,0,0,0,0,0,0,0,5001,89007181
0,89007190,[즉석가공] 세공 4급(30~39Lv) 하 공격력 증가 회복450[하급 무기 숫돌],0,0,0,0,0,0,0,0,0,0,0,0,0,0,0,0,0,0,5001,89007191
0,89007200,[즉석가공] 세공 4급(30~39Lv) 중 공격력 증가 회복560[일반 무기 숫돌],0,0,0,0,0,0,0,0,0,0,0,0,0,0,0,0,0,0,5001,89007201
0,89007210,[즉석가공] 세공 4급(30~39Lv) 상 공격력 증가 회복680[고급 무기 숫돌],0,0,0,0,0,0,0,0,0,0,0,0,0,0,0,0,0,0,5001,89007211
0,89007220,[즉석가공] 세공 5급(40~Lv) 하 공격력 증가 회복680[하급 무기 숫돌],0,0,0,0,0,0,0,0,0,0,0,0,0,0,0,0,0,0,5001,89007221
0,89007230,[즉석가공] 세공 5급(40~Lv) 중 공격력 증가 회복850[일반 무기 숫돌],0,0,0,0,0,0,0,0,0,0,0,0,0,0,0,0,0,0,5001,89007231
0,89007240,[즉석가공] 세공 5급(40~Lv) 상 공격력 증가 회복1000[고급 무기 숫돌],0,0,0,0,0,0,0,0,0,0,0,0,0,0,0,0,0,0,5001,89007241
0,89007250,[즉석가공] 세공 1급(1~9Lv) 하 이동속도 증가 회복80[하급 마법의 깃털],0,0,0,0,0,0,0,0,0,0,0,0,0,0,0,0,0,0,5001,89007251
0,89007260,[즉석가공] 세공 1급(1~9Lv) 중 이동속도 증가 회복100[일반 마법의 깃털],0,0,0,0,0,0,0,0,0,0,0,0,0,0,0,0,0,0,5001,89007261
0,89007270,[즉석가공] 세공 1급(1~9Lv) 상 이동속도 증가 회복120[고급 마법의 깃털],0,0,0,0,0,0,0,0,0,0,0,0,0,0,0,0,0,0,5001,89007271
0,89007280,[즉석가공] 세공 2급(10~19Lv) 하 이동속도 증가 회복140[하급 마법의 깃털],0,0,0,0,0,0,0,0,0,0,0,0,0,0,0,0,0,0,5001,89007281
0,89007290,[즉석가공] 세공 2급(10~19Lv) 중 이동속도 증가 회복170[일반 마법의 깃털],0,0,0,0,0,0,0,0,0,0,0,0,0,0,0,0,0,0,5001,89007291
0,89007300,[즉석가공] 세공 2급(10~19Lv) 상 이동속도 증가 회복210[고급 마법의 깃털],0,0,0,0,0,0,0,0,0,0,0,0,0,0,0,0,0,0,5001,89007301
0,89007310,[즉석가공] 세공 3급(20~29Lv) 하 이동속도 증가 회복270[하급 마법의 깃털],0,0,0,0,0,0,0,0,0,0,0,0,0,0,0,0,0,0,5001,89007311
0,89007320,[즉석가공] 세공 3급(20~29Lv) 중 이동속도 증가 회복350[일반 마법의 깃털],0,0,0,0,0,0,0,0,0,0,0,0,0,0,0,0,0,0,5001,89007321
0,89007330,[즉석가공] 세공 3급(20~29Lv) 상 이동속도 증가 회복420[고급 마법의 깃털],0,0,0,0,0,0,0,0,0,0,0,0,0,0,0,0,0,0,5001,89007331
0,89007340,[즉석가공] 세공 4급(30~39Lv) 하 이동속도 증가 회복450[하급 마법의 깃털],0,0,0,0,0,0,0,0,0,0,0,0,0,0,0,0,0,0,5001,89007341
0,89007350,[즉석가공] 세공 4급(30~39Lv) 중 이동속도 증가 회복560[일반 마법의 깃털],0,0,0,0,0,0,0,0,0,0,0,0,0,0,0,0,0,0,5001,89007351
0,89007360,[즉석가공] 세공 4급(30~39Lv) 상 이동속도 증가 회복680[고급 마법의 깃털],0,0,0,0,0,0,0,0,0,0,0,0,0,0,0,0,0,0,5001,89007361
0,89007370,[즉석가공] 세공 5급(40~Lv) 하 이동속도 증가 회복680[하급 마법의 깃털],0,0,0,0,0,0,0,0,0,0,0,0,0,0,0,0,0,0,5001,89007371
0,89007380,[즉석가공] 세공 5급(40~Lv) 중 이동속도 증가 회복850[일반 마법의 깃털],0,0,0,0,0,0,0,0,0,0,0,0,0,0,0,0,0,0,5001,89007381
0,89007390,[즉석가공] 세공 5급(40~Lv) 상 이동속도 증가 회복1000[고급 마법의 깃털],0,0,0,0,0,0,0,0,0,0,0,0,0,0,0,0,0,0,5001,89007391
0,89007400,[즉석가공] 마력부여 1급(1~9Lv) 하 화염속성공격력 증가 회복80[하급 속성 보조제],0,0,0,0,0,0,0,0,0,0,0,0,0,0,0,0,0,0,5001,89007401
0,89007410,[즉석가공] 마력부여 1급(1~9Lv) 중 화염속성공격력 증가 회복100[일반 속성 보조제],0,0,0,0,0,0,0,0,0,0,0,0,0,0,0,0,0,0,5001,89007411
0,89007420,[즉석가공] 마력부여 1급(1~9Lv) 상 화염속성공격력 증가 회복120[고급 속성보조제],0,0,0,0,0,0,0,0,0,0,0,0,0,0,0,0,0,0,5001,89007421
0,89007430,[즉석가공] 마력부여 2급(10~19Lv) 하 화염속성공격력 증가 회복140[하급 속성 보조제],0,0,0,0,0,0,0,0,0,0,0,0,0,0,0,0,0,0,5001,89007431
0,89007440,[즉석가공] 마력부여 2급(10~19Lv) 중 화염속성공격력 증가 회복170[일반 속성 보조제],0,0,0,0,0,0,0,0,0,0,0,0,0,0,0,0,0,0,5001,89007441
0,89007450,[즉석가공] 마력부여 2급(10~19Lv) 상 화염속성공격력 증가 회복210[고급 속성보조제],0,0,0,0,0,0,0,0,0,0,0,0,0,0,0,0,0,0,5001,89007451
0,89007460,[즉석가공] 마력부여 3급(20~29Lv) 하 화염속성공격력 증가 회복270[하급 속성 보조제],0,0,0,0,0,0,0,0,0,0,0,0,0,0,0,0,0,0,5001,89007461
0,89007470,[즉석가공] 마력부여 3급(20~29Lv) 중 화염속성공격력 증가 회복350[일반 속성 보조제],0,0,0,0,0,0,0,0,0,0,0,0,0,0,0,0,0,0,5001,89007471
0,89007480,[즉석가공] 마력부여 3급(20~29Lv) 상 화염속성공격력 증가 회복420[고급 속성보조제],0,0,0,0,0,0,0,0,0,0,0,0,0,0,0,0,0,0,5001,89007481
0,89007490,[즉석가공] 마력부여 4급(30~39Lv) 하 화염속성공격력 증가 회복450[하급 속성 보조제],0,0,0,0,0,0,0,0,0,0,0,0,0,0,0,0,0,0,5001,89007491
0,89007500,[즉석가공] 마력부여 4급(30~39Lv) 중 화염속성공격력 증가 회복560[일반 속성 보조제],0,0,0,0,0,0,0,0,0,0,0,0,0,0,0,0,0,0,5001,89007501
0,89007510,[즉석가공] 마력부여 4급(30~39Lv) 상 화염속성공격력 증가 회복680[고급 속성보조제],0,0,0,0,0,0,0,0,0,0,0,0,0,0,0,0,0,0,5001,89007511
0,89007520,[즉석가공] 마력부여 5급(40~Lv) 하 화염속성공격력 증가 회복680[하급 속성 보조제],0,0,0,0,0,0,0,0,0,0,0,0,0,0,0,0,0,0,5001,89007521
0,89007530,[즉석가공] 마력부여 5급(40~Lv) 중 화염속성공격력 증가 회복850[일반 속성 보조제],0,0,0,0,0,0,0,0,0,0,0,0,0,0,0,0,0,0,5001,89007531
0,89007540,[즉석가공] 마력부여 5급(40~Lv) 상 화염속성공격력 증가 회복1000[고급 속성보조제],0,0,0,0,0,0,0,0,0,0,0,0,0,0,0,0,0,0,5001,89007541
0,89007550,[즉석가공] 마력부여 1급(1~9Lv) 하 냉기속성공격력 증가 회복80[하급 속성 보조제],0,0,0,0,0,0,0,0,0,0,0,0,0,0,0,0,0,0,5001,89007551
0,89007560,[즉석가공] 마력부여 1급(1~9Lv) 중 냉기속성공격력 증가 회복100[일반 속성 보조제],0,0,0,0,0,0,0,0,0,0,0,0,0,0,0,0,0,0,5001,89007561
0,89007570,[즉석가공] 마력부여 1급(1~9Lv) 상 냉기속성공격력 증가 회복120[고급 속성보조제],0,0,0,0,0,0,0,0,0,0,0,0,0,0,0,0,0,0,5001,89007571
0,89007580,[즉석가공] 마력부여 2급(10~19Lv) 하 냉기속성공격력 증가 회복140[하급 속성 보조제],0,0,0,0,0,0,0,0,0,0,0,0,0,0,0,0,0,0,5001,89007581
0,89007590,[즉석가공] 마력부여 2급(10~19Lv) 중 냉기속성공격력 증가 회복170[일반 속성 보조제],0,0,0,0,0,0,0,0,0,0,0,0,0,0,0,0,0,0,5001,89007591
0,89007600,[즉석가공] 마력부여 2급(10~19Lv) 상 냉기속성공격력 증가 회복210[고급 속성보조제],0,0,0,0,0,0,0,0,0,0,0,0,0,0,0,0,0,0,5001,89007601
0,89007610,[즉석가공] 마력부여 3급(20~29Lv) 하 냉기속성공격력 증가 회복270[하급 속성 보조제],0,0,0,0,0,0,0,0,0,0,0,0,0,0,0,0,0,0,5001,89007611
0,89007620,[즉석가공] 마력부여 3급(20~29Lv) 중 냉기속성공격력 증가 회복350[일반 속성 보조제],0,0,0,0,0,0,0,0,0,0,0,0,0,0,0,0,0,0,5001,89007621
0,89007630,[즉석가공] 마력부여 3급(20~29Lv) 상 냉기속성공격력 증가 회복420[고급 속성보조제],0,0,0,0,0,0,0,0,0,0,0,0,0,0,0,0,0,0,5001,89007631
0,89007640,[즉석가공] 마력부여 4급(30~39Lv) 하 냉기속성공격력 증가 회복450[하급 속성 보조제],0,0,0,0,0,0,0,0,0,0,0,0,0,0,0,0,0,0,5001,89007641
0,89007650,[즉석가공] 마력부여 4급(30~39Lv) 중 냉기속성공격력 증가 회복560[일반 속성 보조제],0,0,0,0,0,0,0,0,0,0,0,0,0,0,0,0,0,0,5001,89007651
0,89007660,[즉석가공] 마력부여 4급(30~39Lv) 상 냉기속성공격력 증가 회복680[고급 속성보조제],0,0,0,0,0,0,0,0,0,0,0,0,0,0,0,0,0,0,5001,89007661
0,89007670,[즉석가공] 마력부여 5급(40~Lv) 하 냉기속성공격력 증가 회복680[하급 속성 보조제],0,0,0,0,0,0,0,0,0,0,0,0,0,0,0,0,0,0,5001,89007671
0,89007680,[즉석가공] 마력부여 5급(40~Lv) 중 냉기속성공격력 증가 회복850[일반 속성 보조제],0,0,0,0,0,0,0,0,0,0,0,0,0,0,0,0,0,0,5001,89007681
0,89007690,[즉석가공] 마력부여 5급(40~Lv) 상 냉기속성공격력 증가 회복1000[고급 속성보조제],0,0,0,0,0,0,0,0,0,0,0,0,0,0,0,0,0,0,5001,89007691
0,89007700,[즉석가공] 마력부여 1급(1~9Lv) 하 자연속성공격력 증가 회복80[하급 속성 보조제],0,0,0,0,0,0,0,0,0,0,0,0,0,0,0,0,0,0,5001,89007701
0,89007710,[즉석가공] 마력부여 1급(1~9Lv) 중 자연속성공격력 증가 회복100[일반 속성 보조제],0,0,0,0,0,0,0,0,0,0,0,0,0,0,0,0,0,0,5001,89007711
0,89007720,[즉석가공] 마력부여 1급(1~9Lv) 상 자연속성공격력 증가 회복120[고급 속성보조제],0,0,0,0,0,0,0,0,0,0,0,0,0,0,0,0,0,0,5001,89007721
0,89007730,[즉석가공] 마력부여 2급(10~19Lv) 하 자연속성공격력 증가 회복140[하급 속성 보조제],0,0,0,0,0,0,0,0,0,0,0,0,0,0,0,0,0,0,5001,89007731
0,89007740,[즉석가공] 마력부여 2급(10~19Lv) 중 자연속성공격력 증가 회복170[일반 속성 보조제],0,0,0,0,0,0,0,0,0,0,0,0,0,0,0,0,0,0,5001,89007741
0,89007750,[즉석가공] 마력부여 2급(10~19Lv) 상 자연속성공격력 증가 회복210[고급 속성보조제],0,0,0,0,0,0,0,0,0,0,0,0,0,0,0,0,0,0,5001,89007751
0,89007760,[즉석가공] 마력부여 3급(20~29Lv) 하 자연속성공격력 증가 회복270[하급 속성 보조제],0,0,0,0,0,0,0,0,0,0,0,0,0,0,0,0,0,0,5001,89007761
0,89007770,[즉석가공] 마력부여 3급(20~29Lv) 중 자연속성공격력 증가 회복350[일반 속성 보조제],0,0,0,0,0,0,0,0,0,0,0,0,0,0,0,0,0,0,5001,89007771
0,89007780,[즉석가공] 마력부여 3급(20~29Lv) 상 자연속성공격력 증가 회복420[고급 속성보조제],0,0,0,0,0,0,0,0,0,0,0,0,0,0,0,0,0,0,5001,89007781
0,89007790,[즉석가공] 마력부여 4급(30~39Lv) 하 자연속성공격력 증가 회복450[하급 속성 보조제],0,0,0,0,0,0,0,0,0,0,0,0,0,0,0,0,0,0,5001,89007791
0,89007800,[즉석가공] 마력부여 4급(30~39Lv) 중 자연속성공격력 증가 회복560[일반 속성 보조제],0,0,0,0,0,0,0,0,0,0,0,0,0,0,0,0,0,0,5001,89007801
0,89007810,[즉석가공] 마력부여 4급(30~39Lv) 상 자연속성공격력 증가 회복680[고급 속성보조제],0,0,0,0,0,0,0,0,0,0,0,0,0,0,0,0,0,0,5001,89007811
0,89007820,[즉석가공] 마력부여 5급(40~Lv) 하 자연속성공격력 증가 회복680[하급 속성 보조제],0,0,0,0,0,0,0,0,0,0,0,0,0,0,0,0,0,0,5001,89007821
0,89007830,[즉석가공] 마력부여 5급(40~Lv) 중 자연속성공격력 증가 회복850[일반 속성 보조제],0,0,0,0,0,0,0,0,0,0,0,0,0,0,0,0,0,0,5001,89007831
0,89007840,[즉석가공] 마력부여 5급(40~Lv) 상 자연속성공격력 증가 회복1000[고급 속성보조제],0,0,0,0,0,0,0,0,0,0,0,0,0,0,0,0,0,0,5001,89007841
0,89007850,[즉석가공] 마력부여 1급(1~9Lv) 하 저주속성공격력 증가 회복80[하급 속성 보조제],0,0,0,0,0,0,0,0,0,0,0,0,0,0,0,0,0,0,5001,89007851
0,89007860,[즉석가공] 마력부여 1급(1~9Lv) 중 저주속성공격력 증가 회복100[일반 속성 보조제],0,0,0,0,0,0,0,0,0,0,0,0,0,0,0,0,0,0,5001,89007861
0,89007870,[즉석가공] 마력부여 1급(1~9Lv) 상 저주속성공격력 증가 회복120[고급 속성보조제],0,0,0,0,0,0,0,0,0,0,0,0,0,0,0,0,0,0,5001,89007871
0,89007880,[즉석가공] 마력부여 2급(10~19Lv) 하 저주속성공격력 증가 회복140[하급 속성 보조제],0,0,0,0,0,0,0,0,0,0,0,0,0,0,0,0,0,0,5001,89007881
0,89007890,[즉석가공] 마력부여 2급(10~19Lv) 중 저주속성공격력 증가 회복170[일반 속성 보조제],0,0,0,0,0,0,0,0,0,0,0,0,0,0,0,0,0,0,5001,89007891
0,89007900,[즉석가공] 마력부여 2급(10~19Lv) 상 저주속성공격력 증가 회복210[고급 속성보조제],0,0,0,0,0,0,0,0,0,0,0,0,0,0,0,0,0,0,5001,89007901
0,89007910,[즉석가공] 마력부여 3급(20~29Lv) 하 저주속성공격력 증가 회복270[하급 속성 보조제],0,0,0,0,0,0,0,0,0,0,0,0,0,0,0,0,0,0,5001,89007911
0,89007920,[즉석가공] 마력부여 3급(20~29Lv) 중 저주속성공격력 증가 회복350[일반 속성 보조제],0,0,0,0,0,0,0,0,0,0,0,0,0,0,0,0,0,0,5001,89007921
0,89007930,[즉석가공] 마력부여 3급(20~29Lv) 상 저주속성공격력 증가 회복420[고급 속성보조제],0,0,0,0,0,0,0,0,0,0,0,0,0,0,0,0,0,0,5001,89007931
0,89007940,[즉석가공] 마력부여 4급(30~39Lv) 하 저주속성공격력 증가 회복450[하급 속성 보조제],0,0,0,0,0,0,0,0,0,0,0,0,0,0,0,0,0,0,5001,89007941
0,89007950,[즉석가공] 마력부여 4급(30~39Lv) 중 저주속성공격력 증가 회복560[일반 속성 보조제],0,0,0,0,0,0,0,0,0,0,0,0,0,0,0,0,0,0,5001,89007951
0,89007960,[즉석가공] 마력부여 4급(30~39Lv) 상 저주속성공격력 증가 회복680[고급 속성보조제],0,0,0,0,0,0,0,0,0,0,0,0,0,0,0,0,0,0,5001,89007961
0,89007970,[즉석가공] 마력부여 5급(40~Lv) 하 저주속성공격력 증가 회복680[하급 속성 보조제],0,0,0,0,0,0,0,0,0,0,0,0,0,0,0,0,0,0,5001,89007971
0,89007980,[즉석가공] 마력부여 5급(40~Lv) 중 저주속성공격력 증가 회복850[일반 속성 보조제],0,0,0,0,0,0,0,0,0,0,0,0,0,0,0,0,0,0,5001,89007981
0,89007990,[즉석가공] 마력부여 5급(40~Lv) 상 저주속성공격력 증가 회복1000[고급 속성보조제],0,0,0,0,0,0,0,0,0,0,0,0,0,0,0,0,0,0,5001,89007991
0,89008000,[즉석가공] 마력부여 1급(1~9Lv) 하 4대속성공격력 증가 회복80[하급 속성 보조제],0,0,0,0,0,0,0,0,0,0,0,0,0,0,0,0,0,0,5001,89008001
0,89008010,[즉석가공] 마력부여 1급(1~9Lv) 중 4대속성공격력 증가 회복100[일반 속성 보조제],0,0,0,0,0,0,0,0,0,0,0,0,0,0,0,0,0,0,5001,89008011
0,89008020,[즉석가공] 마력부여 1급(1~9Lv) 상 4대속성공격력 증가 회복120[고급 속성보조제],0,0,0,0,0,0,0,0,0,0,0,0,0,0,0,0,0,0,5001,89008021
0,89008030,[즉석가공] 마력부여 2급(10~19Lv) 하 4대속성공격력 증가 회복140[하급 속성 보조제],0,0,0,0,0,0,0,0,0,0,0,0,0,0,0,0,0,0,5001,89008031
0,89008040,[즉석가공] 마력부여 2급(10~19Lv) 중 4대속성공격력 증가 회복170[일반 속성 보조제],0,0,0,0,0,0,0,0,0,0,0,0,0,0,0,0,0,0,5001,89008041
0,89008050,[즉석가공] 마력부여 2급(10~19Lv) 상 4대속성공격력 증가 회복210[고급 속성보조제],0,0,0,0,0,0,0,0,0,0,0,0,0,0,0,0,0,0,5001,89008051
0,89008060,[즉석가공] 마력부여 3급(20~29Lv) 하 4대속성공격력 증가 회복270[하급 속성 보조제],0,0,0,0,0,0,0,0,0,0,0,0,0,0,0,0,0,0,5001,89008061
0,89008070,[즉석가공] 마력부여 3급(20~29Lv) 중 4대속성공격력 증가 회복350[일반 속성 보조제],0,0,0,0,0,0,0,0,0,0,0,0,0,0,0,0,0,0,5001,89008071
0,89008080,[즉석가공] 마력부여 3급(20~29Lv) 상 4대속성공격력 증가 회복420[고급 속성보조제],0,0,0,0,0,0,0,0,0,0,0,0,0,0,0,0,0,0,5001,89008081
0,89008090,[즉석가공] 마력부여 4급(30~39Lv) 하 4대속성공격력 증가 회복450[하급 속성 보조제],0,0,0,0,0,0,0,0,0,0,0,0,0,0,0,0,0,0,5001,89008091
0,89008100,[즉석가공] 마력부여 4급(30~39Lv) 중 4대속성공격력 증가 회복560[일반 속성 보조제],0,0,0,0,0,0,0,0,0,0,0,0,0,0,0,0,0,0,5001,89008101
0,89008110,[즉석가공] 마력부여 4급(30~39Lv) 상 4대속성공격력 증가 회복680[고급 속성보조제],0,0,0,0,0,0,0,0,0,0,0,0,0,0,0,0,0,0,5001,89008111
0,89008120,[즉석가공] 마력부여 5급(40~Lv) 하 4대속성공격력 증가 회복680[하급 속성 보조제],0,0,0,0,0,0,0,0,0,0,0,0,0,0,0,0,0,0,5001,89008121
0,89008130,[즉석가공] 마력부여 5급(40~Lv) 중 4대속성공격력 증가 회복850[일반 속성 보조제],0,0,0,0,0,0,0,0,0,0,0,0,0,0,0,0,0,0,5001,89008131
0,89008140,[즉석가공] 마력부여 5급(40~Lv) 상 4대속성공격력 증가 회복1000[고급 속성보조제],0,0,0,0,0,0,0,0,0,0,0,0,0,0,0,0,0,0,5001,89008141
0,89008150,[즉석가공] 마력부여 1급(1~9Lv) 하 파괴속성공격력 증가 회복80[하급 속성 보조제],0,0,0,0,0,0,0,0,0,0,0,0,0,0,0,0,0,0,5001,89008151
0,89008160,[즉석가공] 마력부여 1급(1~9Lv) 중 파괴속성공격력 증가 회복100[일반 속성 보조제],0,0,0,0,0,0,0,0,0,0,0,0,0,0,0,0,0,0,5001,89008161
0,89008170,[즉석가공] 마력부여 1급(1~9Lv) 상 파괴속성공격력 증가 회복120[고급 속성보조제],0,0,0,0,0,0,0,0,0,0,0,0,0,0,0,0,0,0,5001,89008171
0,89008180,[즉석가공] 마력부여 2급(10~19Lv) 하 파괴속성공격력 증가 회복140[하급 속성 보조제],0,0,0,0,0,0,0,0,0,0,0,0,0,0,0,0,0,0,5001,89008181
0,89008190,[즉석가공] 마력부여 2급(10~19Lv) 중 파괴속성공격력 증가 회복170[일반 속성 보조제],0,0,0,0,0,0,0,0,0,0,0,0,0,0,0,0,0,0,5001,89008191
0,89008200,[즉석가공] 마력부여 2급(10~19Lv) 상 파괴속성공격력 증가 회복210[고급 속성보조제],0,0,0,0,0,0,0,0,0,0,0,0,0,0,0,0,0,0,5001,89008201
0,89008210,[즉석가공] 마력부여 3급(20~29Lv) 하 파괴속성공격력 증가 회복270[하급 속성 보조제],0,0,0,0,0,0,0,0,0,0,0,0,0,0,0,0,0,0,5001,89008211
0,89008220,[즉석가공] 마력부여 3급(20~29Lv) 중 파괴속성공격력 증가 회복350[일반 속성 보조제],0,0,0,0,0,0,0,0,0,0,0,0,0,0,0,0,0,0,5001,89008221
0,89008230,[즉석가공] 마력부여 3급(20~29Lv) 상 파괴속성공격력 증가 회복420[고급 속성보조제],0,0,0,0,0,0,0,0,0,0,0,0,0,0,0,0,0,0,5001,89008231
0,89008240,[즉석가공] 마력부여 4급(30~39Lv) 하 파괴속성공격력 증가 회복450[하급 속성 보조제],0,0,0,0,0,0,0,0,0,0,0,0,0,0,0,0,0,0,5001,89008241
0,89008250,[즉석가공] 마력부여 4급(30~39Lv) 중 파괴속성공격력 증가 회복560[일반 속성 보조제],0,0,0,0,0,0,0,0,0,0,0,0,0,0,0,0,0,0,5001,89008251
0,89008260,[즉석가공] 마력부여 4급(30~39Lv) 상 파괴속성공격력 증가 회복680[고급 속성보조제],0,0,0,0,0,0,0,0,0,0,0,0,0,0,0,0,0,0,5001,89008261
0,89008270,[즉석가공] 마력부여 5급(40~Lv) 하 파괴속성공격력 증가 회복680[하급 속성 보조제],0,0,0,0,0,0,0,0,0,0,0,0,0,0,0,0,0,0,5001,89008271
0,89008280,[즉석가공] 마력부여 5급(40~Lv) 중 파괴속성공격력 증가 회복850[일반 속성 보조제],0,0,0,0,0,0,0,0,0,0,0,0,0,0,0,0,0,0,5001,89008281
0,89008290,[즉석가공] 마력부여 5급(40~Lv) 상 파괴속성공격력 증가 회복1000[고급 속성보조제],0,0,0,0,0,0,0,0,0,0,0,0,0,0,0,0,0,0,5001,89008291
0,89008300,[즉석가공] 마력부여 1급(1~9Lv) 하 힘 증가 회복80[하급 힘의 북],0,0,0,0,0,0,0,0,0,0,0,0,0,0,0,0,0,0,5001,89008301
0,89008310,[즉석가공] 마력부여 1급(1~9Lv) 중 힘 증가 회복100[일반 힘의 북],0,0,0,0,0,0,0,0,0,0,0,0,0,0,0,0,0,0,5001,89008311
0,89008320,[즉석가공] 마력부여 1급(1~9Lv) 상 힘 증가 회복120[고급 힘의 북],0,0,0,0,0,0,0,0,0,0,0,0,0,0,0,0,0,0,5001,89008321
0,89008330,[즉석가공] 마력부여 2급(10~19Lv) 하 힘 증가 회복140[하급 힘의 북],0,0,0,0,0,0,0,0,0,0,0,0,0,0,0,0,0,0,5001,89008331
0,89008340,[즉석가공] 마력부여 2급(10~19Lv) 중 힘 증가 회복170[일반 힘의 북],0,0,0,0,0,0,0,0,0,0,0,0,0,0,0,0,0,0,5001,89008341
0,89008350,[즉석가공] 마력부여 2급(10~19Lv) 상 힘 증가 회복210[고급 힘의 북],0,0,0,0,0,0,0,0,0,0,0,0,0,0,0,0,0,0,5001,89008351
0,89008360,[즉석가공] 마력부여 3급(20~29Lv) 하 힘 증가 회복270[하급 힘의 북],0,0,0,0,0,0,0,0,0,0,0,0,0,0,0,0,0,0,5001,89008361
0,89008370,[즉석가공] 마력부여 3급(20~29Lv) 중 힘 증가 회복350[일반 힘의 북],0,0,0,0,0,0,0,0,0,0,0,0,0,0,0,0,0,0,5001,89008371
0,89008380,[즉석가공] 마력부여 3급(20~29Lv) 상 힘 증가 회복420[고급 힘의 북],0,0,0,0,0,0,0,0,0,0,0,0,0,0,0,0,0,0,5001,89008381
0,89008390,[즉석가공] 마력부여 4급(30~39Lv) 하 힘 증가 회복450[하급 힘의 북],0,0,0,0,0,0,0,0,0,0,0,0,0,0,0,0,0,0,5001,89008391
0,89008400,[즉석가공] 마력부여 4급(30~39Lv) 중 힘 증가 회복560[일반 힘의 북],0,0,0,0,0,0,0,0,0,0,0,0,0,0,0,0,0,0,5001,89008401
0,89008410,[즉석가공] 마력부여 4급(30~39Lv) 상 힘 증가 회복680[고급 힘의 북],0,0,0,0,0,0,0,0,0,0,0,0,0,0,0,0,0,0,5001,89008411
0,89008420,[즉석가공] 마력부여 5급(40~Lv) 하 힘 증가 회복680[하급 힘의 북],0,0,0,0,0,0,0,0,0,0,0,0,0,0,0,0,0,0,5001,89008421
0,89008430,[즉석가공] 마력부여 5급(40~Lv) 중 힘 증가 회복850[일반 힘의 북],0,0,0,0,0,0,0,0,0,0,0,0,0,0,0,0,0,0,5001,89008431
0,89008440,[즉석가공] 마력부여 5급(40~Lv) 상 힘 증가 회복1000[고급 힘의 북],0,0,0,0,0,0,0,0,0,0,0,0,0,0,0,0,0,0,5001,89008441
0,89008450,[즉석가공] 마력부여 1급(1~9Lv) 하 지능 증가 회복80[하급 지혜의 책],0,0,0,0,0,0,0,0,0,0,0,0,0,0,0,0,0,0,5001,89008451
0,89008460,[즉석가공] 마력부여 1급(1~9Lv) 중 지능 증가 회복100[일반 지혜의 책],0,0,0,0,0,0,0,0,0,0,0,0,0,0,0,0,0,0,5001,89008461
0,89008470,[즉석가공] 마력부여 1급(1~9Lv) 상 지능 증가 회복120[고급 지혜의 책],0,0,0,0,0,0,0,0,0,0,0,0,0,0,0,0,0,0,5001,89008471
0,89008480,[즉석가공] 마력부여 2급(10~19Lv) 하 지능 증가 회복140[하급 지혜의 책],0,0,0,0,0,0,0,0,0,0,0,0,0,0,0,0,0,0,5001,89008481
0,89008490,[즉석가공] 마력부여 2급(10~19Lv) 중 지능 증가 회복170[일반 지혜의 책],0,0,0,0,0,0,0,0,0,0,0,0,0,0,0,0,0,0,5001,89008491
0,89008500,[즉석가공] 마력부여 2급(10~19Lv) 상 지능 증가 회복210[고급 지혜의 책],0,0,0,0,0,0,0,0,0,0,0,0,0,0,0,0,0,0,5001,89008501
0,89008510,[즉석가공] 마력부여 3급(20~29Lv) 하 지능 증가 회복270[하급 지혜의 책],0,0,0,0,0,0,0,0,0,0,0,0,0,0,0,0,0,0,5001,89008511
0,89008520,[즉석가공] 마력부여 3급(20~29Lv) 중 지능 증가 회복350[일반 지혜의 책],0,0,0,0,0,0,0,0,0,0,0,0,0,0,0,0,0,0,5001,89008521
0,89008530,[즉석가공] 마력부여 3급(20~29Lv) 상 지능 증가 회복420[고급 지혜의 책],0,0,0,0,0,0,0,0,0,0,0,0,0,0,0,0,0,0,5001,89008531
0,89008540,[즉석가공] 마력부여 4급(30~39Lv) 하 지능 증가 회복450[하급 지혜의 책],0,0,0,0,0,0,0,0,0,0,0,0,0,0,0,0,0,0,5001,89008541
0,89008550,[즉석가공] 마력부여 4급(30~39Lv) 중 지능 증가 회복560[일반 지혜의 책],0,0,0,0,0,0,0,0,0,0,0,0,0,0,0,0,0,0,5001,89008551
0,89008560,[즉석가공] 마력부여 4급(30~39Lv) 상 지능 증가 회복680[고급 지혜의 책],0,0,0,0,0,0,0,0,0,0,0,0,0,0,0,0,0,0,5001,89008561
0,89008570,[즉석가공] 마력부여 5급(40~Lv) 하 지능 증가 회복680[하급 지혜의 책],0,0,0,0,0,0,0,0,0,0,0,0,0,0,0,0,0,0,5001,89008571
0,89008580,[즉석가공] 마력부여 5급(40~Lv) 중 지능 증가 회복850[일반 지혜의 책],0,0,0,0,0,0,0,0,0,0,0,0,0,0,0,0,0,0,5001,89008581
0,89008590,[즉석가공] 마력부여 5급(40~Lv) 상 지능 증가 회복1000[고급 지혜의 책],0,0,0,0,0,0,0,0,0,0,0,0,0,0,0,0,0,0,5001,89008591
0,99610200,조각 케이크,0,0,0,0,0,0,0,0,0,0,0,0,0,0,0,0,0,0,5001,996102011
0,99629310,민블 스크롤,0,0,0,0,0,0,0,0,0,0,0,0,0,0,0,0,0,0,5001,996293111
0,99629670,아이스크림 HP 15% 증가 포션(10분),0,0,0,0,0,0,0,0,0,0,0,0,0,0,0,0,0,0,5001,99629671
0,99629680,빙수 MP 15% 증가 포션(10분),0,0,0,0,0,0,0,0,0,0,0,0,0,0,0,0,0,0,5001,99629681
0,99629690,얼음찜질팩 치명타 확률 10% 증가 (10분),0,0,0,0,0,0,0,0,0,0,0,0,0,0,0,0,0,0,5001,99629691
0,99700080,돌격 포션,0,0,0,0,0,0,0,0,0,0,0,0,0,0,0,0,0,0,5001,99700081
0,99700190,돌격 요리,0,0,0,0,0,0,0,0,0,0,0,0,0,0,0,0,0,0,5001,99700091
0,99801770,하이드론 알파 포션 (사용시 PC를 감싸는 번개 자기장이 생성되며 근접한 적에게 추가 데미지를 준다.,1007,4,0,0,0,0,0,0,0,0,0,0,0,0,0,0,0,0,5001,99801771
0,99802780,하이드론 베타 포션 (사용시 PC를 감싸는 자기장이 생성되며 근접한 적의 이동속도를 감소시킨다),1007,4,0,0,0,0,0,0,0,0,0,0,0,0,0,0,0,0,5001,99802781
0,99803580,[점령전 인스턴트 아이템]점령포인트 증가,3510,1,4230,1,0,0,0,0,0,0,0,0,0,0,0,0,0,0,5001,99803581
0,99803690,[점령전 인스턴트 아이템]점령포인트 증가,3510,1,4230,1,0,0,0,0,0,0,0,0,0,0,0,0,0,0,5001,99803691
0,99803790,하이드론 감마 포션 (사용시 PC의 이동속도는  감소하지만  방어력과 머리가 커지는 물약,0,0,0,0,0,0,0,0,0,0,0,0,0,0,0,0,0,0,5001,99803791
0,99804280,크리스마스 케이크,0,0,0,0,0,0,0,0,0,0,0,0,0,0,0,0,0,0,5001,99804281
0,99804290,신년 축하 카드,0,0,0,0,0,0,0,0,0,0,0,0,0,0,0,0,0,0,5001,99804291
0,99804300,[점령전 인스턴트 아이템]hp+mp 회복,0,0,0,0,0,0,0,0,0,0,0,0,0,0,0,0,0,0,5001,998043011
0,99804310,[점령전 인스턴트 아이템]공격력 증가,0,0,0,0,0,0,0,0,0,0,0,0,0,0,0,0,0,0,5001,998043111
0,99804320,[점령전 인스턴트 아이템]이동속도 증가,0,0,0,0,0,0,0,0,0,0,0,0,0,0,0,0,0,0,5001,998043211
0,99804330,[점령전 인스턴트 아이템]hp+mp 회복,0,0,0,0,0,0,0,0,0,0,0,0,0,0,0,0,0,0,5001,998043311
0,99804340,[점령전 인스턴트 아이템]hp+mp 회복,0,0,0,0,0,0,0,0,0,0,0,0,0,0,0,0,0,0,5001,998043411
0,99804410,4주년 기념 버프(30분 + 물공/마공 15%),0,0,0,0,0,0,0,0,0,0,0,0,0,0,0,0,0,0,5001,998044101
0,198006590,크리스마스 업적,0,0,0,0,0,0,0,0,0,0,0,0,0,0,0,0,0,0,0,0
0,199801000,화염저항력 100,0,0,0,0,0,0,0,0,0,0,0,0,0,0,0,0,0,0,5001,199801000
0,199801010,화염저항력 300,0,0,0,0,0,0,0,0,0,0,0,0,0,0,0,0,0,0,5001,199801010
0,199801020,화염저항력 500,0,0,0,0,0,0,0,0,0,0,0,0,0,0,0,0,0,0,5001,199801020
0,199801030,화염저항력 800,0,0,0,0,0,0,0,0,0,0,0,0,0,0,0,0,0,0,5001,199801030
0,199801040,화염저항력 1000,0,0,0,0,0,0,0,0,0,0,0,0,0,0,0,0,0,0,5001,199801040
0,199801100,화염저항력 증가 100%,0,0,0,0,0,0,0,0,0,0,0,0,0,0,0,0,0,0,5001,199801100
0,199801110,화염저항력 증가 200%,0,0,0,0,0,0,0,0,0,0,0,0,0,0,0,0,0,0,5001,199801110
0,199801120,화염저항력 증가 300%,0,0,0,0,0,0,0,0,0,0,0,0,0,0,0,0,0,0,5001,199801120
0,199801130,화염저항력 증가 400%,0,0,0,0,0,0,0,0,0,0,0,0,0,0,0,0,0,0,5001,199801130
0,199801140,화염저항력 증가 500%,0,0,0,0,0,0,0,0,0,0,0,0,0,0,0,0,0,0,5001,199801140
0,199801200,냉기저항력 100,0,0,0,0,0,0,0,0,0,0,0,0,0,0,0,0,0,0,5001,199801200
0,199801210,냉기저항력 300,0,0,0,0,0,0,0,0,0,0,0,0,0,0,0,0,0,0,5001,199801210
0,199801220,냉기저항력 500,0,0,0,0,0,0,0,0,0,0,0,0,0,0,0,0,0,0,5001,199801220
0,199801230,냉기저항력 800,0,0,0,0,0,0,0,0,0,0,0,0,0,0,0,0,0,0,5001,199801230
0,199801240,냉기저항력 1000,0,0,0,0,0,0,0,0,0,0,0,0,0,0,0,0,0,0,5001,199801240
0,199801300,냉기저항력 증가 100%,0,0,0,0,0,0,0,0,0,0,0,0,0,0,0,0,0,0,5001,199801300
0,199801310,냉기저항력 증가 200%,0,0,0,0,0,0,0,0,0,0,0,0,0,0,0,0,0,0,5001,199801310
0,199801320,냉기저항력 증가 300%,0,0,0,0,0,0,0,0,0,0,0,0,0,0,0,0,0,0,5001,199801320
0,199801330,냉기저항력 증가 400%,0,0,0,0,0,0,0,0,0,0,0,0,0,0,0,0,0,0,5001,199801330
0,199801340,냉기저항력 증가 500%,0,0,0,0,0,0,0,0,0,0,0,0,0,0,0,0,0,0,5001,199801340
0,199801400,자연저항력 100,0,0,0,0,0,0,0,0,0,0,0,0,0,0,0,0,0,0,5001,199801400
0,199801410,자연저항력 300,0,0,0,0,0,0,0,0,0,0,0,0,0,0,0,0,0,0,5001,199801410
0,199801420,자연저항력 500,0,0,0,0,0,0,0,0,0,0,0,0,0,0,0,0,0,0,5001,199801420
0,199801430,자연저항력 800,0,0,0,0,0,0,0,0,0,0,0,0,0,0,0,0,0,0,5001,199801430
0,199801440,자연저항력 1000,0,0,0,0,0,0,0,0,0,0,0,0,0,0,0,0,0,0,5001,199801440
0,199801500,자연저항력 증가 100%,0,0,0,0,0,0,0,0,0,0,0,0,0,0,0,0,0,0,5001,199801500
0,199801510,자연저항력 증가 200%,0,0,0,0,0,0,0,0,0,0,0,0,0,0,0,0,0,0,5001,199801510
0,199801520,자연저항력 증가 300%,0,0,0,0,0,0,0,0,0,0,0,0,0,0,0,0,0,0,5001,199801520
0,199801530,자연저항력 증가 400%,0,0,0,0,0,0,0,0,0,0,0,0,0,0,0,0,0,0,5001,199801530
0,199801540,자연저항력 증가 500%,0,0,0,0,0,0,0,0,0,0,0,0,0,0,0,0,0,0,5001,199801540
0,199801600,저주저항력 100,0,0,0,0,0,0,0,0,0,0,0,0,0,0,0,0,0,0,5001,199801600
0,199801610,저주저항력 300,0,0,0,0,0,0,0,0,0,0,0,0,0,0,0,0,0,0,5001,199801610
0,199801620,저주저항력 500,0,0,0,0,0,0,0,0,0,0,0,0,0,0,0,0,0,0,5001,199801620
0,199801630,저주저항력 800,0,0,0,0,0,0,0,0,0,0,0,0,0,0,0,0,0,0,5001,199801630
0,199801640,저주저항력 1000,0,0,0,0,0,0,0,0,0,0,0,0,0,0,0,0,0,0,5001,199801640
0,199801700,저주저항력 증가 100%,0,0,0,0,0,0,0,0,0,0,0,0,0,0,0,0,0,0,5001,199801700
0,199801710,저주저항력 증가 200%,0,0,0,0,0,0,0,0,0,0,0,0,0,0,0,0,0,0,5001,199801710
0,199801720,저주저항력 증가 300%,0,0,0,0,0,0,0,0,0,0,0,0,0,0,0,0,0,0,5001,199801720
0,199801730,저주저항력 증가 400%,0,0,0,0,0,0,0,0,0,0,0,0,0,0,0,0,0,0,5001,199801730
0,199801740,저주저항력 증가 500%,0,0,0,0,0,0,0,0,0,0,0,0,0,0,0,0,0,0,5001,199801740
0,199801800,파괴저항력 100,0,0,0,0,0,0,0,0,0,0,0,0,0,0,0,0,0,0,5001,199801800
0,199801810,파괴저항력 300,0,0,0,0,0,0,0,0,0,0,0,0,0,0,0,0,0,0,5001,199801810
0,199801820,파괴저항력 500,0,0,0,0,0,0,0,0,0,0,0,0,0,0,0,0,0,0,5001,199801820
0,199801830,파괴저항력 800,0,0,0,0,0,0,0,0,0,0,0,0,0,0,0,0,0,0,5001,199801830
0,199801840,파괴저항력 1000,0,0,0,0,0,0,0,0,0,0,0,0,0,0,0,0,0,0,5001,199801840
0,199801900,파괴저항력 증가 100%,0,0,0,0,0,0,0,0,0,0,0,0,0,0,0,0,0,0,5001,199801900
0,199801910,파괴저항력 증가 200%,0,0,0,0,0,0,0,0,0,0,0,0,0,0,0,0,0,0,5001,199801910
0,199801920,파괴저항력 증가 300%,0,0,0,0,0,0,0,0,0,0,0,0,0,0,0,0,0,0,5001,199801920
0,199801930,파괴저항력 증가 400%,0,0,0,0,0,0,0,0,0,0,0,0,0,0,0,0,0,0,5001,199801930
0,199801940,파괴저항력 증가 500%,0,0,0,0,0,0,0,0,0,0,0,0,0,0,0,0,0,0,5001,199801940
0,199802000,모든(5대)저항력 100,0,0,0,0,0,0,0,0,0,0,0,0,0,0,0,0,0,0,5001,199802000
0,199802010,모든(5대)저항력 300,0,0,0,0,0,0,0,0,0,0,0,0,0,0,0,0,0,0,5001,199802010
0,199802020,모든(5대)저항력 500,0,0,0,0,0,0,0,0,0,0,0,0,0,0,0,0,0,0,5001,199802020
0,199802030,모든(5대)저항력 800,0,0,0,0,0,0,0,0,0,0,0,0,0,0,0,0,0,0,5001,199802030
0,199802040,모든(5대)저항력 1000,0,0,0,0,0,0,0,0,0,0,0,0,0,0,0,0,0,0,5001,199802040
0,199802200,모든(5대)공격력 100,0,0,0,0,0,0,0,0,0,0,0,0,0,0,0,0,0,0,5001,199802200
0,199802210,모든(5대)공격력 300,0,0,0,0,0,0,0,0,0,0,0,0,0,0,0,0,0,0,5001,199802210
0,199802220,모든(5대)공격력 500,0,0,0,0,0,0,0,0,0,0,0,0,0,0,0,0,0,0,5001,199802220
0,199802230,모든(5대)공격력 800,0,0,0,0,0,0,0,0,0,0,0,0,0,0,0,0,0,0,5001,199802230
0,199802240,모든(5대)공격력 1000,0,0,0,0,0,0,0,0,0,0,0,0,0,0,0,0,0,0,5001,199802240
0,199802250,모든(5대)공격력 증가 100%,0,0,0,0,0,0,0,0,0,0,0,0,0,0,0,0,0,0,5001,199802250
0,199802260,모든(5대)공격력 증가 200%,0,0,0,0,0,0,0,0,0,0,0,0,0,0,0,0,0,0,5001,199802260
0,199802270,모든(5대)공격력 증가 300%,0,0,0,0,0,0,0,0,0,0,0,0,0,0,0,0,0,0,5001,199802270
0,199802280,모든(5대)공격력 증가 400%,0,0,0,0,0,0,0,0,0,0,0,0,0,0,0,0,0,0,5001,199802280
0,199802290,모든(5대)공격력 증가 500%,0,0,0,0,0,0,0,0,0,0,0,0,0,0,0,0,0,0,5001,199802290
0,199901000,모든(5대)저항력 증가 100%,0,0,0,0,0,0,0,0,0,0,0,0,0,0,0,0,0,0,5001,199901000
0,199901010,모든(5대)저항력 증가 200%,0,0,0,0,0,0,0,0,0,0,0,0,0,0,0,0,0,0,5001,199901010
0,199901020,모든(5대)저항력 증가 300%,0,0,0,0,0,0,0,0,0,0,0,0,0,0,0,0,0,0,5001,199901020
0,199901030,모든(5대)저항력 증가 400%,0,0,0,0,0,0,0,0,0,0,0,0,0,0,0,0,0,0,5001,199901030
0,199901040,모든(5대)저항력 증가 500%,0,0,0,0,0,0,0,0,0,0,0,0,0,0,0,0,0,0,5001,199901040
0,199901100,화염공격력 100,0,0,0,0,0,0,0,0,0,0,0,0,0,0,0,0,0,0,5001,199901100
0,199901110,화염공격력 300,0,0,0,0,0,0,0,0,0,0,0,0,0,0,0,0,0,0,5001,199901110
0,199901120,화염공격력 500,0,0,0,0,0,0,0,0,0,0,0,0,0,0,0,0,0,0,5001,199901120
0,199901130,화염공격력 800,0,0,0,0,0,0,0,0,0,0,0,0,0,0,0,0,0,0,5001,199901130
0,199901140,화염공격력 1000,0,0,0,0,0,0,0,0,0,0,0,0,0,0,0,0,0,0,5001,199901140
0,199901200,화염공격력 증가 100%,0,0,0,0,0,0,0,0,0,0,0,0,0,0,0,0,0,0,5001,199901200
0,199901210,화염공격력 증가 200%,0,0,0,0,0,0,0,0,0,0,0,0,0,0,0,0,0,0,5001,199901210
0,199901220,화염공격력 증가 300%,0,0,0,0,0,0,0,0,0,0,0,0,0,0,0,0,0,0,5001,199901220
0,199901230,화염공격력 증가 400%,0,0,0,0,0,0,0,0,0,0,0,0,0,0,0,0,0,0,5001,199901230
0,199901240,화염공격력 증가 500%,0,0,0,0,0,0,0,0,0,0,0,0,0,0,0,0,0,0,5001,199901240
0,199901300,냉기공격력 100,0,0,0,0,0,0,0,0,0,0,0,0,0,0,0,0,0,0,5001,199901300
0,199901310,냉기공격력 300,0,0,0,0,0,0,0,0,0,0,0,0,0,0,0,0,0,0,5001,199901310
0,199901320,냉기공격력 500,0,0,0,0,0,0,0,0,0,0,0,0,0,0,0,0,0,0,5001,199901320
0,199901330,냉기공격력 800,0,0,0,0,0,0,0,0,0,0,0,0,0,0,0,0,0,0,5001,199901330
0,199901340,냉기공격력 1000,0,0,0,0,0,0,0,0,0,0,0,0,0,0,0,0,0,0,5001,199901340
0,199901400,냉기공격력 증가 100%,0,0,0,0,0,0,0,0,0,0,0,0,0,0,0,0,0,0,5001,199901400
0,199901410,냉기공격력 증가 200%,0,0,0,0,0,0,0,0,0,0,0,0,0,0,0,0,0,0,5001,199901410
0,199901420,냉기공격력 증가 300%,0,0,0,0,0,0,0,0,0,0,0,0,0,0,0,0,0,0,5001,199901420
0,199901430,냉기공격력 증가 400%,0,0,0,0,0,0,0,0,0,0,0,0,0,0,0,0,0,0,5001,199901430
0,199901440,냉기공격력 증가 500%,0,0,0,0,0,0,0,0,0,0,0,0,0,0,0,0,0,0,5001,199901440
0,199901500,자연공격력 100,0,0,0,0,0,0,0,0,0,0,0,0,0,0,0,0,0,0,5001,199901500
0,199901510,자연공격력 300,0,0,0,0,0,0,0,0,0,0,0,0,0,0,0,0,0,0,5001,199901510
0,199901520,자연공격력 500,0,0,0,0,0,0,0,0,0,0,0,0,0,0,0,0,0,0,5001,199901520
0,199901530,자연공격력 800,0,0,0,0,0,0,0,0,0,0,0,0,0,0,0,0,0,0,5001,199901530
0,199901540,자연공격력 1000,0,0,0,0,0,0,0,0,0,0,0,0,0,0,0,0,0,0,5001,199901540
0,199901600,자연공격력 증가 100%,0,0,0,0,0,0,0,0,0,0,0,0,0,0,0,0,0,0,5001,199901600
0,199901610,자연공격력 증가 200%,0,0,0,0,0,0,0,0,0,0,0,0,0,0,0,0,0,0,5001,199901610
0,199901620,자연공격력 증가 300%,0,0,0,0,0,0,0,0,0,0,0,0,0,0,0,0,0,0,5001,199901620
0,199901630,자연공격력 증가 400%,0,0,0,0,0,0,0,0,0,0,0,0,0,0,0,0,0,0,5001,199901630
0,199901640,자연공격력 증가 500%,0,0,0,0,0,0,0,0,0,0,0,0,0,0,0,0,0,0,5001,199901640
0,199901700,저주공격력 100,0,0,0,0,0,0,0,0,0,0,0,0,0,0,0,0,0,0,5001,199901700
0,199901710,저주공격력 300,0,0,0,0,0,0,0,0,0,0,0,0,0,0,0,0,0,0,5001,199901710
0,199901720,저주공격력 500,0,0,0,0,0,0,0,0,0,0,0,0,0,0,0,0,0,0,5001,199901720
0,199901730,저주공격력 800,0,0,0,0,0,0,0,0,0,0,0,0,0,0,0,0,0,0,5001,199901730
0,199901740,저주공격력 1000,0,0,0,0,0,0,0,0,0,0,0,0,0,0,0,0,0,0,5001,199901740
0,199901800,저주공격력 증가 100%,0,0,0,0,0,0,0,0,0,0,0,0,0,0,0,0,0,0,5001,199901800
0,199901810,저주공격력 증가 200%,0,0,0,0,0,0,0,0,0,0,0,0,0,0,0,0,0,0,5001,199901810
0,199901820,저주공격력 증가 300%,0,0,0,0,0,0,0,0,0,0,0,0,0,0,0,0,0,0,5001,199901820
0,199901830,저주공격력 증가 400%,0,0,0,0,0,0,0,0,0,0,0,0,0,0,0,0,0,0,5001,199901830
0,199901840,저주공격력 증가 500%,0,0,0,0,0,0,0,0,0,0,0,0,0,0,0,0,0,0,5001,199901840
0,199901900,파괴공격력 100,0,0,0,0,0,0,0,0,0,0,0,0,0,0,0,0,0,0,5001,199901900
0,199901910,파괴공격력 300,0,0,0,0,0,0,0,0,0,0,0,0,0,0,0,0,0,0,5001,199901910
0,199901920,파괴공격력 500,0,0,0,0,0,0,0,0,0,0,0,0,0,0,0,0,0,0,5001,199901920
0,199901930,파괴공격력 800,0,0,0,0,0,0,0,0,0,0,0,0,0,0,0,0,0,0,5001,199901930
0,199901940,파괴공격력 1000,0,0,0,0,0,0,0,0,0,0,0,0,0,0,0,0,0,0,5001,199901940
0,199902000,파괴공격력 증가 100%,0,0,0,0,0,0,0,0,0,0,0,0,0,0,0,0,0,0,5001,199902000
0,199902010,파괴공격력 증가 200%,0,0,0,0,0,0,0,0,0,0,0,0,0,0,0,0,0,0,5001,199902010
0,199902020,파괴공격력 증가 300%,0,0,0,0,0,0,0,0,0,0,0,0,0,0,0,0,0,0,5001,199902020
0,199902030,파괴공격력 증가 400%,0,0,0,0,0,0,0,0,0,0,0,0,0,0,0,0,0,0,5001,199902030
0,199902040,파괴공격력 증가 500%,0,0,0,0,0,0,0,0,0,0,0,0,0,0,0,0,0,0,5001,199902040
0,291302880,2주년 기념 케이크 -두시간,0,0,0,0,0,0,0,0,0,0,0,0,0,0,0,0,0,0,5001,291302882
0,299600520,드래곤 로드의 축복(이동속도),0,0,0,0,0,0,0,0,0,0,0,0,0,0,0,0,0,0,5001,299600521
0,299600530,강화된 드래곤 로드의 축복(이동속도),0,0,0,0,0,0,0,0,0,0,0,0,0,0,0,0,0,0,5001,299600531
0,299600540,드래곤 로드의 가호(방어력),0,0,0,0,0,0,0,0,0,0,0,0,0,0,0,0,0,0,5001,299600541
0,299600730,강화된 드래곤 로드의 가호(방어력),0,0,0,0,0,0,0,0,0,0,0,0,0,0,0,0,0,0,5001,299600731
0,299600740,드래곤 로드의 위엄(공격력),0,0,0,0,0,0,0,0,0,0,0,0,0,0,0,0,0,0,5001,299600741
0,299600750,강화된 드래곤 로드의 위엄(공격력),0,0,0,0,0,0,0,0,0,0,0,0,0,0,0,0,0,0,5001,299600751
0,299603100,전략 피로도 회복 포션,0,0,0,0,0,0,0,0,0,0,0,0,0,0,0,0,0,0,5001,299603101
0,299603910,펌프킨 헤드(3분동안 공격력5%증가),0,0,0,0,0,0,0,0,0,0,0,0,0,0,0,0,0,0,5001,299603915
0,980098001,20% 스톤 스킨 물약,0,0,0,0,0,0,0,0,0,0,0,0,0,0,0,0,0,0,5001,98009861
0,980098101,30% 스톤 스킨 물약,0,0,0,0,0,0,0,0,0,0,0,0,0,0,0,0,0,0,5001,98009871
0,980098201,40% 스톤 스킨 물약,0,0,0,0,0,0,0,0,0,0,0,0,0,0,0,0,0,0,5001,98009881
0,980098301,20% 배리어 물약,0,0,0,0,0,0,0,0,0,0,0,0,0,0,0,0,0,0,5001,98009891
0,980098401,30% 배리어 물약,0,0,0,0,0,0,0,0,0,0,0,0,0,0,0,0,0,0,5001,98009901
0,980098501,40% 배리어 물약,0,0,0,0,0,0,0,0,0,0,0,0,0,0,0,0,0,0,5001,98009911
