f_NationCodeStr,ItemNo,Name,ResNo,Memo,Type,Price,SellPrice,Attribute,Gender,LevelLimit,ClassLimit,f_ClassLimitDisplayFilter,DraClassLimit,f_DraClassLimitDisplayFilter,Abil01,Abil02,Abil03,Abil04,Abil05,Abil06,Abil07,Abil08,Abil09,Abil10,Order1,Order2,Order3,CostumeGrade,f_IsCantShareRental
0,70000010,70000010,70000010,그린 싱글 침대,1056,0,0,513,3,1,137438953470,-1,137438953470,-1,70000010,0,0,0,0,0,0,0,0,0,51,1,1,0,0
16,70000010,70000010,70000010,그린 싱글 침대,1056,0,0,640,3,1,137438953470,-1,137438953470,-1,70000010,0,0,0,0,0,0,0,0,0,51,1,1,0,0
2/4/13/15,70000010,70000010,70000010,그린 싱글 침대,1056,0,0,939,3,1,137438953470,-1,137438953470,-1,70000010,0,0,0,0,0,0,0,0,0,51,1,1,0,0
0,70000020,70000020,70000020,촛대가 있는 목재 티테이블,1056,0,0,513,3,1,137438953470,-1,137438953470,-1,70000020,0,0,0,0,0,0,0,0,0,51,4,1,0,0
16,70000020,70000020,70000020,촛대가 있는 목재 티테이블,1056,0,0,640,3,1,137438953470,-1,137438953470,-1,70000020,0,0,0,0,0,0,0,0,0,51,4,1,0,0
2/4/13/15,70000020,70000020,70000020,촛대가 있는 목재 티테이블,1056,0,0,939,3,1,137438953470,-1,137438953470,-1,70000020,0,0,0,0,0,0,0,0,0,51,4,1,0,0
0,70000030,70000030,70000030,모던브라운 더블침대,1056,0,0,513,3,1,137438953470,-1,137438953470,-1,70000030,0,0,0,0,0,0,0,0,0,51,1,1,0,0
16,70000030,70000030,70000030,모던브라운 더블침대,1056,0,0,640,3,1,137438953470,-1,137438953470,-1,70000030,0,0,0,0,0,0,0,0,0,51,1,1,0,0
2/4/13/15,70000030,70000030,70000030,모던브라운 더블침대,1056,0,0,939,3,1,137438953470,-1,137438953470,-1,70000030,0,0,0,0,0,0,0,0,0,51,1,1,0,0
0,70000040,70000040,70000040,핑크레이디 침대,1056,0,0,513,3,1,137438953470,-1,137438953470,-1,70000040,0,0,0,0,0,0,0,0,0,51,1,1,0,0
2/4/13/15,70000040,70000040,70000040,핑크레이디 침대,1056,0,0,939,3,1,137438953470,-1,137438953470,-1,70000040,0,0,0,0,0,0,0,0,0,51,1,1,0,0
0,70000043,70000040,70000040,핑크레이디 침대,1056,0,0,513,3,1,137438953470,-1,137438953470,-1,70000043,0,0,0,0,0,0,0,0,0,51,1,1,0,0
0,70000050,70000050,70000050,그린 소파,1056,0,0,513,3,1,137438953470,-1,137438953470,-1,70000050,0,0,0,0,0,0,0,0,0,51,2,1,0,0
2/4/13/15,70000050,70000050,70000050,그린 소파,1056,0,0,939,3,1,137438953470,-1,137438953470,-1,70000050,0,0,0,0,0,0,0,0,0,51,2,1,0,0
0,70000060,70000060,70000060,모던브라운 소파,1056,0,0,513,3,1,137438953470,-1,137438953470,-1,70000060,0,0,0,0,0,0,0,0,0,51,2,1,0,0
16,70000060,70000060,70000060,모던브라운 소파,1056,0,0,640,3,1,137438953470,-1,137438953470,-1,70000060,0,0,0,0,0,0,0,0,0,51,2,1,0,0
2/4/13/15,70000060,70000060,70000060,모던브라운 소파,1056,0,0,939,3,1,137438953470,-1,137438953470,-1,70000060,0,0,0,0,0,0,0,0,0,51,2,1,0,0
0,70000070,70000070,70000070,핑크레이디 소파,1056,0,0,513,3,1,137438953470,-1,137438953470,-1,70000070,0,0,0,0,0,0,0,0,0,51,2,1,0,0
2/4/13/15,70000070,70000070,70000070,핑크레이디 소파,1056,0,0,939,3,1,137438953470,-1,137438953470,-1,70000070,0,0,0,0,0,0,0,0,0,51,2,1,0,0
0,70000073,70000070,70000070,핑크레이디 소파,1056,0,0,513,3,1,137438953470,-1,137438953470,-1,70000073,0,0,0,0,0,0,0,0,0,51,2,1,0,0
0,70000080,70000080,70000080,핑크레이디 의자,1056,0,0,513,3,1,137438953470,-1,137438953470,-1,70000080,0,0,0,0,0,0,0,0,0,51,3,1,0,0
2/4/13/15,70000080,70000080,70000080,핑크레이디 의자,1056,0,0,939,3,1,137438953470,-1,137438953470,-1,70000080,0,0,0,0,0,0,0,0,0,51,3,1,0,0
0,70000083,70000080,70000080,핑크레이디 의자,1056,0,0,513,3,1,137438953470,-1,137438953470,-1,70000083,0,0,0,0,0,0,0,0,0,51,3,1,0,0
0,70000090,70000090,70000090,모던브라운 작은의자,1056,0,0,513,3,1,137438953470,-1,137438953470,-1,70000090,0,0,0,0,0,0,0,0,0,51,3,1,0,0
16,70000090,70000090,70000090,모던브라운 작은의자,1056,0,0,640,3,1,137438953470,-1,137438953470,-1,70000090,0,0,0,0,0,0,0,0,0,51,3,1,0,0
2/4/13/15,70000090,70000090,70000090,모던브라운 작은의자,1056,0,0,939,3,1,137438953470,-1,137438953470,-1,70000090,0,0,0,0,0,0,0,0,0,51,3,1,0,0
0,70000100,70000100,70000100,모던브라운 의자,1056,0,0,513,3,1,137438953470,-1,137438953470,-1,70000100,0,0,0,0,0,0,0,0,0,51,3,1,0,0
16,70000100,70000100,70000100,모던브라운 의자,1056,0,0,640,3,1,137438953470,-1,137438953470,-1,70000100,0,0,0,0,0,0,0,0,0,51,3,1,0,0
2/4/13/15,70000100,70000100,70000100,모던브라운 의자,1056,0,0,939,3,1,137438953470,-1,137438953470,-1,70000100,0,0,0,0,0,0,0,0,0,51,3,1,0,0
0,70000110,70000110,70000110,금빛 럭셔리 화분,1056,0,0,513,3,1,137438953470,-1,137438953470,-1,70000110,0,0,0,0,0,0,0,0,0,51,5,1,0,0
2/4/13/15/16,70000110,70000110,70000110,금빛 럭셔리 화분,1056,0,0,939,3,1,137438953470,-1,137438953470,-1,70000110,0,0,0,0,0,0,0,0,0,51,5,1,0,0
0,70000120,70000120,70000120,복어 우체통,1056,0,0,513,3,1,137438953470,-1,137438953470,-1,70000120,0,0,0,0,0,0,0,0,0,51,6,1,0,0
16,70000120,70000120,70000120,복어 우체통,1056,0,0,640,3,1,137438953470,-1,137438953470,-1,70000120,0,0,0,0,0,0,0,0,0,51,6,1,0,0
2/4/13/15,70000120,70000120,70000120,복어 우체통,1056,0,0,939,3,1,137438953470,-1,137438953470,-1,70000120,0,0,0,0,0,0,0,0,0,51,6,1,0,0
0,70000130,70000130,70000130,핑크레이디 우체통,1056,0,0,513,3,1,137438953470,-1,137438953470,-1,70000130,0,0,0,0,0,0,0,0,0,51,6,1,0,0
16,70000130,70000130,70000130,핑크레이디 우체통,1056,0,0,640,3,1,137438953470,-1,137438953470,-1,70000130,0,0,0,0,0,0,0,0,0,51,6,1,0,0
2/4/13/15,70000130,70000130,70000130,핑크레이디 우체통,1056,0,0,939,3,1,137438953470,-1,137438953470,-1,70000130,0,0,0,0,0,0,0,0,0,51,6,1,0,0
0,70000140,70000140,70000140,화이트그린 꽃병,1056,0,0,513,3,1,137438953470,-1,137438953470,-1,70000140,0,0,0,0,0,0,0,0,0,51,7,1,0,0
2/4/13/15/16,70000140,70000140,70000140,화이트그린 꽃병,1056,0,0,939,3,1,137438953470,-1,137438953470,-1,70000140,0,0,0,0,0,0,0,0,0,51,7,1,0,0
0,70000150,70000150,70000150,모던브라운 우체통,1056,0,0,513,3,1,137438953470,-1,137438953470,-1,70000150,0,0,0,0,0,0,0,0,0,51,6,1,0,0
16,70000150,70000150,70000150,모던브라운 우체통,1056,0,0,640,3,1,137438953470,-1,137438953470,-1,70000150,0,0,0,0,0,0,0,0,0,51,6,1,0,0
2/4/13/15,70000150,70000150,70000150,모던브라운 우체통,1056,0,0,939,3,1,137438953470,-1,137438953470,-1,70000150,0,0,0,0,0,0,0,0,0,51,6,1,0,0
0,70000160,70000160,70000160,튼튼한 화이트 금고,1056,0,0,513,3,1,137438953470,-1,137438953470,-1,70000160,0,0,0,0,0,0,0,0,0,51,14,1,0,0
2/4/13/15/16,70000160,70000160,70000160,튼튼한 화이트 금고,1056,0,0,939,3,1,137438953470,-1,137438953470,-1,70000160,0,0,0,0,0,0,0,0,0,51,14,1,0,0
0,70000170,70000170,70000170,복어 금고,1056,0,0,513,3,1,137438953470,-1,137438953470,-1,70000170,0,0,0,0,0,0,0,0,0,51,14,1,0,0
16,70000170,70000170,70000170,복어 금고,1056,0,0,640,3,1,137438953470,-1,137438953470,-1,70000170,0,0,0,0,0,0,0,0,0,51,14,1,0,0
2/4/13/15,70000170,70000170,70000170,복어 금고,1056,0,0,939,3,1,137438953470,-1,137438953470,-1,70000170,0,0,0,0,0,0,0,0,0,51,14,1,0,0
0,70000180,70000180,70000180,모던브라운 금고,1056,0,0,513,3,1,137438953470,-1,137438953470,-1,70000180,0,0,0,0,0,0,0,0,0,51,14,1,0,0
16,70000180,70000180,70000180,모던브라운 금고,1056,0,0,640,3,1,137438953470,-1,137438953470,-1,70000180,0,0,0,0,0,0,0,0,0,51,14,1,0,0
2/4/13/15,70000180,70000180,70000180,모던브라운 금고,1056,0,0,939,3,1,137438953470,-1,137438953470,-1,70000180,0,0,0,0,0,0,0,0,0,51,14,1,0,0
0,70000190,70000190,70000190,그린 티테이블,1056,0,0,513,3,1,137438953470,-1,137438953470,-1,70000190,0,0,0,0,0,0,0,0,0,51,4,1,0,0
2/4/13/15/16,70000190,70000190,70000190,그린 티테이블,1056,0,0,939,3,1,137438953470,-1,137438953470,-1,70000190,0,0,0,0,0,0,0,0,0,51,4,1,0,0
0,70000200,70000200,70000200,핑크레이디 콘솔,1056,0,0,513,3,1,137438953470,-1,137438953470,-1,70000200,0,0,0,0,0,0,0,0,0,51,15,1,0,0
2/4/13/15/16,70000200,70000200,70000200,핑크레이디 콘솔,1056,0,0,939,3,1,137438953470,-1,137438953470,-1,70000200,0,0,0,0,0,0,0,0,0,51,15,1,0,0
0,70000210,70000210,70000210,핑크레이디 화장대,1056,0,0,513,3,1,137438953470,-1,137438953470,-1,70000210,0,0,0,0,0,0,0,0,0,51,8,1,0,0
2/4/13/15/16,70000210,70000210,70000210,핑크레이디 화장대,1056,0,0,939,3,1,137438953470,-1,137438953470,-1,70000210,0,0,0,0,0,0,0,0,0,51,8,1,0,0
0,70000213,70000210,70000210,핑크레이디 화장대,1056,0,0,513,3,1,137438953470,-1,137438953470,-1,70000213,0,0,0,0,0,0,0,0,0,51,8,1,0,0
0,70000220,70000220,70000220,목재 책상,1056,0,0,513,3,1,137438953470,-1,137438953470,-1,70000220,0,0,0,0,0,0,0,0,0,51,16,1,0,0
2/4/13/15/16,70000220,70000220,70000220,목재 책상,1056,0,0,939,3,1,137438953470,-1,137438953470,-1,70000220,0,0,0,0,0,0,0,0,0,51,16,1,0,0
0,70000223,70000220,70000220,목재 책상,1056,0,0,513,3,1,137438953470,-1,137438953470,-1,70000223,0,0,0,0,0,0,0,0,0,51,16,1,0,0
0,70000230,70000230,70000230,장식된 목재책상,1056,0,0,513,3,1,137438953470,-1,137438953470,-1,70000230,0,0,0,0,0,0,0,0,0,51,16,1,0,0
2/4/13/15/16,70000230,70000230,70000230,장식된 목재책상,1056,0,0,939,3,1,137438953470,-1,137438953470,-1,70000230,0,0,0,0,0,0,0,0,0,51,16,1,0,0
0,70000240,70000240,70000240,목재 서랍 화장대,1056,0,0,513,3,1,137438953470,-1,137438953470,-1,70000240,0,0,0,0,0,0,0,0,0,51,8,1,0,0
2/4/13/15/16,70000240,70000240,70000240,목재 서랍 화장대,1056,0,0,939,3,1,137438953470,-1,137438953470,-1,70000240,0,0,0,0,0,0,0,0,0,51,8,1,0,0
0,70000250,70000250,70000250,핑크레이디 티테이블,1056,0,0,513,3,1,137438953470,-1,137438953470,-1,70000250,0,0,0,0,0,0,0,0,0,51,4,1,0,0
2/4/13/15/16,70000250,70000250,70000250,핑크레이디 티테이블,1056,0,0,939,3,1,137438953470,-1,137438953470,-1,70000250,0,0,0,0,0,0,0,0,0,51,4,1,0,0
0,70000253,70000250,70000250,핑크레이디 티테이블,1056,0,0,513,3,1,137438953470,-1,137438953470,-1,70000253,0,0,0,0,0,0,0,0,0,51,4,1,0,0
0,70000260,70000260,70000260,모던브라운 티테이블,1056,0,0,513,3,1,137438953470,-1,137438953470,-1,70000260,0,0,0,0,0,0,0,0,0,51,4,1,0,0
2/4/13/15/16,70000260,70000260,70000260,모던브라운 티테이블,1056,0,0,939,3,1,137438953470,-1,137438953470,-1,70000260,0,0,0,0,0,0,0,0,0,51,4,1,0,0
0,70000270,70000270,70000270,모던브라운 화장대,1056,0,0,513,3,1,137438953470,-1,137438953470,-1,70000270,0,0,0,0,0,0,0,0,0,51,8,1,0,0
2/4/13/15/16,70000270,70000270,70000270,모던브라운 화장대,1056,0,0,939,3,1,137438953470,-1,137438953470,-1,70000270,0,0,0,0,0,0,0,0,0,51,8,1,0,0
0,70000280,70000280,70000280,핑크레이디 작은테이블,1056,0,0,513,3,1,137438953470,-1,137438953470,-1,70000280,0,0,0,0,0,0,0,0,0,51,4,1,0,0
2/4/13/15/16,70000280,70000280,70000280,핑크레이디 작은테이블,1056,0,0,939,3,1,137438953470,-1,137438953470,-1,70000280,0,0,0,0,0,0,0,0,0,51,4,1,0,0
0,70000290,70000290,70000290,목재 옷장,1056,0,0,513,3,1,137438953470,-1,137438953470,-1,70000290,0,0,0,0,0,0,0,0,0,51,9,1,0,0
2/4/13/15/16,70000290,70000290,70000290,목재 옷장,1056,0,0,939,3,1,137438953470,-1,137438953470,-1,70000290,0,0,0,0,0,0,0,0,0,51,9,1,0,0
0,70000293,70000290,70000290,목재 옷장,1056,0,0,513,3,1,137438953470,-1,137438953470,-1,70000293,0,0,0,0,0,0,0,0,0,51,9,1,0,0
16,70000293,70000290,70000290,목재 옷장,1056,0,0,640,3,1,137438953470,-1,137438953470,-1,70000293,0,0,0,0,0,0,0,0,0,51,9,1,0,0
0,70000300,70000300,70000300,모던브라운 옷장,1056,0,0,513,3,1,137438953470,-1,137438953470,-1,70000300,0,0,0,0,0,0,0,0,0,51,9,1,0,0
2/4/13/15/16,70000300,70000300,70000300,모던브라운 옷장,1056,0,0,939,3,1,137438953470,-1,137438953470,-1,70000300,0,0,0,0,0,0,0,0,0,51,9,1,0,0
0,70000310,70000310,70000310,핑크레이디 옷장,1056,0,0,513,3,1,137438953470,-1,137438953470,-1,70000310,0,0,0,0,0,0,0,0,0,51,9,1,0,0
2/4/13/15/16,70000310,70000310,70000310,핑크레이디 옷장,1056,0,0,939,3,1,137438953470,-1,137438953470,-1,70000310,0,0,0,0,0,0,0,0,0,51,9,1,0,0
0,70000313,70000310,70000310,핑크레이디 옷장,1056,0,0,513,3,1,137438953470,-1,137438953470,-1,70000313,0,0,0,0,0,0,0,0,0,51,9,1,0,0
0,70000320,70000320,70000320,그린벽지,1060,0,0,513,3,1,137438953470,-1,137438953470,-1,70000320,0,0,0,0,0,0,0,0,0,51,10,1,0,0
16,70000320,70000320,70000320,그린벽지,1060,0,0,640,3,1,137438953470,-1,137438953470,-1,70000320,0,0,0,0,0,0,0,0,0,51,10,1,0,0
2/4/13/15,70000320,70000320,70000320,그린벽지,1060,0,0,939,3,1,137438953470,-1,137438953470,-1,70000320,0,0,0,0,0,0,0,0,0,51,10,1,0,0
0,70000330,70000330,70000330,핑크레이디 벽지,1060,0,0,513,3,1,137438953470,-1,137438953470,-1,70000330,0,0,0,0,0,0,0,0,0,51,10,1,0,0
16,70000330,70000330,70000330,핑크레이디 벽지,1060,0,0,640,3,1,137438953470,-1,137438953470,-1,70000330,0,0,0,0,0,0,0,0,0,51,10,1,0,0
2/4/13/15,70000330,70000330,70000330,핑크레이디 벽지,1060,0,0,939,3,1,137438953470,-1,137438953470,-1,70000330,0,0,0,0,0,0,0,0,0,51,10,1,0,0
0,70000340,70000340,70000340,그린 바닥타일,1060,0,0,513,3,1,137438953470,-1,137438953470,-1,70000340,0,0,0,0,0,0,0,0,0,51,11,1,0,0
16,70000340,70000340,70000340,그린 바닥타일,1060,0,0,640,3,1,137438953470,-1,137438953470,-1,70000340,0,0,0,0,0,0,0,0,0,51,11,1,0,0
2/4/13/15,70000340,70000340,70000340,그린 바닥타일,1060,0,0,939,3,1,137438953470,-1,137438953470,-1,70000340,0,0,0,0,0,0,0,0,0,51,11,1,0,0
0,70000350,70000350,70000350,모던브라운 바닥타일,1060,0,0,513,3,1,137438953470,-1,137438953470,-1,70000350,0,0,0,0,0,0,0,0,0,51,11,1,0,0
16,70000350,70000350,70000350,모던브라운 바닥타일,1060,0,0,640,3,1,137438953470,-1,137438953470,-1,70000350,0,0,0,0,0,0,0,0,0,51,11,1,0,0
2/4/13/15,70000350,70000350,70000350,모던브라운 바닥타일,1060,0,0,939,3,1,137438953470,-1,137438953470,-1,70000350,0,0,0,0,0,0,0,0,0,51,11,1,0,0
0,70000360,70000360,70000360,핑크레이디 바닥타일,1060,0,0,513,3,1,137438953470,-1,137438953470,-1,70000360,0,0,0,0,0,0,0,0,0,51,11,1,0,0
16,70000360,70000360,70000360,핑크레이디 바닥타일,1060,0,0,640,3,1,137438953470,-1,137438953470,-1,70000360,0,0,0,0,0,0,0,0,0,51,11,1,0,0
2/4/13/15,70000360,70000360,70000360,핑크레이디 바닥타일,1060,0,0,939,3,1,137438953470,-1,137438953470,-1,70000360,0,0,0,0,0,0,0,0,0,51,11,1,0,0
0,70000370,70000370,70000370,핑크레이디 벽난로,1056,0,0,513,3,1,137438953470,-1,137438953470,-1,70000370,0,0,0,0,0,0,0,0,0,51,19,1,0,0
2/4/13/15/16,70000370,70000370,70000370,핑크레이디 벽난로,1056,0,0,939,3,1,137438953470,-1,137438953470,-1,70000370,0,0,0,0,0,0,0,0,0,51,19,1,0,0
0,70000373,70000370,70000370,핑크레이디 벽난로,1056,0,0,513,3,1,137438953470,-1,137438953470,-1,70000373,0,0,0,0,0,0,0,0,0,51,19,1,0,0
0,70000380,70000380,70000380,촛대,1056,0,0,513,3,1,137438953470,-1,137438953470,-1,70000380,0,0,0,0,0,0,0,0,0,51,23,1,0,0
2/4/13/15/16,70000380,70000380,70000380,촛대,1056,0,0,939,3,1,137438953470,-1,137438953470,-1,70000380,0,0,0,0,0,0,0,0,0,51,23,1,0,0
0,70000383,70000380,70000380,촛대,1056,0,0,513,3,1,137438953470,-1,137438953470,-1,70000383,0,0,0,0,0,0,0,0,0,51,23,1,0,0
0,70000390,70000390,70000390,영광의 순간을 담은 액자,1056,0,0,513,3,1,137438953470,-1,137438953470,-1,70000390,0,0,0,0,0,0,0,0,0,51,17,1,0,0
2/4/13/15/16,70000390,70000390,70000390,영광의 순간을 담은 액자,1056,0,0,939,3,1,137438953470,-1,137438953470,-1,70000390,0,0,0,0,0,0,0,0,0,51,17,1,0,0
0,70000400,70000400,70000400,포로링 액자,1056,0,0,513,3,1,137438953470,-1,137438953470,-1,70000400,0,0,0,0,0,0,0,0,0,51,17,1,0,0
16,70000400,70000400,70000400,포로링 액자,1056,0,0,640,3,1,137438953470,-1,137438953470,-1,70000400,0,0,0,0,0,0,0,0,0,51,17,1,0,0
2/4/13/15,70000400,70000400,70000400,포로링 액자,1056,0,0,939,3,1,137438953470,-1,137438953470,-1,70000400,0,0,0,0,0,0,0,0,0,51,17,1,0,0
0,70000410,70000410,70000410,행복한 가족액자,1056,0,0,513,3,1,137438953470,-1,137438953470,-1,70000410,0,0,0,0,0,0,0,0,0,51,17,1,0,0
2/4/13/15/16,70000410,70000410,70000410,행복한 가족액자,1056,0,0,939,3,1,137438953470,-1,137438953470,-1,70000410,0,0,0,0,0,0,0,0,0,51,17,1,0,0
0,70000420,70000420,70000420,바이번 액자,1056,0,0,513,3,1,137438953470,-1,137438953470,-1,70000420,0,0,0,0,0,0,0,0,0,51,17,1,0,0
2/4/13/15/16,70000420,70000420,70000420,바이번 액자,1056,0,0,939,3,1,137438953470,-1,137438953470,-1,70000420,0,0,0,0,0,0,0,0,0,51,17,1,0,0
0,70000423,70000420,70000420,바이번 액자,1056,0,0,513,3,1,137438953470,-1,137438953470,-1,70000423,0,0,0,0,0,0,0,0,0,51,17,1,0,0
0,70000430,70000430,70000430,핑크레이디 거울,1056,0,0,513,3,1,137438953470,-1,137438953470,-1,70000430,0,0,0,0,0,0,0,0,0,51,21,1,0,0
2/4/13/15/16,70000430,70000430,70000430,핑크레이디 거울,1056,0,0,939,3,1,137438953470,-1,137438953470,-1,70000430,0,0,0,0,0,0,0,0,0,51,21,1,0,0
0,70000433,70000430,70000430,핑크레이디 거울,1056,0,0,513,3,1,137438953470,-1,137438953470,-1,70000433,0,0,0,0,0,0,0,0,0,51,21,1,0,0
16,70000433,70000430,70000430,핑크레이디 거울,1056,0,0,640,3,1,137438953470,-1,137438953470,-1,70000433,0,0,0,0,0,0,0,0,0,51,21,1,0,0
0,70000440,70000440,70000440,레드브라운 스텐드,1056,0,0,513,3,1,137438953470,-1,137438953470,-1,70000440,0,0,0,0,0,0,0,0,0,51,23,1,0,0
2/4/13/15/16,70000440,70000440,70000440,레드브라운 스텐드,1056,0,0,939,3,1,137438953470,-1,137438953470,-1,70000440,0,0,0,0,0,0,0,0,0,51,23,1,0,0
0,70000443,70000440,70000440,핑크레이디 스텐드,1056,0,0,513,3,1,137438953470,-1,137438953470,-1,70000443,0,0,0,0,0,0,0,0,0,51,23,1,0,0
0,70000450,70000450,70000450,골드그린 꽃병,1056,0,0,513,3,1,137438953470,-1,137438953470,-1,70000450,0,0,0,0,0,0,0,0,0,51,7,1,0,0
2/4/13/15/16,70000450,70000450,70000450,골드그린 꽃병,1056,0,0,939,3,1,137438953470,-1,137438953470,-1,70000450,0,0,0,0,0,0,0,0,0,51,7,1,0,0
0,70000460,70000460,70000460,핑크화이트 꽃병,1056,0,0,513,3,1,137438953470,-1,137438953470,-1,70000460,0,0,0,0,0,0,0,0,0,51,7,1,0,0
2/4/13/15/16,70000460,70000460,70000460,핑크화이트 꽃병,1056,0,0,939,3,1,137438953470,-1,137438953470,-1,70000460,0,0,0,0,0,0,0,0,0,51,7,1,0,0
0,70000463,70000460,70000460,핑크화이트 꽃병,1056,0,0,513,3,1,137438953470,-1,137438953470,-1,70000463,0,0,0,0,0,0,0,0,0,51,7,1,0,0
0,70000470,70000470,70000470,인테리어 꽃병,1056,0,0,513,3,1,137438953470,-1,137438953470,-1,70000470,0,0,0,0,0,0,0,0,0,51,7,1,0,0
2/4/13/15/16,70000470,70000470,70000470,인테리어 꽃병,1056,0,0,939,3,1,137438953470,-1,137438953470,-1,70000470,0,0,0,0,0,0,0,0,0,51,7,1,0,0
0,70000480,70000480,70000480,그린 2단 창문,1056,0,0,513,3,1,137438953470,-1,137438953470,-1,70000480,0,0,0,0,0,0,0,0,0,51,12,1,0,0
2/4/13/15/16,70000480,70000480,70000480,그린 2단 창문,1056,0,0,939,3,1,137438953470,-1,137438953470,-1,70000480,0,0,0,0,0,0,0,0,0,51,12,1,0,0
0,70000490,70000490,70000490,모던브라운 5단 큰 창문,1056,0,0,513,3,1,137438953470,-1,137438953470,-1,70000490,0,0,0,0,0,0,0,0,0,51,12,1,0,0
2/4/13/15/16,70000490,70000490,70000490,모던브라운 5단 큰 창문,1056,0,0,939,3,1,137438953470,-1,137438953470,-1,70000490,0,0,0,0,0,0,0,0,0,51,12,1,0,0
0,70000500,70000500,70000500,핑크레이디 3단 창문,1056,0,0,513,3,1,137438953470,-1,137438953470,-1,70000500,0,0,0,0,0,0,0,0,0,51,12,1,0,0
2/4/13/15/16,70000500,70000500,70000500,핑크레이디 3단 창문,1056,0,0,939,3,1,137438953470,-1,137438953470,-1,70000500,0,0,0,0,0,0,0,0,0,51,12,1,0,0
0,70000503,70000500,70000500,핑크레이디 3단 창문,1056,0,0,513,3,1,137438953470,-1,137438953470,-1,70000503,0,0,0,0,0,0,0,0,0,51,12,1,0,0
0,70000510,70000510,70000510,골드그린 작은 꽃병,1056,0,0,513,3,1,137438953470,-1,137438953470,-1,70000510,0,0,0,0,0,0,0,0,0,51,7,1,0,0
2/4/13/15/16,70000510,70000510,70000510,골드그린 작은 꽃병,1056,0,0,939,3,1,137438953470,-1,137438953470,-1,70000510,0,0,0,0,0,0,0,0,0,51,7,1,0,0
0,70000520,70000520,70000520,핑크화이트 작은 꽃병,1056,0,0,513,3,1,137438953470,-1,137438953470,-1,70000520,0,0,0,0,0,0,0,0,0,51,7,1,0,0
2/4/13/15/16,70000520,70000520,70000520,핑크화이트 작은 꽃병,1056,0,0,939,3,1,137438953470,-1,137438953470,-1,70000520,0,0,0,0,0,0,0,0,0,51,7,1,0,0
0,70000530,70000530,70000530,모던브라운 벽지,1060,0,0,513,3,1,137438953470,-1,137438953470,-1,70000530,0,0,0,0,0,0,0,0,0,51,10,1,0,0
16,70000530,70000530,70000530,모던브라운 벽지,1060,0,0,640,3,1,137438953470,-1,137438953470,-1,70000530,0,0,0,0,0,0,0,0,0,51,10,1,0,0
2/4/13/15,70000530,70000530,70000530,모던브라운 벽지,1060,0,0,939,3,1,137438953470,-1,137438953470,-1,70000530,0,0,0,0,0,0,0,0,0,51,10,1,0,0
0,70000540,70000540,70000540,옐로우베이직 벽지,1060,0,0,513,3,1,137438953470,-1,137438953470,-1,70000540,0,0,0,0,0,0,0,0,0,51,10,1,0,0
16,70000540,70000540,70000540,옐로우베이직 벽지,1060,0,0,640,3,1,137438953470,-1,137438953470,-1,70000540,0,0,0,0,0,0,0,0,0,51,10,1,0,0
2/4/13/15,70000540,70000540,70000540,옐로우베이직 벽지,1060,0,0,939,3,1,137438953470,-1,137438953470,-1,70000540,0,0,0,0,0,0,0,0,0,51,10,1,0,0
0,70000550,70000550,70000550,나무 바닥타일,1060,0,0,513,3,1,137438953470,-1,137438953470,-1,70000550,0,0,0,0,0,0,0,0,0,51,11,1,0,0
2/4/13/15/16,70000550,70000550,70000550,나무 바닥타일,1060,0,0,939,3,1,137438953470,-1,137438953470,-1,70000550,0,0,0,0,0,0,0,0,0,51,11,1,0,0
0,70000560,70000560,70000560,브라운 목재 3단 책장,1056,0,0,513,3,1,137438953470,-1,137438953470,-1,70000560,0,0,0,0,0,0,0,0,0,51,13,1,0,0
2/4/13/15/16,70000560,70000560,70000560,브라운 목재 3단 책장,1056,0,0,939,3,1,137438953470,-1,137438953470,-1,70000560,0,0,0,0,0,0,0,0,0,51,13,1,0,0
0,70000563,70000560,70000560,브라운 목재 3단 책장,1056,0,0,513,3,1,137438953470,-1,137438953470,-1,70000563,0,0,0,0,0,0,0,0,0,51,13,1,0,0
0,70000570,70000570,70000570,벽 책장,1056,0,0,513,3,1,137438953470,-1,137438953470,-1,70000570,0,0,0,0,0,0,0,0,0,51,13,1,0,0
2/4/13/15/16,70000570,70000570,70000570,벽 책장,1056,0,0,939,3,1,137438953470,-1,137438953470,-1,70000570,0,0,0,0,0,0,0,0,0,51,13,1,0,0
0,70000573,70000570,70000570,벽 책장,1056,0,0,513,3,1,137438953470,-1,137438953470,-1,70000573,0,0,0,0,0,0,0,0,0,51,13,1,0,0
0,70000580,70000580,70000580,블루싱글 목재침대,1056,0,0,513,3,1,137438953470,-1,137438953470,-1,70000580,0,0,0,0,0,0,0,0,0,51,1,1,0,0
2/4/13/15/16,70000580,70000580,70000580,블루싱글 목재침대,1056,0,0,939,3,1,137438953470,-1,137438953470,-1,70000580,0,0,0,0,0,0,0,0,0,51,1,1,0,0
0,70000590,70000590,70000590,목재 의자,1056,0,0,513,3,1,137438953470,-1,137438953470,-1,70000590,0,0,0,0,0,0,0,0,0,51,3,1,0,0
2/4/13/15/16,70000590,70000590,70000590,목재 의자,1056,0,0,939,3,1,137438953470,-1,137438953470,-1,70000590,0,0,0,0,0,0,0,0,0,51,3,1,0,0
0,70000600,70000600,70000600,목재 티테이블,1056,0,0,513,3,1,137438953470,-1,137438953470,-1,70000600,0,0,0,0,0,0,0,0,0,51,4,1,0,0
2/4/13/15/16,70000600,70000600,70000600,목재 티테이블,1056,0,0,939,3,1,137438953470,-1,137438953470,-1,70000600,0,0,0,0,0,0,0,0,0,51,4,1,0,0
0,70000610,70000610,70000610,목재 2단 창문,1056,0,0,513,3,1,137438953470,-1,137438953470,-1,70000610,0,0,0,0,0,0,0,0,0,51,12,1,0,0
2/4/13/15/16,70000610,70000610,70000610,목재 2단 창문,1056,0,0,939,3,1,137438953470,-1,137438953470,-1,70000610,0,0,0,0,0,0,0,0,0,51,12,1,0,0
0,70000620,70000620,70000620,원목 스탠드 우체통,1056,0,0,513,3,1,137438953470,-1,137438953470,-1,70000620,0,0,0,0,0,0,0,0,0,51,6,1,0,0
2/4/13/15/16,70000620,70000620,70000620,원목 스탠드 우체통,1056,0,0,939,3,1,137438953470,-1,137438953470,-1,70000620,0,0,0,0,0,0,0,0,0,51,6,1,0,0
0,70000650,70000650,70000650,푸른 잔디마당,8228,0,0,513,3,1,137438953470,-1,137438953470,-1,70000650,0,0,0,0,0,0,0,0,0,51,20,1,0,0
2/4/13/15/16,70000650,70000650,70000650,푸른 잔디마당,8228,0,0,939,3,1,137438953470,-1,137438953470,-1,70000650,0,0,0,0,0,0,0,0,0,51,20,1,0,0
0,70000660,70000660,70000660,잔디마당,8228,0,0,513,3,1,137438953470,-1,137438953470,-1,70000660,0,0,0,0,0,0,0,0,0,51,20,1,0,0
2/4/13/15/16,70000660,70000660,70000660,잔디마당,8228,0,0,939,3,1,137438953470,-1,137438953470,-1,70000660,0,0,0,0,0,0,0,0,0,51,20,1,0,0
0,70000670,70000670,70000670,흙과 푸른잔디 마당,8228,0,0,513,3,1,137438953470,-1,137438953470,-1,70000670,0,0,0,0,0,0,0,0,0,51,20,1,0,0
2/4/13/15/16,70000670,70000670,70000670,흙과 푸른잔디 마당,8228,0,0,939,3,1,137438953470,-1,137438953470,-1,70000670,0,0,0,0,0,0,0,0,0,51,20,1,0,0
0,70000680,70000680,70000680,노란색밀짚지붕의 목재집,8228,0,0,513,3,1,137438953470,-1,137438953470,-1,70000680,70000685,0,0,0,0,0,0,0,0,51,18,1,0,0
2/4/13/15/16,70000680,70000680,70000680,노란색밀짚지붕의 목재집,8228,0,0,939,3,1,137438953470,-1,137438953470,-1,70000680,70000685,0,0,0,0,0,0,0,0,51,18,1,0,0
0,70000690,70000690,70000690,빨간색밀짚지붕의 목재집,8228,0,0,513,3,1,137438953470,-1,137438953470,-1,70000690,70000695,0,0,0,0,0,0,0,0,51,18,1,0,0
2/4/13/15/16,70000690,70000690,70000690,빨간색밀짚지붕의 목재집,8228,0,0,939,3,1,137438953470,-1,137438953470,-1,70000690,70000695,0,0,0,0,0,0,0,0,51,18,1,0,0
0,70000700,70000700,70000700,파란색밀짚지붕의 목재집,8228,0,0,513,3,1,137438953470,-1,137438953470,-1,70000700,70000705,0,0,0,0,0,0,0,0,51,18,1,0,0
2/4/13/15/16,70000700,70000700,70000700,파란색밀짚지붕의 목재집,8228,0,0,939,3,1,137438953470,-1,137438953470,-1,70000700,70000705,0,0,0,0,0,0,0,0,51,18,1,0,0
0,70000710,70000710,70000710,노란색통나무지붕의 목재집,8228,0,0,513,3,1,137438953470,-1,137438953470,-1,70000710,70000715,0,0,0,0,0,0,0,0,51,18,1,0,0
2/4/13/15/16,70000710,70000710,70000710,노란색통나무지붕의 목재집,8228,0,0,939,3,1,137438953470,-1,137438953470,-1,70000710,70000715,0,0,0,0,0,0,0,0,51,18,1,0,0
0,70000720,70000720,70000720,빨간색통나무지붕의 목재집,8228,0,0,513,3,1,137438953470,-1,137438953470,-1,70000720,70000725,0,0,0,0,0,0,0,0,51,18,1,0,0
2/4/13/15/16,70000720,70000720,70000720,빨간색통나무지붕의 목재집,8228,0,0,939,3,1,137438953470,-1,137438953470,-1,70000720,70000725,0,0,0,0,0,0,0,0,51,18,1,0,0
0,70000730,70000730,70000730,파란색통나무지붕의 목재집,8228,0,0,513,3,1,137438953470,-1,137438953470,-1,70000730,70000735,0,0,0,0,0,0,0,0,51,18,1,0,0
2/4/13/15/16,70000730,70000730,70000730,파란색통나무지붕의 목재집,8228,0,0,939,3,1,137438953470,-1,137438953470,-1,70000730,70000735,0,0,0,0,0,0,0,0,51,18,1,0,0
0,70000740,70000740,70000740,노란색지붕의 목재집,8228,0,0,513,3,1,137438953470,-1,137438953470,-1,70000740,70000745,0,0,0,0,0,0,0,0,51,18,1,0,0
2/4/13/15/16,70000740,70000740,70000740,노란색지붕의 목재집,8228,0,0,939,3,1,137438953470,-1,137438953470,-1,70000740,70000745,0,0,0,0,0,0,0,0,51,18,1,0,0
0,70000750,70000750,70000750,빨간색지붕의 목재집,8228,0,0,513,3,1,137438953470,-1,137438953470,-1,70000750,70000755,0,0,0,0,0,0,0,0,51,18,1,0,0
2/4/13/15/16,70000750,70000750,70000750,빨간색지붕의 목재집,8228,0,0,939,3,1,137438953470,-1,137438953470,-1,70000750,70000755,0,0,0,0,0,0,0,0,51,18,1,0,0
0,70000760,70000760,70000760,파란색지붕의 목재집,8228,0,0,513,3,1,137438953470,-1,137438953470,-1,70000760,70000765,0,0,0,0,0,0,0,0,51,18,1,0,0
2/4/13/15/16,70000760,70000760,70000760,파란색지붕의 목재집,8228,0,0,939,3,1,137438953470,-1,137438953470,-1,70000760,70000765,0,0,0,0,0,0,0,0,51,18,1,0,0
0,70000770,70000770,70000770,목재 펜스+문,8228,0,0,513,3,1,137438953470,-1,137438953470,-1,70000770,0,0,0,0,0,0,0,0,0,51,12,1,0,0
2/4/13/15/16,70000770,70000770,70000770,목재 펜스+문,8228,0,0,939,3,1,137438953470,-1,137438953470,-1,70000770,0,0,0,0,0,0,0,0,0,51,12,1,0,0
0,70000780,70000780,70000780,빨간색 펜스+문,8228,0,0,513,3,1,137438953470,-1,137438953470,-1,70000780,0,0,0,0,0,0,0,0,0,51,12,1,0,0
2/4/13/15/16,70000780,70000780,70000780,빨간색 펜스+문,8228,0,0,939,3,1,137438953470,-1,137438953470,-1,70000780,0,0,0,0,0,0,0,0,0,51,12,1,0,0
0,70000790,70000790,70000790,파란색 펜스+문,8228,0,0,513,3,1,137438953470,-1,137438953470,-1,70000790,0,0,0,0,0,0,0,0,0,51,12,1,0,0
2/4/13/15/16,70000790,70000790,70000790,파란색 펜스+문,8228,0,0,939,3,1,137438953470,-1,137438953470,-1,70000790,0,0,0,0,0,0,0,0,0,51,12,1,0,0
0,70000800,70000800,70000800,목재 모서리벽,1060,0,0,513,3,1,137438953470,-1,137438953470,-1,70000800,0,0,0,0,0,0,0,0,0,51,23,1,0,0
2/4/13/15/16,70000800,70000800,70000800,목재 모서리벽,1060,0,0,939,3,1,137438953470,-1,137438953470,-1,70000800,0,0,0,0,0,0,0,0,0,51,23,1,0,0
0,70000810,70000810,70000810,앨로우라인목재모서리벽,1060,0,0,513,3,1,137438953470,-1,137438953470,-1,70000810,0,0,0,0,0,0,0,0,0,51,23,1,0,0
2/4/13/15/16,70000810,70000810,70000810,앨로우라인목재모서리벽,1060,0,0,939,3,1,137438953470,-1,137438953470,-1,70000810,0,0,0,0,0,0,0,0,0,51,23,1,0,0
0,70000820,70000820,70000820,출입문,1060,0,0,513,3,1,137438953470,-1,137438953470,-1,70000820,0,0,0,0,0,0,0,0,0,51,12,1,0,0
2/4/13/15/16,70000820,70000820,70000820,출입문,1060,0,0,939,3,1,137438953470,-1,137438953470,-1,70000820,0,0,0,0,0,0,0,0,0,51,12,1,0,0
0,70000830,70000830,70000830,꽃바구니,1060,0,0,513,3,1,137438953470,-1,137438953470,-1,70000830,0,0,0,0,0,0,0,0,0,51,23,1,0,0
2/4/13/15/16,70000830,70000830,70000830,꽃바구니,1060,0,0,939,3,1,137438953470,-1,137438953470,-1,70000830,0,0,0,0,0,0,0,0,0,51,23,1,0,0
0,70000833,70000830,70000830,꽃바구니,1056,0,0,513,3,1,137438953470,-1,137438953470,-1,70000833,0,0,0,0,0,0,0,0,0,51,23,1,0,0
0,70000840,70000840,70000840,빨간색지붕 2층 목재집,8228,0,0,513,3,1,137438953470,-1,137438953470,-1,70000840,70000845,0,0,0,0,0,0,0,0,51,18,1,0,0
2/4/13/15/16,70000840,70000840,70000840,빨간색지붕 2층 목재집,8228,0,0,939,3,1,137438953470,-1,137438953470,-1,70000840,70000845,0,0,0,0,0,0,0,0,51,18,1,0,0
0,70000850,70000850,70000850,노란색지붕 2층 목재집,8228,0,0,513,3,1,137438953470,-1,137438953470,-1,70000850,70000855,0,0,0,0,0,0,0,0,51,18,1,0,0
2/4/13/15/16,70000850,70000850,70000850,노란색지붕 2층 목재집,8228,0,0,939,3,1,137438953470,-1,137438953470,-1,70000850,70000855,0,0,0,0,0,0,0,0,51,18,1,0,0
0,70000860,70000860,70000860,파란색지붕 2층 목재집,8228,0,0,513,3,1,137438953470,-1,137438953470,-1,70000860,70000865,0,0,0,0,0,0,0,0,51,18,1,0,0
2/4/13/15/16,70000860,70000860,70000860,파란색지붕 2층 목재집,8228,0,0,939,3,1,137438953470,-1,137438953470,-1,70000860,70000865,0,0,0,0,0,0,0,0,51,18,1,0,0
0,70000870,70000870,70000870,목재 표지판,8228,0,0,513,3,1,137438953470,-1,137438953470,-1,70000870,0,0,0,0,0,0,0,0,0,51,23,1,0,0
2/4/13/15/16,70000870,70000870,70000870,목재 표지판,8228,0,0,939,3,1,137438953470,-1,137438953470,-1,70000870,0,0,0,0,0,0,0,0,0,51,23,1,0,0
0,70000880,70000880,70000880,오렌지빛깔목재 표지판,8228,0,0,513,3,1,137438953470,-1,137438953470,-1,70000880,0,0,0,0,0,0,0,0,0,51,23,1,0,0
2/4/13/15/16,70000880,70000880,70000880,오렌지빛깔목재 표지판,8228,0,0,939,3,1,137438953470,-1,137438953470,-1,70000880,0,0,0,0,0,0,0,0,0,51,23,1,0,0
0,70000890,70000890,70000890,핑크빛깔 카네이션 벽지,1060,0,0,513,3,1,137438953470,-1,137438953470,-1,70000890,0,0,0,0,0,0,0,0,0,51,10,1,0,0
2/4/13/15/16,70000890,70000890,70000890,핑크빛깔 카네이션 벽지,1060,0,0,939,3,1,137438953470,-1,137438953470,-1,70000890,0,0,0,0,0,0,0,0,0,51,10,1,0,0
0,70000900,70000900,70000900,회색빛깔 엣지 벽지,1060,0,0,513,3,1,137438953470,-1,137438953470,-1,70000900,0,0,0,0,0,0,0,0,0,51,10,1,0,0
2/4/13/15/16,70000900,70000900,70000900,회색빛깔 엣지 벽지,1060,0,0,939,3,1,137438953470,-1,137438953470,-1,70000900,0,0,0,0,0,0,0,0,0,51,10,1,0,0
0,70000910,70000910,70000910,푸른빛깔 체크무늬 벽지,1060,0,0,513,3,1,137438953470,-1,137438953470,-1,70000910,0,0,0,0,0,0,0,0,0,51,10,1,0,0
2/4/13/15/16,70000910,70000910,70000910,푸른빛깔 체크무늬 벽지,1060,0,0,939,3,1,137438953470,-1,137438953470,-1,70000910,0,0,0,0,0,0,0,0,0,51,10,1,0,0
0,70000920,70000920,70000920,밝은 파란빛깔 넝클무늬 벽지,1060,0,0,513,3,1,137438953470,-1,137438953470,-1,70000920,0,0,0,0,0,0,0,0,0,51,10,1,0,0
16,70000920,70000920,70000920,밝은 파란빛깔 넝클무늬 벽지,1060,0,0,640,3,1,137438953470,-1,137438953470,-1,70000920,0,0,0,0,0,0,0,0,0,51,10,1,0,0
2/4/13/15,70000920,70000920,70000920,밝은 파란빛깔 넝클무늬 벽지,1060,0,0,939,3,1,137438953470,-1,137438953470,-1,70000920,0,0,0,0,0,0,0,0,0,51,10,1,0,0
0,70000930,70000930,70000930,올리브 빛깔 파도물결무늬 벽지,1060,0,0,513,3,1,137438953470,-1,137438953470,-1,70000930,0,0,0,0,0,0,0,0,0,51,10,1,0,0
2/4/13/15/16,70000930,70000930,70000930,올리브 빛깔 파도물결무늬 벽지,1060,0,0,939,3,1,137438953470,-1,137438953470,-1,70000930,0,0,0,0,0,0,0,0,0,51,10,1,0,0
0,70000940,70000940,70000940,브라운 체크무늬 벽지,1060,0,0,513,3,1,137438953470,-1,137438953470,-1,70000940,0,0,0,0,0,0,0,0,0,51,10,1,0,0
2/4/13/15/16,70000940,70000940,70000940,브라운 체크무늬 벽지,1060,0,0,939,3,1,137438953470,-1,137438953470,-1,70000940,0,0,0,0,0,0,0,0,0,51,10,1,0,0
0,70000950,70000950,70000950,푸른빛깔 그란데이션 벽지,1060,0,0,513,3,1,137438953470,-1,137438953470,-1,70000950,0,0,0,0,0,0,0,0,0,51,10,1,0,0
2/4/13/15/16,70000950,70000950,70000950,푸른빛깔 그란데이션 벽지,1060,0,0,939,3,1,137438953470,-1,137438953470,-1,70000950,0,0,0,0,0,0,0,0,0,51,10,1,0,0
0,70000960,70000960,70000960,그린빛깔 그란데이션 벽지,1060,0,0,513,3,1,137438953470,-1,137438953470,-1,70000960,0,0,0,0,0,0,0,0,0,51,10,1,0,0
2/4/13/15/16,70000960,70000960,70000960,그린빛깔 그란데이션 벽지,1060,0,0,939,3,1,137438953470,-1,137438953470,-1,70000960,0,0,0,0,0,0,0,0,0,51,10,1,0,0
0,70000970,70000970,70000970,레드 볼록쿠션 벽지,1060,0,0,513,3,1,137438953470,-1,137438953470,-1,70000970,0,0,0,0,0,0,0,0,0,51,10,1,0,0
2/4/13/15/16,70000970,70000970,70000970,레드 볼록쿠션 벽지,1060,0,0,939,3,1,137438953470,-1,137438953470,-1,70000970,0,0,0,0,0,0,0,0,0,51,10,1,0,0
0,70000980,70000980,70000980,옐로우 볼록쿠션 벽지,1060,0,0,513,3,1,137438953470,-1,137438953470,-1,70000980,0,0,0,0,0,0,0,0,0,51,10,1,0,0
2/4/13/15/16,70000980,70000980,70000980,옐로우 볼록쿠션 벽지,1060,0,0,939,3,1,137438953470,-1,137438953470,-1,70000980,0,0,0,0,0,0,0,0,0,51,10,1,0,0
0,70000990,70000990,70000990,핑크 삼각 모자이크 바닥타일,1060,0,0,513,3,1,137438953470,-1,137438953470,-1,70000990,0,0,0,0,0,0,0,0,0,51,11,1,0,0
2/4/13/15/16,70000990,70000990,70000990,핑크 삼각 모자이크 바닥타일,1060,0,0,939,3,1,137438953470,-1,137438953470,-1,70000990,0,0,0,0,0,0,0,0,0,51,11,1,0,0
0,70001000,70001000,70001000,그레이 모자이크 바닥타일,1060,0,0,513,3,1,137438953470,-1,137438953470,-1,70001000,0,0,0,0,0,0,0,0,0,51,11,1,0,0
2/4/13/15/16,70001000,70001000,70001000,그레이 모자이크 바닥타일,1060,0,0,939,3,1,137438953470,-1,137438953470,-1,70001000,0,0,0,0,0,0,0,0,0,51,11,1,0,0
0,70001010,70001010,70001010,둥근 회색 무늬 바닥타일,1060,0,0,513,3,1,137438953470,-1,137438953470,-1,70001010,0,0,0,0,0,0,0,0,0,51,11,1,0,0
2/4/13/15/16,70001010,70001010,70001010,둥근 회색 무늬 바닥타일,1060,0,0,939,3,1,137438953470,-1,137438953470,-1,70001010,0,0,0,0,0,0,0,0,0,51,11,1,0,0
0,70001020,70001020,70001020,그레이 사각모자이크 바닥타일,1060,0,0,513,3,1,137438953470,-1,137438953470,-1,70001020,0,0,0,0,0,0,0,0,0,51,11,1,0,0
2/4/13/15/16,70001020,70001020,70001020,그레이 사각모자이크 바닥타일,1060,0,0,939,3,1,137438953470,-1,137438953470,-1,70001020,0,0,0,0,0,0,0,0,0,51,11,1,0,0
0,70001030,70001030,70001030,골드 모자이크 바닥타일,1060,0,0,513,3,1,137438953470,-1,137438953470,-1,70001030,0,0,0,0,0,0,0,0,0,51,11,1,0,0
2/4/13/15/16,70001030,70001030,70001030,골드 모자이크 바닥타일,1060,0,0,939,3,1,137438953470,-1,137438953470,-1,70001030,0,0,0,0,0,0,0,0,0,51,11,1,0,0
0,70001040,70001040,70001040,그린 그라운드 바닥타일,1060,0,0,513,3,1,137438953470,-1,137438953470,-1,70001040,0,0,0,0,0,0,0,0,0,51,11,1,0,0
2/4/13/15/16,70001040,70001040,70001040,그린 그라운드 바닥타일,1060,0,0,939,3,1,137438953470,-1,137438953470,-1,70001040,0,0,0,0,0,0,0,0,0,51,11,1,0,0
0,70001050,70001050,70001050,여튼 푸른빛깔 유광 바닥타일,1060,0,0,513,3,1,137438953470,-1,137438953470,-1,70001050,0,0,0,0,0,0,0,0,0,51,11,1,0,0
2/4/13/15/16,70001050,70001050,70001050,여튼 푸른빛깔 유광 바닥타일,1060,0,0,939,3,1,137438953470,-1,137438953470,-1,70001050,0,0,0,0,0,0,0,0,0,51,11,1,0,0
0,70001060,70001060,70001060,밝은 회색빛깔 유광 바닥타일,1060,0,0,513,3,1,137438953470,-1,137438953470,-1,70001060,0,0,0,0,0,0,0,0,0,51,11,1,0,0
16,70001060,70001060,70001060,밝은 회색빛깔 유광 바닥타일,1060,0,0,640,3,1,137438953470,-1,137438953470,-1,70001060,0,0,0,0,0,0,0,0,0,51,11,1,0,0
2/4/13/15,70001060,70001060,70001060,밝은 회색빛깔 유광 바닥타일,1060,0,0,939,3,1,137438953470,-1,137438953470,-1,70001060,0,0,0,0,0,0,0,0,0,51,11,1,0,0
0,70001070,70001070,70001070,진한 갈색 유광 바닥타일,1060,0,0,513,3,1,137438953470,-1,137438953470,-1,70001070,0,0,0,0,0,0,0,0,0,51,11,1,0,0
2/4/13/15/16,70001070,70001070,70001070,진한 갈색 유광 바닥타일,1060,0,0,939,3,1,137438953470,-1,137438953470,-1,70001070,0,0,0,0,0,0,0,0,0,51,11,1,0,0
0,70001080,70001080,70001080,진한 녹색빛깔 유광 바닥타일,1060,0,0,513,3,1,137438953470,-1,137438953470,-1,70001080,0,0,0,0,0,0,0,0,0,51,11,1,0,0
2/4/13/15/16,70001080,70001080,70001080,진한 녹색빛깔 유광 바닥타일,1060,0,0,939,3,1,137438953470,-1,137438953470,-1,70001080,0,0,0,0,0,0,0,0,0,51,11,1,0,0
0,70001090,70001090,70001090,과자 벽지,1060,0,0,513,3,1,137438953470,-1,137438953470,-1,70001090,0,0,0,0,0,0,0,0,0,51,10,1,0,0
2/4/6/13/15/16,70001090,70001090,70001090,과자 벽지,1060,0,0,939,3,1,137438953470,-1,137438953470,-1,70001090,0,0,0,0,0,0,0,0,0,51,10,1,0,0
0,70001100,70001100,70001100,과자 바닥타일,1060,0,0,513,3,1,137438953470,-1,137438953470,-1,70001100,0,0,0,0,0,0,0,0,0,51,11,1,0,0
16,70001100,70001100,70001100,과자 바닥타일,1060,0,0,640,3,1,137438953470,-1,137438953470,-1,70001100,0,0,0,0,0,0,0,0,0,51,11,1,0,0
2/4/6/13/15,70001100,70001100,70001100,과자 바닥타일,1060,0,0,939,3,1,137438953470,-1,137438953470,-1,70001100,0,0,0,0,0,0,0,0,0,51,11,1,0,0
0,70001110,70001110,70001110,블루 목재 티테이블,1056,0,0,513,3,1,137438953470,-1,137438953470,-1,70001110,0,0,0,0,0,0,0,0,0,51,4,1,0,0
2/4/13/15/16,70001110,70001110,70001110,블루 목재 티테이블,1056,0,0,939,3,1,137438953470,-1,137438953470,-1,70001110,0,0,0,0,0,0,0,0,0,51,4,1,0,0
0,70001120,70001120,70001120,핑크 목재 티테이블,1056,0,0,513,3,1,137438953470,-1,137438953470,-1,70001120,0,0,0,0,0,0,0,0,0,51,4,1,0,0
2/4/13/15/16,70001120,70001120,70001120,핑크 목재 티테이블,1056,0,0,939,3,1,137438953470,-1,137438953470,-1,70001120,0,0,0,0,0,0,0,0,0,51,4,1,0,0
0,70001130,70001130,70001130,그린빛깔 목재 책상,1056,0,0,513,3,1,137438953470,-1,137438953470,-1,70001130,0,0,0,0,0,0,0,0,0,51,16,1,0,0
2/4/13/15/16,70001130,70001130,70001130,그린빛깔 목재 책상,1056,0,0,939,3,1,137438953470,-1,137438953470,-1,70001130,0,0,0,0,0,0,0,0,0,51,16,1,0,0
0,70001140,70001140,70001140,여튼 파랑빛깔 목재 책상,1056,0,0,513,3,1,137438953470,-1,137438953470,-1,70001140,0,0,0,0,0,0,0,0,0,51,16,1,0,0
2/4/13/15/16,70001140,70001140,70001140,여튼 파랑빛깔 목재 책상,1056,0,0,939,3,1,137438953470,-1,137438953470,-1,70001140,0,0,0,0,0,0,0,0,0,51,16,1,0,0
0,70001150,70001150,70001150,딸기잼 웨하스 과자 책상,1056,0,0,513,3,1,137438953470,-1,137438953470,-1,70001150,0,0,0,0,0,0,0,0,0,51,16,1,0,0
16,70001150,70001150,70001150,딸기잼 웨하스 과자 책상,1056,0,0,640,3,1,137438953470,-1,137438953470,-1,70001150,0,0,0,0,0,0,0,0,0,51,16,1,0,0
2/4/6/13/15,70001150,70001150,70001150,딸기잼 웨하스 과자 책상,1056,0,0,939,3,1,137438953470,-1,137438953470,-1,70001150,0,0,0,0,0,0,0,0,0,51,16,1,0,0
0,70001160,70001160,70001160,웨하스 샤베트과자 화장대,1056,0,0,513,3,1,137438953470,-1,137438953470,-1,70001160,0,0,0,0,0,0,0,0,0,51,8,1,0,0
2/4/6/13/15/16,70001160,70001160,70001160,웨하스 샤베트과자 화장대,1056,0,0,939,3,1,137438953470,-1,137438953470,-1,70001160,0,0,0,0,0,0,0,0,0,51,8,1,0,0
0,70001170,70001170,70001170,초코파이 테이블,1056,0,0,513,3,1,137438953470,-1,137438953470,-1,70001170,0,0,0,0,0,0,0,0,0,51,4,1,0,0
2/4/6/13/15/16,70001170,70001170,70001170,초코파이 테이블,1056,0,0,939,3,1,137438953470,-1,137438953470,-1,70001170,0,0,0,0,0,0,0,0,0,51,4,1,0,0
0,70001180,70001180,70001180,짙은푸른색 라인 엔틱 3인 소파,1056,0,0,513,3,1,137438953470,-1,137438953470,-1,70001180,0,0,0,0,0,0,0,0,0,51,2,1,0,0
2/4/13/15/16,70001180,70001180,70001180,짙은푸른색 라인 엔틱 3인 소파,1056,0,0,939,3,1,137438953470,-1,137438953470,-1,70001180,0,0,0,0,0,0,0,0,0,51,2,1,0,0
0,70001190,70001190,70001190,연보라색 라인 엔틱 3인 소파,1056,0,0,513,3,1,137438953470,-1,137438953470,-1,70001190,0,0,0,0,0,0,0,0,0,51,2,1,0,0
2/4/13/15/16,70001190,70001190,70001190,연보라색 라인 엔틱 3인 소파,1056,0,0,939,3,1,137438953470,-1,137438953470,-1,70001190,0,0,0,0,0,0,0,0,0,51,2,1,0,0
0,70001200,70001200,70001200,딸기생크림 쿠키과자 2인 소파,1056,0,0,513,3,1,137438953470,-1,137438953470,-1,70001200,0,0,0,0,0,0,0,0,0,51,2,1,0,0
16,70001200,70001200,70001200,딸기생크림 쿠키과자 2인 소파,1056,0,0,640,3,1,137438953470,-1,137438953470,-1,70001200,0,0,0,0,0,0,0,0,0,51,2,1,0,0
2/4/6/13/15,70001200,70001200,70001200,딸기생크림 쿠키과자 2인 소파,1056,0,0,939,3,1,137438953470,-1,137438953470,-1,70001200,0,0,0,0,0,0,0,0,0,51,2,1,0,0
0,70001210,70001210,70001210,알록달록 파스텔톤 바퀴 옷장,1060,0,0,513,3,1,137438953470,-1,137438953470,-1,70001210,0,0,0,0,0,0,0,0,0,51,9,1,0,0
2/4/13/15/16,70001210,70001210,70001210,알록달록 파스텔톤 바퀴 옷장,1060,0,0,939,3,1,137438953470,-1,137438953470,-1,70001210,0,0,0,0,0,0,0,0,0,51,9,1,0,0
0,70001220,70001220,70001220,알록달록 짙은붉은빛깔 바퀴 옷장,1060,0,0,513,3,1,137438953470,-1,137438953470,-1,70001220,0,0,0,0,0,0,0,0,0,51,9,1,0,0
2/4/13/15/16,70001220,70001220,70001220,알록달록 짙은붉은빛깔 바퀴 옷장,1060,0,0,939,3,1,137438953470,-1,137438953470,-1,70001220,0,0,0,0,0,0,0,0,0,51,9,1,0,0
0,70001230,70001230,70001230,크래커 과자 옷장,1056,0,0,513,3,1,137438953470,-1,137438953470,-1,70001230,0,0,0,0,0,0,0,0,0,51,9,1,0,0
2/4/6/13/15/16,70001230,70001230,70001230,크래커 과자 옷장,1056,0,0,939,3,1,137438953470,-1,137438953470,-1,70001230,0,0,0,0,0,0,0,0,0,51,9,1,0,0
0,70001240,70001240,70001240,딸기 웨하스 별사탕 과자 금고,1056,0,0,513,3,1,137438953470,-1,137438953470,-1,70001240,0,0,0,0,0,0,0,0,0,51,14,1,0,0
2/4/6/13/15/16,70001240,70001240,70001240,딸기 웨하스 별사탕 과자 금고,1056,0,0,939,3,1,137438953470,-1,137438953470,-1,70001240,0,0,0,0,0,0,0,0,0,51,14,1,0,0
0,70001250,70001250,70001250,튼튼한 가죽 다이얼 금고,1056,0,0,513,3,1,137438953470,-1,137438953470,-1,70001250,0,0,0,0,0,0,0,0,0,51,14,1,0,0
2/4/13/15/16,70001250,70001250,70001250,튼튼한 가죽 다이얼 금고,1056,0,0,939,3,1,137438953470,-1,137438953470,-1,70001250,0,0,0,0,0,0,0,0,0,51,14,1,0,0
0,70001260,70001260,70001260,튼튼한 붉은 체크 플레이트 금고,1056,0,0,513,3,1,137438953470,-1,137438953470,-1,70001260,0,0,0,0,0,0,0,0,0,51,14,1,0,0
2/4/13/15/16,70001260,70001260,70001260,튼튼한 붉은 체크 플레이트 금고,1056,0,0,939,3,1,137438953470,-1,137438953470,-1,70001260,0,0,0,0,0,0,0,0,0,51,14,1,0,0
0,70001270,70001270,70001270,자두맛 눈깔사탕 인테리어 소품,1056,0,0,513,3,1,137438953470,-1,137438953470,-1,70001270,0,0,0,0,0,0,0,0,0,51,23,1,0,0
2/4/13/15/16,70001270,70001270,70001270,자두맛 눈깔사탕 인테리어 소품,1056,0,0,939,3,1,137438953470,-1,137438953470,-1,70001270,0,0,0,0,0,0,0,0,0,51,23,1,0,0
0,70001280,70001280,70001280,사과맛 눈깔사탕 인테리어 소품,1056,0,0,513,3,1,137438953470,-1,137438953470,-1,70001280,0,0,0,0,0,0,0,0,0,51,23,1,0,0
2/4/6/13/15/16,70001280,70001280,70001280,사과맛 눈깔사탕 인테리어 소품,1056,0,0,939,3,1,137438953470,-1,137438953470,-1,70001280,0,0,0,0,0,0,0,0,0,51,23,1,0,0
0,70001290,70001290,70001290,그린 초목이 선인장,1056,0,0,513,3,1,137438953470,-1,137438953470,-1,70001290,0,0,0,0,0,0,0,0,0,51,23,1,0,0
16,70001290,70001290,70001290,그린 초목이 선인장,1056,0,0,640,3,1,137438953470,-1,137438953470,-1,70001290,0,0,0,0,0,0,0,0,0,51,23,1,0,0
2/4/13/15,70001290,70001290,70001290,그린 초목이 선인장,1056,0,0,939,3,1,137438953470,-1,137438953470,-1,70001290,0,0,0,0,0,0,0,0,0,51,23,1,0,0
0,70001300,70001300,70001300,이쁜이 초목이 행운목,1056,0,0,513,3,1,137438953470,-1,137438953470,-1,70001300,0,0,0,0,0,0,0,0,0,51,23,1,0,0
16,70001300,70001300,70001300,이쁜이 초목이 행운목,1056,0,0,640,3,1,137438953470,-1,137438953470,-1,70001300,0,0,0,0,0,0,0,0,0,51,23,1,0,0
2/4/13/15,70001300,70001300,70001300,이쁜이 초목이 행운목,1056,0,0,939,3,1,137438953470,-1,137438953470,-1,70001300,0,0,0,0,0,0,0,0,0,51,23,1,0,0
0,70001310,70001310,70001310,귀염둥이 초목이 행운목,1056,0,0,513,3,1,137438953470,-1,137438953470,-1,70001310,0,0,0,0,0,0,0,0,0,51,23,1,0,0
2/4/13/15/16,70001310,70001310,70001310,귀염둥이 초목이 행운목,1056,0,0,939,3,1,137438953470,-1,137438953470,-1,70001310,0,0,0,0,0,0,0,0,0,51,23,1,0,0
0,70001320,70001320,70001320,프레즐 과자모양 2단 창문,1056,0,0,513,3,1,137438953470,-1,137438953470,-1,70001320,0,0,0,0,0,0,0,0,0,51,12,1,0,0
2/4/6/13/15/16,70001320,70001320,70001320,프레즐 과자모양 2단 창문,1056,0,0,939,3,1,137438953470,-1,137438953470,-1,70001320,0,0,0,0,0,0,0,0,0,51,12,1,0,0
0,70001330,70001330,70001330,치즈쿠키 앵두 거울,1056,0,0,513,3,1,137438953470,-1,137438953470,-1,70001330,0,0,0,0,0,0,0,0,0,51,21,1,0,0
2/4/6/13/15/16,70001330,70001330,70001330,치즈쿠키 앵두 거울,1056,0,0,939,3,1,137438953470,-1,137438953470,-1,70001330,0,0,0,0,0,0,0,0,0,51,21,1,0,0
0,70001340,70001340,70001340,진한 갈색빛깔 큰 거울,1056,0,0,513,3,1,137438953470,-1,137438953470,-1,70001340,0,0,0,0,0,0,0,0,0,51,21,1,0,0
2/4/13/15/16,70001340,70001340,70001340,진한 갈색빛깔 큰 거울,1056,0,0,939,3,1,137438953470,-1,137438953470,-1,70001340,0,0,0,0,0,0,0,0,0,51,21,1,0,0
0,70001350,70001350,70001350,진한 녹색빛깔 큰 거울 ,1056,0,0,513,3,1,137438953470,-1,137438953470,-1,70001350,0,0,0,0,0,0,0,0,0,51,21,1,0,0
2/4/13/15/16,70001350,70001350,70001350,진한 녹색빛깔 큰 거울 ,1056,0,0,939,3,1,137438953470,-1,137438953470,-1,70001350,0,0,0,0,0,0,0,0,0,51,21,1,0,0
0,70001360,70001360,70001360,붉은 벽돌 벽난로,1056,0,0,513,3,1,137438953470,-1,137438953470,-1,70001360,0,0,0,0,0,0,0,0,0,51,19,1,0,0
2/4/13/15/16,70001360,70001360,70001360,붉은 벽돌 벽난로,1056,0,0,939,3,1,137438953470,-1,137438953470,-1,70001360,0,0,0,0,0,0,0,0,0,51,19,1,0,0
0,70001370,70001370,70001370,은은한 자색 벽돌 벽난로,1056,0,0,513,3,1,137438953470,-1,137438953470,-1,70001370,0,0,0,0,0,0,0,0,0,51,19,1,0,0
2/4/13/15/16,70001370,70001370,70001370,은은한 자색 벽돌 벽난로,1056,0,0,939,3,1,137438953470,-1,137438953470,-1,70001370,0,0,0,0,0,0,0,0,0,51,19,1,0,0
0,70001380,70001380,70001380,밀크 초코렛 벽난로,1056,0,0,513,3,1,137438953470,-1,137438953470,-1,70001380,0,0,0,0,0,0,0,0,0,51,19,1,0,0
2/4/6/13/15/16,70001380,70001380,70001380,밀크 초코렛 벽난로,1056,0,0,939,3,1,137438953470,-1,137438953470,-1,70001380,0,0,0,0,0,0,0,0,0,51,19,1,0,0
0,70001390,70001390,70001390,붉은 지붕 2층 벽돌집,8228,0,0,513,3,1,137438953470,-1,137438953470,-1,70001390,70001395,0,0,0,0,0,0,0,0,51,18,1,0,0
2/4/13/15/16,70001390,70001390,70001390,붉은 지붕 2층 벽돌집,8228,0,0,939,3,1,137438953470,-1,137438953470,-1,70001390,70001395,0,0,0,0,0,0,0,0,51,18,1,0,0
0,70001400,70001400,70001400,짙은 파랑색 골드장식 엔틱 화장대,1056,0,0,513,3,1,137438953470,-1,137438953470,-1,70001400,0,0,0,0,0,0,0,0,0,51,8,1,0,0
2/4/13/15/16,70001400,70001400,70001400,짙은 파랑색 골드장식 엔틱 화장대,1056,0,0,939,3,1,137438953470,-1,137438953470,-1,70001400,0,0,0,0,0,0,0,0,0,51,8,1,0,0
0,70001410,70001410,70001410,밝은 갈색 골드장식 엔틱 화장대,1056,0,0,513,3,1,137438953470,-1,137438953470,-1,70001410,0,0,0,0,0,0,0,0,0,51,8,1,0,0
2/4/13/15/16,70001410,70001410,70001410,밝은 갈색 골드장식 엔틱 화장대,1056,0,0,939,3,1,137438953470,-1,137438953470,-1,70001410,0,0,0,0,0,0,0,0,0,51,8,1,0,0
0,70001420,70001420,70001420,살구색 무늬 로만 쉐이드 창문,1056,0,0,513,3,1,137438953470,-1,137438953470,-1,70001420,0,0,0,0,0,0,0,0,0,51,12,1,0,0
2/4/13/15/16,70001420,70001420,70001420,살구색 무늬 로만 쉐이드 창문,1056,0,0,939,3,1,137438953470,-1,137438953470,-1,70001420,0,0,0,0,0,0,0,0,0,51,12,1,0,0
0,70001430,70001430,70001430,핑크색 줄무늬 로만 쉐이드 창문,1056,0,0,513,3,1,137438953470,-1,137438953470,-1,70001430,0,0,0,0,0,0,0,0,0,51,12,1,0,0
2/4/13/15/16,70001430,70001430,70001430,핑크색 줄무늬 로만 쉐이드 창문,1056,0,0,939,3,1,137438953470,-1,137438953470,-1,70001430,0,0,0,0,0,0,0,0,0,51,12,1,0,0
0,70001440,70001440,70001440,블루 목재 티테이블(외부),8224,0,0,513,3,1,137438953470,-1,137438953470,-1,70001440,0,0,0,0,0,0,0,0,0,51,4,1,0,0
2/4/13/15/16,70001440,70001440,70001440,블루 목재 티테이블(외부),8224,0,0,939,3,1,137438953470,-1,137438953470,-1,70001440,0,0,0,0,0,0,0,0,0,51,4,1,0,0
0,70001450,70001450,70001450,붉은갈색빛깔목재 표지판,8228,0,0,513,3,1,137438953470,-1,137438953470,-1,70001450,0,0,0,0,0,0,0,0,0,51,23,1,0,0
2/4/13/15/16,70001450,70001450,70001450,붉은갈색빛깔목재 표지판,8228,0,0,939,3,1,137438953470,-1,137438953470,-1,70001450,0,0,0,0,0,0,0,0,0,51,23,1,0,0
0,70001460,70001460,70001460,크리스마스 벽지,1060,0,0,513,3,1,137438953470,-1,137438953470,-1,70001460,0,0,0,0,0,0,0,0,0,51,10,1,0,0
2/4/13/15/16,70001460,70001460,70001460,크리스마스 벽지,1060,0,0,939,3,1,137438953470,-1,137438953470,-1,70001460,0,0,0,0,0,0,0,0,0,51,10,1,0,0
0,70001470,70001470,70001470,크리스마스 벽난로,1056,0,0,513,3,1,137438953470,-1,137438953470,-1,70001470,0,0,0,0,0,0,0,0,0,51,19,1,0,0
2/4/13/15/16,70001470,70001470,70001470,크리스마스 벽난로,1056,0,0,939,3,1,137438953470,-1,137438953470,-1,70001470,0,0,0,0,0,0,0,0,0,51,19,1,0,0
0,70001480,70001480,70001480,크리스마스 트리,1056,0,0,513,3,1,137438953470,-1,137438953470,-1,70001480,0,0,0,0,0,0,0,0,0,51,23,1,0,0
2/4/13/15/16,70001480,70001480,70001480,크리스마스 트리,1056,0,0,939,3,1,137438953470,-1,137438953470,-1,70001480,0,0,0,0,0,0,0,0,0,51,23,1,0,0
0,70001490,70001490,70001490,크리스마스 창문,1056,0,0,513,3,1,137438953470,-1,137438953470,-1,70001490,0,0,0,0,0,0,0,0,0,51,12,1,0,0
2,70001490,70001490,70001490,크리스마스 창문,1056,0,0,939,3,1,137438953470,-1,137438953470,-1,70001490,0,0,0,0,0,0,0,0,0,51,4,1,0,0
0,70001500,70001500,70001500,투투-T1 철통 메이드 로봇,1056,0,0,513,3,1,137438953470,-1,137438953470,-1,70001500,70001550,0,0,0,0,0,0,0,0,51,22,1,0,0
0,70001510,70001510,70001510,투투-T2 철통 메이드 로봇,1056,0,0,513,3,1,137438953470,-1,137438953470,-1,70001510,70001550,0,0,0,0,0,0,0,0,51,22,1,0,0
0,70001520,70001520,70001520,냥이 메이드,1056,0,0,513,3,1,137438953470,-1,137438953470,-1,70001520,70001550,0,0,0,0,0,0,0,0,51,22,1,0,0
0,70001530,70001530,70001530,옹냥이 메이드,1056,0,0,513,3,1,137438953470,-1,137438953470,-1,70001530,70001550,0,0,0,0,0,0,0,0,51,22,1,0,0
0,70001540,70001540,70001540,메이란 메이드,1056,0,0,513,3,1,137438953470,-1,137438953470,-1,70001540,70001550,0,0,0,0,0,0,0,0,51,22,1,0,0
0,70001560,70001560,70001560,평수 확장권(200x200),1060,0,0,513,3,1,137438953470,-1,137438953470,-1,70001560,70001565,0,0,0,0,0,0,0,0,51,18,1,0,0
2/4/13/15/16,70001560,70001560,70001560,평수 확장권(200x200),1060,0,0,939,3,1,137438953470,-1,137438953470,-1,70001560,70001565,0,0,0,0,0,0,0,0,51,18,1,0,0
0,70001570,70001570,70001570,평수 확장권(240x240),1060,0,0,513,3,1,137438953470,-1,137438953470,-1,70001570,70001575,0,0,0,0,0,0,0,0,51,18,1,0,0
16,70001570,70001570,70001570,평수 확장권(240x240),1060,0,0,640,3,1,137438953470,-1,137438953470,-1,70001570,70001575,0,0,0,0,0,0,0,0,51,18,1,0,0
2/4/13/15,70001570,70001570,70001570,평수 확장권(240x240),1060,0,0,939,3,1,137438953470,-1,137438953470,-1,70001570,70001575,0,0,0,0,0,0,0,0,51,18,1,0,0
0,70001580,70001580,70001580,평수 확장권(280x280),1060,0,0,513,3,1,137438953470,-1,137438953470,-1,70001580,70001585,0,0,0,0,0,0,0,0,51,18,1,0,0
2/4/13/15/16,70001580,70001580,70001580,평수 확장권(280x280),1060,0,0,939,3,1,137438953470,-1,137438953470,-1,70001580,70001585,0,0,0,0,0,0,0,0,51,18,1,0,0
0,70001590,70001590,70001590,평수 확장권(320x320),1060,0,0,513,3,1,137438953470,-1,137438953470,-1,70001590,70001595,0,0,0,0,0,0,0,0,51,18,1,0,0
2/4/13/15/16,70001590,70001590,70001590,평수 확장권(320x320),1060,0,0,939,3,1,137438953470,-1,137438953470,-1,70001590,70001595,0,0,0,0,0,0,0,0,51,18,1,0,0
0,70001600,70001600,70001600,빌보트3세 집사,1056,0,0,513,3,1,137438953470,-1,137438953470,-1,70001600,70001550,0,0,0,0,0,0,0,0,51,22,1,0,0
0,70001640,70001640,70001640,푸얀 금 트로피,1056,0,0,513,3,1,137438953470,-1,137438953470,-1,70001640,0,0,0,0,0,0,0,0,0,51,4,1,0,0
0,70001650,70001650,70001650,푸얀 은 트로피,1056,0,0,513,3,1,137438953470,-1,137438953470,-1,70001650,0,0,0,0,0,0,0,0,0,51,4,1,0,0
0,70001660,70001660,70001660,푸얀 동 트로피,1056,0,0,513,3,1,137438953470,-1,137438953470,-1,70001660,0,0,0,0,0,0,0,0,0,51,4,1,0,0
0,70001670,70001670,70001670,핑 마오 금 트로피,1056,0,0,513,3,1,137438953470,-1,137438953470,-1,70001670,0,0,0,0,0,0,0,0,0,51,4,1,0,0
0,70001680,70001680,70001680,핑 마오 은 트로피,1056,0,0,513,3,1,137438953470,-1,137438953470,-1,70001680,0,0,0,0,0,0,0,0,0,51,4,1,0,0
0,70001690,70001690,70001690,핑 마오 동 트로피,1056,0,0,513,3,1,137438953470,-1,137438953470,-1,70001690,0,0,0,0,0,0,0,0,0,51,4,1,0,0
0,70001700,70001700,70001700,레오 금 트로피,1056,0,0,513,3,1,137438953470,-1,137438953470,-1,70001700,0,0,0,0,0,0,0,0,0,51,4,1,0,0
0,70001710,70001710,70001710,레오 은 트로피,1056,0,0,513,3,1,137438953470,-1,137438953470,-1,70001710,0,0,0,0,0,0,0,0,0,51,4,1,0,0
0,70001720,70001720,70001720,레오 동 트로피,1056,0,0,513,3,1,137438953470,-1,137438953470,-1,70001720,0,0,0,0,0,0,0,0,0,51,4,1,0,0
0,70001730,70001730,70001730,[직업생산] 가공선반,1056,0,0,43,3,1,137438953470,-1,137438953470,-1,70001730,0,0,0,0,0,0,0,0,0,51,4,1,0,0
0,70001740,70001740,70001740,[직업생산] 제련기,1056,0,0,43,3,1,137438953470,-1,137438953470,-1,70001740,0,0,0,0,0,0,0,0,0,51,4,1,0,0
0,70001750,70001750,70001750,[직업생산] 텃밭,1056,0,0,43,3,1,137438953470,-1,137438953470,-1,70001750,0,0,0,0,0,0,0,0,0,51,4,1,0,0
0,70001760,70001760,70001760,[직업생산] 수족관,1056,0,0,43,3,1,137438953470,-1,137438953470,-1,70001760,0,0,0,0,0,0,0,0,0,51,4,1,0,0
0,70001770,70001770,70001770,[직업생산] 보석세공기,1056,0,0,43,3,1,137438953470,-1,137438953470,-1,70001770,0,0,0,0,0,0,0,0,0,51,4,1,0,0
0,70001780,70001780,70001780,1주년 액자(일본)2011년컨텐츠,1056,0,0,897,3,1,137438953470,-1,137438953470,-1,70001780,0,0,0,0,0,0,0,0,0,51,17,1,0,0
3,70001780,70001800,70001800,2주년 액자(일본)2011년컨텐츠,1056,0,0,897,3,1,137438953470,-1,137438953470,-1,70001800,0,0,0,0,0,0,0,0,0,51,4,1,0,0
0,70001790,70001790,70001790,1주년 동상(일본)2011년컨텐츠,1056,0,0,897,3,1,137438953470,-1,137438953470,-1,70001790,0,0,0,0,0,0,0,0,0,51,4,1,0,0
0,70001810,70001810,70001810,1주년 액자(일본)2011년컨텐츠,1056,0,0,1,3,1,137438953470,-1,137438953470,-1,70001810,0,0,0,0,0,0,0,0,0,51,17,1,0,0
0,70001820,70001820,70001820,1주년 동상(일본)2011년컨텐츠,1056,0,0,1,3,1,137438953470,-1,137438953470,-1,70001820,0,0,0,0,0,0,0,0,0,51,4,1,0,0
0,299604560,299604560,299604560,크리스마스 트리,1056,0,0,513,3,1,137438953470,-1,137438953470,-1,299604560,0,0,0,0,0,0,0,0,0,51,23,1,0,0
0,299604570,299604570,299604570,크리스마스 벽난로 (가구),1056,0,0,513,3,1,137438953470,-1,137438953470,-1,299604570,0,0,0,0,0,0,0,0,0,51,19,1,0,0
0,299604580,299604580,299604580,크리스마스 창문 (가구),1056,0,0,513,3,1,137438953470,-1,137438953470,-1,299604580,0,0,0,0,0,0,0,0,0,51,19,1,0,0
