SkillNo,Level,NameNo,RscNameNo,ActionName,Memo,Type,ClassLimit,DraClassLimit,LevelLimit,WeaponLimit,StateLimit,ParentSkill,Target,Range,CastTime,CoolTime,AnimationTime,MP,HP,EffectID,Abil01,Abil02,Abil03,Abil04,Abil05,Abil06,Abil07,Abil08,Abil09,Abil10,CmdStringNo,f_ActionCategory
80000001,1,80000001,80000001,0,경험치 공유,3,536870910,137438953470,0,0,0,80000001,1024,0,0,0,0,0,0,80000001,80000001,0,20820,0,0,0,0,0,0,0,0,0
80000101,1,80000101,80000101,0,이건 내꺼,3,0,0,0,0,0,80000101,1,150,0,0,0,0,0,80000101,80000101,0,20820,0,0,0,0,0,0,0,0,0
80000102,2,80000101,80000101,0,이건 내꺼,3,0,0,0,0,0,80000101,1,180,0,0,0,0,0,80000102,80000102,0,20820,0,0,0,0,0,0,0,0,0
80000103,3,80000101,80000101,0,이건 내꺼,3,0,0,0,0,0,80000101,1,210,0,0,0,0,0,80000103,80000103,0,20820,0,0,0,0,0,0,0,0,0
80000104,4,80000101,80000101,0,이건 내꺼,3,0,0,0,0,0,80000101,1,240,0,0,0,0,0,80000104,80000104,0,20820,0,0,0,0,0,0,0,0,0
80000105,5,80000101,80000101,0,이건 내꺼,3,0,0,0,0,0,80000101,1,270,0,0,0,0,0,80000105,80000105,0,20820,0,0,0,0,0,0,0,0,0
80000201,1,80000201,80000201,0,같이 늙어가는 처지,3,0,0,0,0,0,80000201,1,0,0,0,0,0,0,80000201,80000201,0,20820,0,0,0,0,0,0,0,0,0
80000202,2,80000201,80000201,0,같이 늙어가는 처지,3,0,0,0,0,0,80000201,1,0,0,0,0,0,0,80000202,80000202,0,20820,0,0,0,0,0,0,0,0,0
80000203,3,80000201,80000201,0,같이 늙어가는 처지,3,0,0,0,0,0,80000201,1,0,0,0,0,0,0,80000203,80000203,0,20820,0,0,0,0,0,0,0,0,0
80000204,4,80000201,80000201,0,같이 늙어가는 처지,3,0,0,0,0,0,80000201,1,0,0,0,0,0,0,80000204,80000204,0,20820,0,0,0,0,0,0,0,0,0
80000205,5,80000201,80000201,0,같이 늙어가는 처지,3,0,0,0,0,0,80000201,1,0,0,0,0,0,0,80000205,80000205,0,20820,0,0,0,0,0,0,0,0,0
80000301,1,80000301,80000301,0,사자의 힘,3,0,0,0,0,0,80000301,1024,0,0,0,0,0,0,80000301,80000301,0,20820,0,0,0,0,0,0,0,0,0
80000302,2,80000301,80000301,0,사자의 힘,3,0,0,0,0,0,80000301,1024,0,0,0,0,0,0,80000302,80000302,0,20820,0,0,0,0,0,0,0,0,0
80000303,3,80000301,80000301,0,사자의 힘,3,0,0,0,0,0,80000301,1024,0,0,0,0,0,0,80000303,80000303,0,20820,0,0,0,0,0,0,0,0,0
80000304,4,80000301,80000301,0,사자의 힘,3,0,0,0,0,0,80000301,1024,0,0,0,0,0,0,80000304,80000304,0,20820,0,0,0,0,0,0,0,0,0
80000305,5,80000301,80000301,0,사자의 힘,3,0,0,0,0,0,80000301,1024,0,0,0,0,0,0,80000305,80000305,0,20820,0,0,0,0,0,0,0,0,0
80000401,1,80000401,80000401,a_lucky_strike,행운의 일격,2,0,0,0,0,0,80000401,1024,0,0,1000,0,0,0,80000401,80000401,0,20820,0,0,0,0,0,80005100,0,0,0
80000402,2,80000401,80000401,a_lucky_strike,행운의 일격,2,0,0,0,0,0,80000401,1024,0,0,1000,0,0,0,80000402,80000402,0,20820,0,0,0,0,0,80005100,0,0,0
80000403,3,80000401,80000401,a_lucky_strike,행운의 일격,2,0,0,0,0,0,80000401,1024,0,0,1000,0,0,0,80000403,80000403,0,20820,0,0,0,0,0,80005100,0,0,0
80000404,4,80000401,80000401,a_lucky_strike,행운의 일격,2,0,0,0,0,0,80000401,1024,0,0,1000,0,0,0,80000404,80000404,0,20820,0,0,0,0,0,80005100,0,0,0
80000405,5,80000401,80000401,a_lucky_strike,행운의 일격,2,0,0,0,0,0,80000401,1024,0,0,1000,0,0,0,80000405,80000405,0,20820,0,0,0,0,0,80005100,0,0,0
80000501,1,80000501,80000501,a_titanium_body,금강 불괴,2,0,0,0,0,0,80000501,1024,0,0,1000,0,0,0,80000501,80000501,0,20820,0,0,0,0,0,80005100,0,0,0
80000502,2,80000501,80000501,a_titanium_body,금강 불괴,2,0,0,0,0,0,80000501,1024,0,0,1000,0,0,0,80000502,80000502,0,20820,0,0,0,0,0,80005100,0,0,0
80000503,3,80000501,80000501,a_titanium_body,금강 불괴,2,0,0,0,0,0,80000501,1024,0,0,1000,0,0,0,80000503,80000503,0,20820,0,0,0,0,0,80005100,0,0,0
80000504,4,80000501,80000501,a_titanium_body,금강 불괴,2,0,0,0,0,0,80000501,1024,0,0,1000,0,0,0,80000504,80000504,0,20820,0,0,0,0,0,80005100,0,0,0
80000505,5,80000501,80000501,a_titanium_body,금강 불괴,2,0,0,0,0,0,80000501,1024,0,0,1000,0,0,0,80000505,80000505,0,20820,0,0,0,0,0,80005100,0,0,0
80000601,1,80000601,80000601,a_lions_tooth,사자의 이빨,2,0,0,0,0,0,80000601,1024,0,0,1000,0,0,0,80000601,80000601,0,20820,0,80001001,0,0,0,80005100,0,0,0
80000602,2,80000601,80000601,a_lions_tooth,사자의 이빨,2,0,0,0,0,0,80000601,1024,0,0,1000,0,0,0,80000602,80000602,0,20820,0,80001001,0,0,0,80005100,0,0,0
80000603,3,80000601,80000601,a_lions_tooth,사자의 이빨,2,0,0,0,0,0,80000601,1024,0,0,1000,0,0,0,80000603,80000603,0,20820,0,80001001,0,0,0,80005100,0,0,0
80000604,4,80000601,80000601,a_lions_tooth,사자의 이빨,2,0,0,0,0,0,80000601,1024,0,0,1000,0,0,0,80000604,80000604,0,20820,0,80001001,0,0,0,80005100,0,0,0
80000605,5,80000601,80000601,a_lions_tooth,사자의 이빨,2,0,0,0,0,0,80000601,1024,0,0,1000,0,0,0,80000605,80000605,0,20820,0,80001001,0,0,0,80005100,0,0,0
80000701,1,80000701,80000701,a_gold_rush,골드 러쉬,2,0,0,0,0,0,80000701,2,74,0,1000,0,0,0,0,80000701,0,20820,0,80001001,0,0,0,80005100,0,0,0
80000702,2,80000701,80000701,a_gold_rush,골드 러쉬,2,0,0,0,0,0,80000701,2,74,0,1000,0,0,0,0,80000702,0,20820,0,80001001,0,0,0,80005100,0,0,0
80000703,3,80000701,80000701,a_gold_rush,골드 러쉬,2,0,0,0,0,0,80000701,2,74,0,1000,0,0,0,0,80000703,0,20820,0,80001001,0,0,0,80005100,0,0,0
80000704,4,80000701,80000701,a_gold_rush,골드 러쉬,2,0,0,0,0,0,80000701,2,74,0,1000,0,0,0,0,80000704,0,20820,0,80001001,0,0,0,80005100,0,0,0
80000705,5,80000701,80000701,a_gold_rush,골드 러쉬,2,0,0,0,0,0,80000701,2,74,0,1000,0,0,0,0,80000705,0,20820,0,80001001,0,0,0,80005100,0,0,0
80000801,1,80000801,80000801,a_heavy_dash,묵직한 대쉬,2,0,0,0,0,0,80000801,2,120,0,5000,2000,20,0,100011506,80000801,0,20820,80004102,80001001,0,0,0,80005100,0,0,0
80000802,2,80000801,80000801,a_heavy_dash,묵직한 대쉬,2,0,0,0,0,0,80000801,2,120,0,5000,2000,40,0,100011507,80000802,0,20820,80004102,80001001,0,0,0,80005100,0,0,0
80000803,3,80000801,80000801,a_heavy_dash,묵직한 대쉬,2,0,0,0,0,0,80000801,2,120,0,5000,2000,60,0,100011508,80000803,0,20820,80004102,80001001,0,0,0,80005100,0,0,0
80000804,4,80000801,80000801,a_heavy_dash,묵직한 대쉬,2,0,0,0,0,0,80000801,2,120,0,5000,2000,80,0,100011509,80000804,0,20820,80004102,80001001,0,0,0,80005100,0,0,0
80000805,5,80000801,80000801,a_heavy_dash,묵직한 대쉬,2,0,0,0,0,0,80000801,2,120,0,5000,2000,100,0,100011510,80000805,0,20820,80004102,80001001,0,0,0,80005100,0,0,0
80000901,1,80000901,80000901,a_lions_crying,사자후,2,0,0,0,0,0,80000901,2,80,0,5000,1000,20,0,101020101,80000901,0,20820,80004103,80001001,0,0,0,80005100,0,0,0
80000902,2,80000901,80000901,a_lions_crying,사자후,2,0,0,0,0,0,80000901,2,80,0,5000,1000,40,0,101020102,80000902,0,20820,80004103,80001001,0,0,0,80005100,0,0,0
80000903,3,80000901,80000901,a_lions_crying,사자후,2,0,0,0,0,0,80000901,2,80,0,5000,1000,60,0,101020103,80000903,0,20820,80004103,80001001,0,0,0,80005100,0,0,0
80000904,4,80000901,80000901,a_lions_crying,사자후,2,0,0,0,0,0,80000901,2,80,0,5000,1000,80,0,101020104,80000904,0,20820,80004103,80001001,0,0,0,80005100,0,0,0
80000905,5,80000901,80000901,a_lions_crying,사자후,2,0,0,0,0,0,80000901,2,80,0,5000,1000,100,0,101020105,80000905,0,20820,80004103,80001001,0,0,0,80005100,0,0,0
80001001,1,80001001,80001001,a_run_pet,a_run_pet,1,0,0,0,0,0,0,0,0,0,0,0,0,0,0,0,0,20820,0,0,0,0,0,0,0,0,0
80001002,1,80001002,80001002,a_pet_opening,a_pet_opening,1,0,0,0,0,0,0,0,0,0,0,0,0,0,0,0,0,20820,0,0,0,0,0,0,0,0,0
80001101,1,80001101,80001101,0,간호,3,536870910,137438953470,0,0,0,80001101,1,0,0,0,0,0,0,80001101,80001101,0,20820,0,0,0,0,0,0,0,0,0
80001102,2,80001101,80001101,0,간호,3,536870910,137438953470,0,0,0,80001101,1,0,0,0,0,0,0,80001102,80001102,0,20820,0,0,0,0,0,0,0,0,0
80001103,3,80001101,80001101,0,간호,3,536870910,137438953470,0,0,0,80001101,1,0,0,0,0,0,0,80001103,80001103,0,20820,0,0,0,0,0,0,0,0,0
80001104,4,80001101,80001101,0,간호,3,536870910,137438953470,0,0,0,80001101,1,0,0,0,0,0,0,80001104,80001104,0,20820,0,0,0,0,0,0,0,0,0
80001105,5,80001101,80001101,0,간호,3,536870910,137438953470,0,0,0,80001101,1,0,0,0,0,0,0,80001105,80001105,0,20820,0,0,0,0,0,0,0,0,0
80001201,1,80001201,80001201,0,포션증대,3,536870910,137438953470,0,0,0,80001201,1024,0,0,0,0,0,0,80001201,80001201,0,20820,0,0,0,0,0,0,0,0,0
80001202,2,80001201,80001201,0,포션증대,3,536870910,137438953470,0,0,0,80001201,1024,0,0,0,0,0,0,80001202,80001202,0,20820,0,0,0,0,0,0,0,0,0
80001203,3,80001201,80001201,0,포션증대,3,536870910,137438953470,0,0,0,80001201,1024,0,0,0,0,0,0,80001203,80001203,0,20820,0,0,0,0,0,0,0,0,0
80001204,4,80001201,80001201,0,포션증대,3,536870910,137438953470,0,0,0,80001201,1024,0,0,0,0,0,0,80001204,80001204,0,20820,0,0,0,0,0,0,0,0,0
80001205,5,80001201,80001201,0,포션증대,3,536870910,137438953470,0,0,0,80001201,1024,0,0,0,0,0,0,80001205,80001205,0,20820,0,0,0,0,0,0,0,0,0
80001301,1,80001301,80001301,a_thunderbolt,낙뇌 (푸얀 기본 공격),2,0,0,0,0,0,80001301,2,144,0,1000,1000,0,0,80001301,80001301,0,20820,80004103,80001001,20904,0,0,80005100,0,0,0
80001302,2,80001301,80001301,a_thunderbolt,낙뇌 (푸얀 기본 공격),2,0,0,0,0,0,80001301,2,144,0,1000,1000,0,0,80001302,80001302,0,20820,80004103,80001001,20904,0,0,80005100,0,0,0
80001303,3,80001301,80001301,a_thunderbolt,낙뇌 (푸얀 기본 공격),2,0,0,0,0,0,80001301,2,144,0,1000,1000,0,0,80001303,80001303,0,20820,80004103,80001001,20904,0,0,80005100,0,0,0
80001304,4,80001301,80001301,a_thunderbolt,낙뇌 (푸얀 기본 공격),2,0,0,0,0,0,80001301,2,144,0,1000,1000,0,0,80001304,80001304,0,20820,80004103,80001001,20904,0,0,80005100,0,0,0
80001305,5,80001301,80001301,a_thunderbolt,낙뇌 (푸얀 기본 공격),2,0,0,0,0,0,80001301,2,144,0,1000,1000,0,0,80001305,80001305,0,20820,80004103,80001001,20904,0,0,80005100,0,0,0
80001401,1,80001401,80001401,a_fire_ball_pet,파이어볼 (핑 마오 기본공격),2,0,0,0,0,0,80001401,2,144,0,1000,1000,0,0,80001401,80001401,0,20820,80004105,80001001,0,0,0,80005100,0,0,0
80001402,2,80001401,80001401,a_fire_ball_pet,파이어볼 (핑 마오 기본공격),2,0,0,0,0,0,80001401,2,144,0,1000,1000,0,0,80001401,80001402,0,20820,80004105,80001001,0,0,0,80005100,0,0,0
80001403,3,80001401,80001401,a_fire_ball_pet,파이어볼 (핑 마오 기본공격),2,0,0,0,0,0,80001401,2,144,0,1000,1000,0,0,80001401,80001403,0,20820,80004105,80001001,0,0,0,80005100,0,0,0
80001404,4,80001401,80001401,a_fire_ball_pet,파이어볼 (핑 마오 기본공격),2,0,0,0,0,0,80001401,2,144,0,1000,1000,0,0,80001401,80001404,0,20820,80004105,80001001,0,0,0,80005100,0,0,0
80001405,5,80001401,80001401,a_fire_ball_pet,파이어볼 (핑 마오 기본공격),2,0,0,0,0,0,80001401,2,144,0,1000,1000,0,0,80001401,80001405,0,20820,80004105,80001001,0,0,0,80005100,0,0,0
80001501,1,80001501,80001501,a_bite_off,물어뜯기(레오기본 공격),2,0,0,0,0,0,80001501,2,80,0,1000,1000,0,0,80001501,80001501,0,20820,80004102,80001001,0,0,0,80005100,0,0,0
80001502,2,80001501,80001501,a_bite_off,물어뜯기(레오기본 공격),2,0,0,0,0,0,80001501,2,80,0,1000,1000,0,0,80001502,80001502,0,20820,80004102,80001001,0,0,0,80005100,0,0,0
80001503,3,80001501,80001501,a_bite_off,물어뜯기(레오기본 공격),2,0,0,0,0,0,80001501,2,80,0,1000,1000,0,0,80001503,80001503,0,20820,80004102,80001001,0,0,0,80005100,0,0,0
80001504,4,80001501,80001501,a_bite_off,물어뜯기(레오기본 공격),2,0,0,0,0,0,80001501,2,80,0,1000,1000,0,0,80001504,80001504,0,20820,80004102,80001001,0,0,0,80005100,0,0,0
80001505,5,80001501,80001501,a_bite_off,물어뜯기(레오기본 공격),2,0,0,0,0,0,80001501,2,80,0,1000,1000,0,0,80001505,80001505,0,20820,80004102,80001001,0,0,0,80005100,0,0,0
80001601,1,80001601,80001601,a_poison_cloud_a,푸얀_포이즌 클라우드,2,0,0,0,0,0,80001601,2,100,0,15000,1000,70,0,0,80001601,0,20820,0,0,0,0,0,80005100,0,0,0
80001602,2,80001601,80001601,a_poison_cloud_a,푸얀_포이즌 클라우드,2,0,0,0,0,0,80001601,2,100,0,15000,1000,130,0,0,80001602,0,20820,0,0,0,0,0,80005100,0,0,0
80001603,3,80001601,80001601,a_poison_cloud_a,푸얀_포이즌 클라우드,2,0,0,0,0,0,80001601,2,100,0,15000,1000,230,0,0,80001603,0,20820,0,0,0,0,0,80005100,0,0,0
80001604,4,80001601,80001601,a_poison_cloud_a,푸얀_포이즌 클라우드,2,0,0,0,0,0,80001601,2,100,0,15000,1000,0,0,0,80001604,0,20820,0,0,0,0,0,80005100,0,0,0
80001605,5,80001601,80001601,a_poison_cloud_a,푸얀_포이즌 클라우드,2,0,0,0,0,0,80001601,2,100,0,15000,1000,0,0,0,80001605,0,20820,0,0,0,0,0,80005100,0,0,0
80001701,1,80001601,80001601,a_poison_cloud_b,핑마오_포이즌 클라우드,2,0,0,0,0,0,80001701,2,100,0,15000,1000,70,0,0,80001701,0,20820,0,0,0,0,0,80005100,0,0,0
80001702,2,80001601,80001601,a_poison_cloud_b,핑마오_포이즌 클라우드,2,0,0,0,0,0,80001701,2,100,0,15000,1000,130,0,0,80001702,0,20820,0,0,0,0,0,80005100,0,0,0
80001703,3,80001601,80001601,a_poison_cloud_b,핑마오_포이즌 클라우드,2,0,0,0,0,0,80001701,2,100,0,15000,1000,230,0,0,80001703,0,20820,0,0,0,0,0,80005100,0,0,0
80001704,4,80001601,80001601,a_poison_cloud_b,핑마오_포이즌 클라우드,2,0,0,0,0,0,80001701,2,100,0,15000,1000,0,0,0,80001704,0,20820,0,0,0,0,0,80005100,0,0,0
80001705,5,80001601,80001601,a_poison_cloud_b,핑마오_포이즌 클라우드,2,0,0,0,0,0,80001701,2,100,0,15000,1000,0,0,0,80001705,0,20820,0,0,0,0,0,80005100,0,0,0
80001801,1,80001601,80001601,a_poison_cloud_c,레오_포이즌 클라우드,2,0,0,0,0,0,80001801,2,100,0,15000,1000,70,0,0,80001801,0,20820,0,0,0,0,0,80005100,0,0,0
80001802,2,80001601,80001601,a_poison_cloud_c,레오_포이즌 클라우드,2,0,0,0,0,0,80001801,2,100,0,15000,1000,130,0,0,80001802,0,20820,0,0,0,0,0,80005100,0,0,0
80001803,3,80001601,80001601,a_poison_cloud_c,레오_포이즌 클라우드,2,0,0,0,0,0,80001801,2,100,0,15000,1000,230,0,0,80001803,0,20820,0,0,0,0,0,80005100,0,0,0
80001804,4,80001601,80001601,a_poison_cloud_c,레오_포이즌 클라우드,2,0,0,0,0,0,80001801,2,100,0,15000,1000,0,0,0,80001804,0,20820,0,0,0,0,0,80005100,0,0,0
80001805,5,80001601,80001601,a_poison_cloud_c,레오_포이즌 클라우드,2,0,0,0,0,0,80001801,2,100,0,15000,1000,0,0,0,80001805,0,20820,0,0,0,0,0,80005100,0,0,0
80001901,1,80001901,80001901,a_rolling_a,휠 윈드_푸얀,2,0,0,0,0,0,80001901,2,144,0,8000,2000,90,0,80001901,80001901,0,20820,80004102,80001001,0,0,0,80005100,0,0,0
80001902,2,80001901,80001901,a_rolling_a,휠 윈드_푸얀,2,0,0,0,0,0,80001901,2,144,0,8000,2000,150,0,80001902,80001902,0,20820,80004102,80001001,0,0,0,80005100,0,0,0
80001903,3,80001901,80001901,a_rolling_a,휠 윈드_푸얀,2,0,0,0,0,0,80001901,2,144,0,8000,2000,280,0,80001903,80001903,0,20820,80004102,80001001,0,0,0,80005100,0,0,0
80001904,4,80001901,80001901,a_rolling_a,휠 윈드_푸얀,2,0,0,0,0,0,80001901,2,144,0,8000,2000,0,0,80001904,80001904,0,20820,80004102,80001001,0,0,0,80005100,0,0,0
80001905,5,80001901,80001901,a_rolling_a,휠 윈드_푸얀,2,0,0,0,0,0,80001901,2,144,0,8000,2000,0,0,80001905,80001905,0,20820,80004102,80001001,0,0,0,80005100,0,0,0
80002001,1,80001901,80001901,a_rolling_b,휠 윈드_핑마오,2,0,0,0,0,0,80002001,2,144,0,8000,2000,90,0,80001901,80002001,0,20820,80004102,80001001,0,0,0,80005100,0,0,0
80002002,2,80001901,80001901,a_rolling_b,휠 윈드_핑마오,2,0,0,0,0,0,80002001,2,144,0,8000,2000,150,0,80001902,80002002,0,20820,80004102,80001001,0,0,0,80005100,0,0,0
80002003,3,80001901,80001901,a_rolling_b,휠 윈드_핑마오,2,0,0,0,0,0,80002001,2,144,0,8000,2000,280,0,80001903,80002003,0,20820,80004102,80001001,0,0,0,80005100,0,0,0
80002004,4,80001901,80001901,a_rolling_b,휠 윈드_핑마오,2,0,0,0,0,0,80002001,2,144,0,8000,2000,0,0,80001904,80002004,0,20820,80004102,80001001,0,0,0,80005100,0,0,0
80002005,5,80001901,80001901,a_rolling_b,휠 윈드_핑마오,2,0,0,0,0,0,80002001,2,144,0,8000,2000,0,0,80001905,80002005,0,20820,80004102,80001001,0,0,0,80005100,0,0,0
80002101,1,80001901,80001901,a_rolling_c,휠 윈드_레오,2,0,0,0,0,0,80002101,2,144,0,8000,2000,90,0,80001901,80002101,0,20820,80004102,80001001,0,0,0,80005100,0,0,0
80002102,2,80001901,80001901,a_rolling_c,휠 윈드_레오,2,0,0,0,0,0,80002101,2,144,0,8000,2000,150,0,80001902,80002102,0,20820,80004102,80001001,0,0,0,80005100,0,0,0
80002103,3,80001901,80001901,a_rolling_c,휠 윈드_레오,2,0,0,0,0,0,80002101,2,144,0,8000,2000,280,0,80001903,80002103,0,20820,80004102,80001001,0,0,0,80005100,0,0,0
80002104,4,80001901,80001901,a_rolling_c,휠 윈드_레오,2,0,0,0,0,0,80002101,2,144,0,8000,2000,0,0,80001904,80002104,0,20820,80004102,80001001,0,0,0,80005100,0,0,0
80002105,5,80001901,80001901,a_rolling_c,휠 윈드_레오,2,0,0,0,0,0,80002101,2,144,0,8000,2000,0,0,80001905,80002105,0,20820,80004102,80001001,0,0,0,80005100,0,0,0
80002201,1,80002201,80002201,a_dark_cloud_a,푸얀_다크 클라우드,2,0,0,0,0,0,80002201,2,100,0,25000,1000,160,0,0,80002201,0,20820,0,0,0,0,0,80005100,0,0,0
80002202,2,80002201,80002201,a_dark_cloud_a,푸얀_다크 클라우드,2,0,0,0,0,0,80002201,2,100,0,25000,1000,280,0,0,80002202,0,20820,0,0,0,0,0,80005100,0,0,0
80002203,3,80002201,80002201,a_dark_cloud_a,푸얀_다크 클라우드,2,0,0,0,0,0,80002201,2,100,0,25000,1000,0,0,0,80002203,0,20820,0,0,0,0,0,80005100,0,0,0
80002204,4,80002201,80002201,a_dark_cloud_a,푸얀_다크 클라우드,2,0,0,0,0,0,80002201,2,100,0,25000,1000,0,0,0,80002204,0,20820,0,0,0,0,0,80005100,0,0,0
80002205,5,80002201,80002201,a_dark_cloud_a,푸얀_다크 클라우드,2,0,0,0,0,0,80002201,2,100,0,25000,1000,0,0,0,80002205,0,20820,0,0,0,0,0,80005100,0,0,0
80002301,1,80002201,80002201,a_dark_cloud_b,핑마오_다크 클라우드,2,0,0,0,0,0,80002301,2,100,0,25000,1000,160,0,0,80002301,0,20820,0,0,0,0,0,80005100,0,0,0
80002302,2,80002201,80002201,a_dark_cloud_b,핑마오_다크 클라우드,2,0,0,0,0,0,80002301,2,100,0,25000,1000,280,0,0,80002302,0,20820,0,0,0,0,0,80005100,0,0,0
80002303,3,80002201,80002201,a_dark_cloud_b,핑마오_다크 클라우드,2,0,0,0,0,0,80002301,2,100,0,25000,1000,0,0,0,80002303,0,20820,0,0,0,0,0,80005100,0,0,0
80002304,4,80002201,80002201,a_dark_cloud_b,핑마오_다크 클라우드,2,0,0,0,0,0,80002301,2,100,0,25000,1000,0,0,0,80002304,0,20820,0,0,0,0,0,80005100,0,0,0
80002305,5,80002201,80002201,a_dark_cloud_b,핑마오_다크 클라우드,2,0,0,0,0,0,80002301,2,100,0,25000,1000,0,0,0,80002305,0,20820,0,0,0,0,0,80005100,0,0,0
80002401,1,80002201,80002201,a_dark_cloud_c,레오_다크 클라우드,2,0,0,0,0,0,80002401,2,100,0,25000,1000,160,0,0,80002401,0,20820,0,0,0,0,0,80005100,0,0,0
80002402,2,80002201,80002201,a_dark_cloud_c,레오_다크 클라우드,2,0,0,0,0,0,80002401,2,100,0,25000,1000,280,0,0,80002402,0,20820,0,0,0,0,0,80005100,0,0,0
80002403,3,80002201,80002201,a_dark_cloud_c,레오_다크 클라우드,2,0,0,0,0,0,80002401,2,100,0,25000,1000,0,0,0,80002403,0,20820,0,0,0,0,0,80005100,0,0,0
80002404,4,80002201,80002201,a_dark_cloud_c,레오_다크 클라우드,2,0,0,0,0,0,80002401,2,100,0,25000,1000,0,0,0,80002404,0,20820,0,0,0,0,0,80005100,0,0,0
80002405,5,80002201,80002201,a_dark_cloud_c,레오_다크 클라우드,2,0,0,0,0,0,80002401,2,100,0,25000,1000,0,0,0,80002405,0,20820,0,0,0,0,0,80005100,0,0,0
80002501,1,80002501,80002501,a_body_bump_a,푸얀_몸통 부딪히기,2,0,0,0,0,0,80002501,2,100,0,20000,2000,200,0,80002501,80002501,0,20820,80004102,80001001,0,0,0,80005100,0,0,0
80002502,2,80002501,80002501,a_body_bump_a,푸얀_몸통 부딪히기,2,0,0,0,0,0,80002501,2,100,0,20000,2000,300,0,80002502,80002502,0,20820,80004102,80001001,0,0,0,80005100,0,0,0
80002503,3,80002501,80002501,a_body_bump_a,푸얀_몸통 부딪히기,2,0,0,0,0,0,80002501,2,100,0,20000,2000,0,0,80002503,80002503,0,20820,80004102,80001001,0,0,0,80005100,0,0,0
80002504,4,80002501,80002501,a_body_bump_a,푸얀_몸통 부딪히기,2,0,0,0,0,0,80002501,2,100,0,20000,2000,0,0,80002504,80002504,0,20820,80004102,80001001,0,0,0,80005100,0,0,0
80002505,5,80002501,80002501,a_body_bump_a,푸얀_몸통 부딪히기,2,0,0,0,0,0,80002501,2,100,0,20000,2000,0,0,80002505,80002505,0,20820,80004102,80001001,0,0,0,80005100,0,0,0
80002506,5,80002501,80002501,a_body_bump_a,푸얀_몸통 부딪히기-신규,2,0,0,0,0,0,80002501,2,100,0,20000,2000,0,0,80002505,80002506,0,20820,80004102,80001001,0,0,0,80005100,0,0,0
80002601,1,80002501,80002501,a_body_bump_b,핑마오_몸통 부딪히기,2,0,0,0,0,0,80002601,2,100,0,20000,2000,200,0,80002501,80002601,0,20820,80004102,80001001,0,0,0,80005100,0,0,0
80002602,2,80002501,80002501,a_body_bump_b,핑마오_몸통 부딪히기,2,0,0,0,0,0,80002601,2,100,0,20000,2000,300,0,80002502,80002602,0,20820,80004102,80001001,0,0,0,80005100,0,0,0
80002603,3,80002501,80002501,a_body_bump_b,핑마오_몸통 부딪히기,2,0,0,0,0,0,80002601,2,100,0,20000,2000,0,0,80002503,80002603,0,20820,80004102,80001001,0,0,0,80005100,0,0,0
80002604,4,80002501,80002501,a_body_bump_b,핑마오_몸통 부딪히기,2,0,0,0,0,0,80002601,2,100,0,20000,2000,0,0,80002504,80002604,0,20820,80004102,80001001,0,0,0,80005100,0,0,0
80002605,5,80002501,80002501,a_body_bump_b,핑마오_몸통 부딪히기,2,0,0,0,0,0,80002601,2,100,0,20000,2000,0,0,80002505,80002605,0,20820,80004102,80001001,0,0,0,80005100,0,0,0
80002701,1,80002501,80002501,a_body_bump_c,레오_몸통 부딪히기,2,0,0,0,0,0,80002701,2,100,0,20000,2000,200,0,80002501,80002701,0,20820,80004102,80001001,0,0,0,80005100,0,0,0
80002702,2,80002501,80002501,a_body_bump_c,레오_몸통 부딪히기,2,0,0,0,0,0,80002701,2,100,0,20000,2000,300,0,80002502,80002702,0,20820,80004102,80001001,0,0,0,80005100,0,0,0
80002703,3,80002501,80002501,a_body_bump_c,레오_몸통 부딪히기,2,0,0,0,0,0,80002701,2,100,0,20000,2000,0,0,80002503,80002703,0,20820,80004102,80001001,0,0,0,80005100,0,0,0
80002704,4,80002501,80002501,a_body_bump_c,레오_몸통 부딪히기,2,0,0,0,0,0,80002701,2,100,0,20000,2000,0,0,80002504,80002704,0,20820,80004102,80001001,0,0,0,80005100,0,0,0
80002705,5,80002501,80002501,a_body_bump_c,레오_몸통 부딪히기,2,0,0,0,0,0,80002701,2,100,0,20000,2000,0,0,80002505,80002705,0,20820,80004102,80001001,0,0,0,80005100,0,0,0
80002801,1,80002801,80002801,a_blizzard_pet_a,푸얀_블리자드,2,0,0,0,0,0,80002801,2,100,0,180000,1000,750,0,100010410,80002801,0,20820,80004105,80001001,0,0,0,80005100,0,0,0
80002802,2,80002801,80002801,a_blizzard_pet_a,푸얀_블리자드,2,0,0,0,0,0,80002801,2,100,0,180000,1000,0,0,100010411,80002802,0,20820,80004105,80001001,0,0,0,80005100,0,0,0
80002803,3,80002801,80002801,a_blizzard_pet_a,푸얀_블리자드,2,0,0,0,0,0,80002801,2,100,0,180000,1000,0,0,100010412,80002803,0,20820,80004105,80001001,0,0,0,80005100,0,0,0
80002804,4,80002801,80002801,a_blizzard_pet_a,푸얀_블리자드,2,0,0,0,0,0,80002801,2,100,0,180000,1000,0,0,100010413,80002804,0,20820,80004105,80001001,0,0,0,80005100,0,0,0
80002805,5,80002801,80002801,a_blizzard_pet_a,푸얀_블리자드,2,0,0,0,0,0,80002801,2,100,0,180000,1000,0,0,100010414,80002805,0,20820,80004105,80001001,0,0,0,80005100,0,0,0
80002901,1,80002801,80002801,a_blizzard_pet_b,핑마오_블리자드,2,0,0,0,0,0,80002901,2,100,0,180000,1000,750,0,100010410,80002901,0,20820,80004105,80001001,0,0,0,80005100,0,0,0
80002902,2,80002801,80002801,a_blizzard_pet_b,핑마오_블리자드,2,0,0,0,0,0,80002901,2,100,0,180000,1000,0,0,100010411,80002902,0,20820,80004105,80001001,0,0,0,80005100,0,0,0
80002903,3,80002801,80002801,a_blizzard_pet_b,핑마오_블리자드,2,0,0,0,0,0,80002901,2,100,0,180000,1000,0,0,100010412,80002903,0,20820,80004105,80001001,0,0,0,80005100,0,0,0
80002904,4,80002801,80002801,a_blizzard_pet_b,핑마오_블리자드,2,0,0,0,0,0,80002901,2,100,0,180000,1000,0,0,100010413,80002904,0,20820,80004105,80001001,0,0,0,80005100,0,0,0
80002905,5,80002801,80002801,a_blizzard_pet_b,핑마오_블리자드,2,0,0,0,0,0,80002901,2,100,0,180000,1000,0,0,100010414,80002905,0,20820,80004105,80001001,0,0,0,80005100,0,0,0
80003001,1,80002801,80002801,a_blizzard_pet_c,레오_블리자드,2,0,0,0,0,0,80003001,2,100,0,180000,1000,750,0,100010410,80003001,0,20820,80004105,80001001,0,0,0,80005100,0,0,0
80003002,2,80002801,80002801,a_blizzard_pet_c,레오_블리자드,2,0,0,0,0,0,80003001,2,100,0,180000,1000,0,0,100010411,80003002,0,20820,80004105,80001001,0,0,0,80005100,0,0,0
80003003,3,80002801,80002801,a_blizzard_pet_c,레오_블리자드,2,0,0,0,0,0,80003001,2,100,0,180000,1000,0,0,100010412,80003003,0,20820,80004105,80001001,0,0,0,80005100,0,0,0
80003004,4,80002801,80002801,a_blizzard_pet_c,레오_블리자드,2,0,0,0,0,0,80003001,2,100,0,180000,1000,0,0,100010413,80003004,0,20820,80004105,80001001,0,0,0,80005100,0,0,0
80003005,5,80002801,80002801,a_blizzard_pet_c,레오_블리자드,2,0,0,0,0,0,80003001,2,100,0,180000,1000,0,0,100010414,80003005,0,20820,80004105,80001001,0,0,0,80005100,0,0,0
80003101,1,80003101,80003101,a_meteor_pet_a,푸얀_메테오,2,0,0,0,0,0,80003101,2,100,0,300000,1000,1000,0,100011010,80003101,0,20820,80004105,80001001,0,0,0,80005100,0,0,0
80003102,2,80003101,80003101,a_meteor_pet_a,푸얀_메테오,2,0,0,0,0,0,80003101,0,100,0,300000,1000,0,0,100011011,80003102,0,20820,80004105,80001001,0,0,0,80005100,0,0,0
80003103,3,80003101,80003101,a_meteor_pet_a,푸얀_메테오,2,0,0,0,0,0,80003101,2,100,0,300000,1000,0,0,100011012,80003103,0,20820,80004105,80001001,0,0,0,80005100,0,0,0
80003104,4,80003101,80003101,a_meteor_pet_a,푸얀_메테오,2,0,0,0,0,0,80003101,2,100,0,300000,1000,0,0,100011013,80003104,0,20820,80004105,80001001,0,0,0,80005100,0,0,0
80003105,5,80003101,80003101,a_meteor_pet_a,푸얀_메테오,2,0,0,0,0,0,80003101,2,100,0,300000,1000,0,0,100011014,80003105,0,20820,80004105,80001001,0,0,0,80005100,0,0,0
80003201,1,80003101,80003101,a_meteor_pet_b,핑마오_메테오,2,0,0,0,0,0,80003201,2,100,0,300000,1000,1000,0,100011010,80003201,0,20820,80004105,80001001,0,0,0,80005100,0,0,0
80003202,2,80003101,80003101,a_meteor_pet_b,핑마오_메테오,2,0,0,0,0,0,80003201,2,100,0,300000,1000,0,0,100011011,80003202,0,20820,80004105,80001001,0,0,0,80005100,0,0,0
80003203,3,80003101,80003101,a_meteor_pet_b,핑마오_메테오,2,0,0,0,0,0,80003201,2,100,0,300000,1000,0,0,100011012,80003203,0,20820,80004105,80001001,0,0,0,80005100,0,0,0
80003204,4,80003101,80003101,a_meteor_pet_b,핑마오_메테오,2,0,0,0,0,0,80003201,2,100,0,300000,1000,0,0,100011013,80003204,0,20820,80004105,80001001,0,0,0,80005100,0,0,0
80003205,5,80003101,80003101,a_meteor_pet_b,핑마오_메테오,2,0,0,0,0,0,80003201,2,100,0,300000,1000,0,0,100011014,80003205,0,20820,80004105,80001001,0,0,0,80005100,0,0,0
80003301,1,80003101,80003101,a_meteor_pet_c,레오_메테오,2,0,0,0,0,0,80003301,2,100,0,300000,1000,1000,0,100011010,80003301,0,20820,80004105,80001001,0,0,0,80005100,0,0,0
80003302,2,80003101,80003101,a_meteor_pet_c,레오_메테오,2,0,0,0,0,0,80003301,2,100,0,300000,1000,0,0,100011011,80003302,0,20820,80004105,80001001,0,0,0,80005100,0,0,0
80003303,3,80003101,80003101,a_meteor_pet_c,레오_메테오,2,0,0,0,0,0,80003301,2,100,0,300000,1000,0,0,100011012,80003303,0,20820,80004105,80001001,0,0,0,80005100,0,0,0
80003304,4,80003101,80003101,a_meteor_pet_c,레오_메테오,2,0,0,0,0,0,80003301,2,100,0,300000,1000,0,0,100011013,80003304,0,20820,80004105,80001001,0,0,0,80005100,0,0,0
80003305,5,80003101,80003101,a_meteor_pet_c,레오_메테오,2,0,0,0,0,0,80003301,2,100,0,300000,1000,0,0,100011014,80003305,0,20820,80004105,80001001,0,0,0,80005100,0,0,0
80003401,1,80003401,80003401,0,경험치 추가,3,536870910,137438953470,0,0,0,80003401,1024,0,0,0,0,0,0,80003401,80003401,0,20820,0,0,0,0,0,0,0,0,0
80003501,1,0,0,a_poison_cloud_play_a,포이즌 클라우드(펫 소환용),2,0,0,0,0,0,80003501,2,50,0,1000,0,0,0,100010706,80003501,0,20820,20923,80001001,0,0,0,80005100,0,0,0
80003502,2,0,0,a_poison_cloud_play_a,포이즌 클라우드(펫 소환용),2,0,0,0,0,0,80003501,2,50,0,1000,0,0,0,100010707,80003502,0,20820,20923,80001001,0,0,0,80005100,0,0,0
80003503,3,0,0,a_poison_cloud_play_a,포이즌 클라우드(펫 소환용),2,0,0,0,0,0,80003501,2,50,0,1000,0,0,0,100010708,80003503,0,20820,20923,80001001,0,0,0,80005100,0,0,0
80003504,4,0,0,a_poison_cloud_play_a,포이즌 클라우드(펫 소환용),2,0,0,0,0,0,80003501,2,50,0,1000,0,0,0,100010709,80003504,0,20820,20923,80001001,0,0,0,80005100,0,0,0
80003505,5,0,0,a_poison_cloud_play_a,포이즌 클라우드(펫 소환용),2,0,0,0,0,0,80003501,2,50,0,1000,0,0,0,100010710,80003505,0,20820,20923,80001001,0,0,0,80005100,0,0,0
80003801,1,0,0,a_dark_cloud_play_a,다크 클라우드(펫 소환용),2,0,0,0,0,0,80003801,2,50,0,1000,0,0,0,101020106,80003801,0,20820,20923,80001001,0,0,0,80005100,0,0,0
80003802,2,0,0,a_dark_cloud_play_a,다크 클라우드(펫 소환용),2,0,0,0,0,0,80003801,2,50,0,1000,0,0,0,101020107,80003802,0,20820,20923,80001001,0,0,0,80005100,0,0,0
80003803,3,0,0,a_dark_cloud_play_a,다크 클라우드(펫 소환용),2,0,0,0,0,0,80003801,2,50,0,1000,0,0,0,101020108,80003803,0,20820,20923,80001001,0,0,0,80005100,0,0,0
80003804,4,0,0,a_dark_cloud_play_a,다크 클라우드(펫 소환용),2,0,0,0,0,0,80003801,2,50,0,1000,0,0,0,101020109,80003804,0,20820,20923,80001001,0,0,0,80005100,0,0,0
80003805,5,0,0,a_dark_cloud_play_a,다크 클라우드(펫 소환용),2,0,0,0,0,0,80003801,2,50,0,1000,0,0,0,101020110,80003805,0,20820,20923,80001001,0,0,0,80005100,0,0,0
80004101,1,80004101,80004101,a_aionoff,자동 공격,4,0,0,0,0,0,80004101,1,0,0,0,0,0,0,80004101,80004101,0,20820,0,0,0,0,0,0,0,0,0
80004201,1,80004201,80004201,a_mount,승하차 스킬 Lv1(250%),4,0,0,0,0,0,80004201,1024,0,0,1000,0,0,0,80004201,80004201,0,20820,0,0,0,0,0,0,0,0,0
80004202,2,80004201,80004201,a_mount,승하차 스킬 Lv2(300%),4,0,0,0,0,0,80004201,1024,0,0,1000,0,0,0,80004202,80004202,0,20820,0,0,0,0,0,0,0,0,0
80004203,3,80004201,80004201,a_mount,승하차 스킬 Lv3(350%),4,0,0,0,0,0,80004201,1024,0,0,1000,0,0,0,80004203,80004203,0,20820,0,0,0,0,0,0,0,0,0
80004204,4,80004201,80004201,a_mount,승하차 스킬 Lv4(400%),4,0,0,0,0,0,80004201,1024,0,0,1000,0,0,0,80004204,80004204,0,20820,0,0,0,0,0,0,0,0,0
80004205,5,80004201,80004201,a_mount,승하차 스킬 Lv5(450%),4,0,0,0,0,0,80004201,1024,0,0,1000,0,0,0,80004205,80004205,0,20820,0,0,0,0,0,0,0,0,0
80004301,1,80004301,80004301,a_pet_melee_01,탑승 공격(근접공격) 1Lv,2,0,0,0,0,0,80004301,2,140,0,500,500,0,0,0,80004301,0,20820,80004102,80001501,0,0,0,0,0,0,0
80004302,2,80004301,80004301,a_pet_melee_01,탑승 공격(근접공격) 2Lv,2,0,0,0,0,0,80004301,2,140,0,500,500,0,0,0,80004302,0,20820,80004102,80001501,0,0,0,0,0,0,0
80004303,3,80004301,80004301,a_pet_melee_01,탑승 공격(근접공격) 3Lv,2,0,0,0,0,0,80004301,2,140,0,500,500,0,0,0,80004303,0,20820,80004102,80001501,0,0,0,0,0,0,0
80004304,4,80004301,80004301,a_pet_melee_01,탑승 공격(근접공격) 4Lv,2,0,0,0,0,0,80004301,2,140,0,500,500,0,0,0,80004304,0,20820,80004102,80001501,0,0,0,0,0,0,0
80004305,5,80004301,80004301,a_pet_melee_01,탑승 공격(근접공격) 5Lv,2,0,0,0,0,0,80004301,2,140,0,500,500,0,0,0,80004305,0,20820,80004102,80001501,0,0,0,0,0,0,0
80004401,1,80004401,80004401,a_pet_melee_02,탑승 공격(연출용),2,0,0,0,0,0,80004401,2,140,0,500,500,0,0,0,80004401,0,20820,80004102,80004411,0,0,0,0,0,0,0
80004402,2,80004401,80004401,a_pet_melee_02,탑승 공격(연출용),2,0,0,0,0,0,80004401,2,140,0,500,500,0,0,0,80004402,0,20820,80004102,80004412,0,0,0,0,0,0,0
80004403,3,80004401,80004401,a_pet_melee_02,탑승 공격(연출용),2,0,0,0,0,0,80004401,2,140,0,500,500,0,0,0,80004403,0,20820,80004102,80004413,0,0,0,0,0,0,0
80004404,4,80004401,80004401,a_pet_melee_02,탑승 공격(연출용),2,0,0,0,0,0,80004401,2,140,0,500,500,0,0,0,80004404,0,20820,80004102,80004414,0,0,0,0,0,0,0
80004405,5,80004401,80004401,a_pet_melee_02,탑승 공격(연출용),2,0,0,0,0,0,80004401,2,140,0,500,500,0,0,0,80004405,0,20820,80004102,80004415,0,0,0,0,0,0,0
80004501,1,80004501,80004501,a_taurine_support,타우린 서포트 1Lv,2,0,0,0,0,0,80004501,1024,140,0,300000,1000,0,0,0,80004501,0,20820,0,0,0,0,0,80005100,0,0,0
80004502,2,80004501,80004501,a_taurine_support,타우린 서포트 2Lv,2,0,0,0,0,0,80004501,1024,140,0,300000,1000,0,0,0,80004502,0,20820,0,0,0,0,0,80005100,0,0,0
80004503,3,80004501,80004501,a_taurine_support,타우린 서포트 3Lv,2,0,0,0,0,0,80004501,1024,140,0,300000,1000,0,0,0,80004503,0,20820,0,0,0,0,0,80005100,0,0,0
80004504,4,80004501,80004501,a_taurine_support,타우린 서포트 4Lv,2,0,0,0,0,0,80004501,1024,140,0,300000,1000,0,0,0,80004504,0,20820,0,0,0,0,0,80005100,0,0,0
80004505,5,80004501,80004501,a_taurine_support,타우린 서포트 5Lv,2,0,0,0,0,0,80004501,1024,140,0,300000,1000,0,0,0,80004505,0,20820,0,0,0,0,0,80005100,0,0,0
80004506,6,80004501,80004501,a_taurine_support,타우린 서포트 6Lv,2,0,0,0,0,0,80004501,1024,140,0,300000,1000,0,0,0,80004506,0,20820,0,0,0,0,0,80005100,0,0,0
80004507,7,80004501,80004501,a_taurine_support,타우린 서포트 7Lv,2,0,0,0,0,0,80004501,1024,140,0,300000,1000,0,0,0,80004507,0,20820,0,0,0,0,0,80005100,0,0,0
80004508,8,80004501,80004501,a_taurine_support,타우린 서포트 8Lv,2,0,0,0,0,0,80004501,1024,140,0,300000,1000,0,0,0,80004508,0,20820,0,0,0,0,0,80005100,0,0,0
80004509,9,80004501,80004501,a_taurine_support,타우린 서포트 9Lv,2,0,0,0,0,0,80004501,1024,140,0,300000,1000,0,0,0,80004509,0,20820,0,0,0,0,0,80005100,0,0,0
80004510,10,80004501,80004501,a_taurine_support,타우린 서포트 10Lv,2,0,0,0,0,0,80004501,1024,140,0,300000,1000,0,0,0,80004510,0,20820,0,0,0,0,0,80005100,0,0,0
80004601,1,80004601,80004601,a_hurricane,허리캐인,2,0,0,0,0,0,80004601,2,144,0,5000,1000,0,0,80004601,80004601,0,20820,0,80001001,0,0,0,80005100,0,0,0
80004602,2,80004601,80004601,a_hurricane,허리캐인,2,0,0,0,0,0,80004601,2,144,0,5000,1000,0,0,80004601,80004602,0,20820,0,80001001,0,0,0,80005100,0,0,0
80004603,3,80004601,80004601,a_hurricane,허리캐인,2,0,0,0,0,0,80004601,2,144,0,5000,1000,0,0,80004601,80004603,0,20820,0,80001001,0,0,0,80005100,0,0,0
80004604,4,80004601,80004601,a_hurricane,허리캐인,2,0,0,0,0,0,80004601,2,144,0,5000,1000,0,0,80004601,80004604,0,20820,0,80001001,0,0,0,80005100,0,0,0
80004605,5,80004601,80004601,a_hurricane,허리캐인,2,0,0,0,0,0,80004601,2,144,0,5000,1000,0,0,80004601,80004605,0,20820,0,80001001,0,0,0,80005100,0,0,0
80004606,6,80004601,80004601,a_hurricane,허리캐인,2,0,0,0,0,0,80004601,2,144,0,5000,1000,0,0,80004601,80004606,0,20820,0,80001001,0,0,0,80005100,0,0,0
80004607,7,80004601,80004601,a_hurricane,허리캐인,2,0,0,0,0,0,80004601,2,144,0,5000,1000,0,0,80004601,80004607,0,20820,0,80001001,0,0,0,80005100,0,0,0
80004608,8,80004601,80004601,a_hurricane,허리캐인,2,0,0,0,0,0,80004601,2,144,0,5000,1000,0,0,80004601,80004608,0,20820,0,80001001,0,0,0,80005100,0,0,0
80004609,9,80004601,80004601,a_hurricane,허리캐인,2,0,0,0,0,0,80004601,2,144,0,5000,1000,0,0,80004601,80004609,0,20820,0,80001001,0,0,0,80005100,0,0,0
80004610,10,80004601,80004601,a_hurricane,허리캐인,2,0,0,0,0,0,80004601,2,144,0,5000,1000,0,0,80004601,80004610,0,20820,0,80001001,0,0,0,80005100,0,0,0
80004701,1,80004701,80004701,a_food_drop,펫 푸드낙하(펫 버프) Lv1,2,0,0,0,0,0,80004701,1,0,0,20000,0,0,0,80004701,80004701,0,20820,0,0,0,0,0,80005100,0,0,0
80004702,2,80004701,80004701,a_food_drop,펫 푸드낙하(펫 버프) Lv2,2,0,0,0,0,0,80004701,1,0,0,20000,0,0,0,80004702,80004702,0,20820,0,0,0,0,0,80005100,0,0,0
80004703,3,80004701,80004701,a_food_drop,펫 푸드낙하(펫 버프) Lv3,2,0,0,0,0,0,80004701,1,0,0,20000,0,0,0,80004703,80004703,0,20820,0,0,0,0,0,80005100,0,0,0
80004704,4,80004701,80004701,a_food_drop,펫 푸드낙하(펫 버프) Lv4,2,0,0,0,0,0,80004701,1,0,0,20000,0,0,0,80004704,80004704,0,20820,0,0,0,0,0,80005100,0,0,0
80004705,5,80004701,80004701,a_food_drop,펫 푸드낙하(펫 버프) Lv5,2,0,0,0,0,0,80004701,1,0,0,20000,0,0,0,80004705,80004705,0,20820,0,0,0,0,0,80005100,0,0,0
80004706,6,80004701,80004701,a_food_drop,펫 푸드낙하(펫 버프) Lv6,2,0,0,0,0,0,80004701,1,0,0,20000,0,0,0,80004706,80004706,0,20820,0,0,0,0,0,80005100,0,0,0
80004707,7,80004701,80004701,a_food_drop,펫 푸드낙하(펫 버프) Lv7,2,0,0,0,0,0,80004701,1,0,0,20000,0,0,0,80004707,80004707,0,20820,0,0,0,0,0,80005100,0,0,0
80004708,8,80004701,80004701,a_food_drop,펫 푸드낙하(펫 버프) Lv8,2,0,0,0,0,0,80004701,1,0,0,20000,0,0,0,80004708,80004708,0,20820,0,0,0,0,0,80005100,0,0,0
80004709,9,80004701,80004701,a_food_drop,펫 푸드낙하(펫 버프) Lv9,2,0,0,0,0,0,80004701,1,0,0,20000,0,0,0,80004709,80004709,0,20820,0,0,0,0,0,80005100,0,0,0
80004710,10,80004701,80004701,a_food_drop,펫 푸드낙하(펫 버프) Lv10,2,0,0,0,0,0,80004701,1,0,0,20000,0,0,0,80004710,80004710,0,20820,0,0,0,0,0,80005100,0,0,0
80004801,1,80004801,80004801,a_frozen_cloud,프로즌 클라우드(발동),2,0,0,0,0,0,80004801,1,100,0,30000,1000,0,0,80004801,80004801,0,20820,0,0,0,0,0,80005100,0,0,0
80004802,2,80004801,80004801,a_frozen_cloud,프로즌 클라우드(발동),2,0,0,0,0,0,80004801,1,100,0,30000,1000,0,0,80004802,80004802,0,20820,0,0,0,0,0,80005100,0,0,0
80004803,3,80004801,80004801,a_frozen_cloud,프로즌 클라우드(발동),2,0,0,0,0,0,80004801,1,100,0,30000,1000,0,0,80004803,80004803,0,20820,0,0,0,0,0,80005100,0,0,0
80004804,4,80004801,80004801,a_frozen_cloud,프로즌 클라우드(발동),2,0,0,0,0,0,80004801,1,100,0,30000,1000,0,0,80004804,80004804,0,20820,0,0,0,0,0,80005100,0,0,0
80004805,5,80004801,80004801,a_frozen_cloud,프로즌 클라우드(발동),2,0,0,0,0,0,80004801,1,100,0,30000,1000,0,0,80004805,80004805,0,20820,0,0,0,0,0,80005100,0,0,0
80004901,1,80004901,92000201,0,프로즌 클라우드(디법),3,0,0,0,0,0,80004901,2,100,0,0,0,0,0,80004901,80004901,0,20820,0,0,0,0,0,0,0,0,0
80004902,2,80004901,92000201,0,프로즌 클라우드(디법),3,0,0,0,0,0,80004901,2,100,0,0,0,0,0,80004902,80004902,0,20820,0,0,0,0,0,0,0,0,0
80004903,3,80004901,92000201,0,프로즌 클라우드(디법),3,0,0,0,0,0,80004901,2,100,0,0,0,0,0,80004903,80004903,0,20820,0,0,0,0,0,0,0,0,0
80004904,4,80004901,92000201,0,프로즌 클라우드(디법),3,0,0,0,0,0,80004901,2,100,0,0,0,0,0,80004904,80004904,0,20820,0,0,0,0,0,0,0,0,0
80004905,5,80004901,92000201,0,프로즌 클라우드(디법),3,0,0,0,0,0,80004901,2,100,0,0,0,0,0,80004905,80004905,0,20820,0,0,0,0,0,0,0,0,0
80004906,6,80004901,92000201,0,프로즌 클라우드(디법),3,0,0,0,0,0,80004901,2,100,0,0,0,0,0,80004906,80004906,0,20820,0,0,0,0,0,0,0,0,0
80004907,7,80004901,92000201,0,프로즌 클라우드(디법),3,0,0,0,0,0,80004901,2,100,0,0,0,0,0,80004907,80004907,0,20820,0,0,0,0,0,0,0,0,0
80004908,8,80004901,92000201,0,프로즌 클라우드(디법),3,0,0,0,0,0,80004901,2,100,0,0,0,0,0,80004908,80004908,0,20820,0,0,0,0,0,0,0,0,0
80004909,9,80004901,92000201,0,프로즌 클라우드(디법),3,0,0,0,0,0,80004901,2,100,0,0,0,0,0,80004909,80004909,0,20820,0,0,0,0,0,0,0,0,0
80004910,10,80004901,92000201,0,프로즌 클라우드(디법),3,0,0,0,0,0,80004901,2,100,0,0,0,0,0,80004910,80004910,0,20820,0,0,0,0,0,0,0,0,0
80005001,1,80005001,80005001,a_hurricane,허리캐인,2,0,0,0,0,0,80005001,2,144,0,5000,1000,0,0,80004601,80004601,0,20820,0,80001001,0,0,0,80005100,0,0,0
80005002,2,80005001,80005001,a_hurricane,허리캐인,2,0,0,0,0,0,80005001,2,144,0,5000,1000,0,0,80004601,80004602,0,20820,0,80001001,0,0,0,80005100,0,0,0
80005003,3,80005001,80005001,a_hurricane,허리캐인,2,0,0,0,0,0,80005001,2,144,0,5000,1000,0,0,80004601,80004603,0,20820,0,80001001,0,0,0,80005100,0,0,0
80005004,4,80005001,80005001,a_hurricane,허리캐인,2,0,0,0,0,0,80005001,2,144,0,5000,1000,0,0,80004601,80004604,0,20820,0,80001001,0,0,0,80005100,0,0,0
80005005,5,80005001,80005001,a_hurricane,허리캐인,2,0,0,0,0,0,80005001,2,144,0,5000,1000,0,0,80004601,80004605,0,20820,0,80001001,0,0,0,80005100,0,0,0
80005006,6,80005001,80005001,a_hurricane,허리캐인,2,0,0,0,0,0,80005001,2,144,0,5000,1000,0,0,80004601,80004606,0,20820,0,80001001,0,0,0,80005100,0,0,0
80005007,7,80005001,80005001,a_hurricane,허리캐인,2,0,0,0,0,0,80005001,2,144,0,5000,1000,0,0,80004601,80004607,0,20820,0,80001001,0,0,0,80005100,0,0,0
80005008,8,80005001,80005001,a_hurricane,허리캐인,2,0,0,0,0,0,80005001,2,144,0,5000,1000,0,0,80004601,80004608,0,20820,0,80001001,0,0,0,80005100,0,0,0
80005009,9,80005001,80005001,a_hurricane,허리캐인,2,0,0,0,0,0,80005001,2,144,0,5000,1000,0,0,80004601,80004609,0,20820,0,80001001,0,0,0,80005100,0,0,0
80005010,10,80005001,80005001,a_hurricane,허리캐인,2,0,0,0,0,0,80005001,2,144,0,5000,1000,0,0,80004601,80004610,0,20820,0,80001001,0,0,0,80005100,0,0,0
80005101,1,80005101,80005101,a_fire_cloud,파이어 클라우드(발동),2,0,0,0,0,0,80005101,1,100,0,30000,1000,0,0,80005101,80005101,0,20820,0,0,0,0,0,80005100,0,0,0
80005102,2,80005101,80005101,a_fire_cloud,파이어 클라우드(발동),2,0,0,0,0,0,80005101,1,100,0,30000,1000,0,0,80005102,80005102,0,20820,0,0,0,0,0,80005100,0,0,0
80005103,3,80005101,80005101,a_fire_cloud,파이어 클라우드(발동),2,0,0,0,0,0,80005101,1,100,0,30000,1000,0,0,80005103,80005103,0,20820,0,0,0,0,0,80005100,0,0,0
80005104,4,80005101,80005101,a_fire_cloud,파이어 클라우드(발동),2,0,0,0,0,0,80005101,1,100,0,30000,1000,0,0,80005104,80005104,0,20820,0,0,0,0,0,80005100,0,0,0
80005105,5,80005101,80005101,a_fire_cloud,파이어 클라우드(발동),2,0,0,0,0,0,80005101,1,100,0,30000,1000,0,0,80005105,80005105,0,20820,0,0,0,0,0,80005100,0,0,0
80005106,6,80005101,80005101,a_fire_cloud,파이어 클라우드(발동),2,0,0,0,0,0,80005101,1,100,0,30000,1000,0,0,80005106,80005106,0,20820,0,0,0,0,0,80005100,0,0,0
80005107,7,80005101,80005101,a_fire_cloud,파이어 클라우드(발동),2,0,0,0,0,0,80005101,1,100,0,30000,1000,0,0,80005107,80005107,0,20820,0,0,0,0,0,80005100,0,0,0
80005108,8,80005101,80005101,a_fire_cloud,파이어 클라우드(발동),2,0,0,0,0,0,80005101,1,100,0,30000,1000,0,0,80005108,80005108,0,20820,0,0,0,0,0,80005100,0,0,0
80005109,9,80005101,80005101,a_fire_cloud,파이어 클라우드(발동),2,0,0,0,0,0,80005101,1,100,0,30000,1000,0,0,80005109,80005109,0,20820,0,0,0,0,0,80005100,0,0,0
80005110,10,80005101,80005101,a_fire_cloud,파이어 클라우드(발동),2,0,0,0,0,0,80005101,1,100,0,30000,1000,0,0,80005110,80005110,0,20820,0,0,0,0,0,80005100,0,0,0
80005201,1,80005201,92000201,0,파이어 클라우드(디법),3,0,0,0,0,0,80005201,2,100,0,0,0,0,0,80005201,80005201,0,20820,0,0,0,0,0,0,0,0,0
80005202,2,80005201,92000201,0,파이어 클라우드(디법),3,0,0,0,0,0,80005201,2,100,0,0,0,0,0,80005202,80005202,0,20820,0,0,0,0,0,0,0,0,0
80005203,3,80005201,92000201,0,파이어 클라우드(디법),3,0,0,0,0,0,80005201,2,100,0,0,0,0,0,80005203,80005203,0,20820,0,0,0,0,0,0,0,0,0
80005204,4,80005201,92000201,0,파이어 클라우드(디법),3,0,0,0,0,0,80005201,2,100,0,0,0,0,0,80005204,80005204,0,20820,0,0,0,0,0,0,0,0,0
80005205,5,80005201,92000201,0,파이어 클라우드(디법),3,0,0,0,0,0,80005201,2,100,0,0,0,0,0,80005205,80005205,0,20820,0,0,0,0,0,0,0,0,0
80005206,6,80005201,92000201,0,파이어 클라우드(디법),3,0,0,0,0,0,80005201,2,100,0,0,0,0,0,80005206,80005206,0,20820,0,0,0,0,0,0,0,0,0
80005207,7,80005201,92000201,0,파이어 클라우드(디법),3,0,0,0,0,0,80005201,2,100,0,0,0,0,0,80005207,80005207,0,20820,0,0,0,0,0,0,0,0,0
80005208,8,80005201,92000201,0,파이어 클라우드(디법),3,0,0,0,0,0,80005201,2,100,0,0,0,0,0,80005208,80005208,0,20820,0,0,0,0,0,0,0,0,0
80005209,9,80005201,92000201,0,파이어 클라우드(디법),3,0,0,0,0,0,80005201,2,100,0,0,0,0,0,80005209,80005209,0,20820,0,0,0,0,0,0,0,0,0
80005210,10,80005201,92000201,0,파이어 클라우드(디법),3,0,0,0,0,0,80005201,2,100,0,0,0,0,0,80005210,80005210,0,20820,0,0,0,0,0,0,0,0,0
80005301,1,80005301,80005301,a_fire_hurricane,파이어 허리캐인,2,0,0,0,0,0,80005301,2,144,0,5000,1000,0,0,80005301,80005301,0,20820,0,80001001,0,0,0,80005100,0,0,0
80005302,2,80005301,80005301,a_fire_hurricane,파이어 허리캐인,2,0,0,0,0,0,80005301,2,144,0,5000,1000,0,0,80005301,80005302,0,20820,0,80001001,0,0,0,80005100,0,0,0
80005303,3,80005301,80005301,a_fire_hurricane,파이어 허리캐인,2,0,0,0,0,0,80005301,2,144,0,5000,1000,0,0,80005301,80005303,0,20820,0,80001001,0,0,0,80005100,0,0,0
80005304,4,80005301,80005301,a_fire_hurricane,파이어 허리캐인,2,0,0,0,0,0,80005301,2,144,0,5000,1000,0,0,80005301,80005304,0,20820,0,80001001,0,0,0,80005100,0,0,0
80005305,5,80005301,80005301,a_fire_hurricane,파이어 허리캐인,2,0,0,0,0,0,80005301,2,144,0,5000,1000,0,0,80005301,80005305,0,20820,0,80001001,0,0,0,80005100,0,0,0
80005306,6,80005301,80005301,a_fire_hurricane,파이어 허리캐인,2,0,0,0,0,0,80005301,2,144,0,5000,1000,0,0,80005301,80005306,0,20820,0,80001001,0,0,0,80005100,0,0,0
80005307,7,80005301,80005301,a_fire_hurricane,파이어 허리캐인,2,0,0,0,0,0,80005301,2,144,0,5000,1000,0,0,80005301,80005307,0,20820,0,80001001,0,0,0,80005100,0,0,0
80005308,8,80005301,80005301,a_fire_hurricane,파이어 허리캐인,2,0,0,0,0,0,80005301,2,144,0,5000,1000,0,0,80005301,80005308,0,20820,0,80001001,0,0,0,80005100,0,0,0
80005309,9,80005301,80005301,a_fire_hurricane,파이어 허리캐인,2,0,0,0,0,0,80005301,2,144,0,5000,1000,0,0,80005301,80005309,0,20820,0,80001001,0,0,0,80005100,0,0,0
80005310,10,80005301,80005301,a_fire_hurricane,파이어 허리캐인,2,0,0,0,0,0,80005301,2,144,0,5000,1000,0,0,80005301,80005310,0,20820,0,80001001,0,0,0,80005100,0,0,0
80005401,1,80005401,80005401,a_tiger_buff,라이거(펫 버프) Lv1,2,0,0,0,0,0,80005401,2,200,0,10000,0,0,0,101020101,80005401,0,20820,0,0,0,0,0,80005100,0,0,0
80005402,2,80005402,80005401,a_tiger_buff,라이거(펫 버프) Lv2,2,0,0,0,0,0,80005401,2,200,0,10000,0,0,0,101020102,80005402,0,20820,0,0,0,0,0,80005100,0,0,0
80005403,3,80005403,80005401,a_tiger_buff,라이거(펫 버프) Lv3,2,0,0,0,0,0,80005401,2,200,0,10000,0,0,0,101020103,80005403,0,20820,0,0,0,0,0,80005100,0,0,0
80005404,4,80005404,80005401,a_tiger_buff,라이거(펫 버프) Lv4,2,0,0,0,0,0,80005401,2,200,0,10000,0,0,0,101020104,80005404,0,20820,0,0,0,0,0,80005100,0,0,0
80005405,5,80005405,80005401,a_tiger_buff,라이거(펫 버프) Lv5,2,0,0,0,0,0,80005401,2,200,0,10000,0,0,0,101020105,80005405,0,20820,0,0,0,0,0,80005100,0,0,0
80005501,1,80005501,80000601,a_dash_after_attk,대쉬후 물어버리기,2,0,0,0,0,0,80005501,2,80,0,2000,0,0,0,0,80005501,0,20820,0,0,0,0,0,80005100,0,0,0
80005502,2,80005501,80000601,a_dash_after_attk,대쉬후 물어버리기,2,0,0,0,0,0,80005501,2,80,0,2000,0,0,0,0,80005502,0,20820,0,0,0,0,0,80005100,0,0,0
80005503,3,80005501,80000601,a_dash_after_attk,대쉬후 물어버리기,2,0,0,0,0,0,80005501,2,80,0,2000,0,0,0,0,80005503,0,20820,0,0,0,0,0,80005100,0,0,0
80005504,4,80005501,80000601,a_dash_after_attk,대쉬후 물어버리기,2,0,0,0,0,0,80005501,2,80,0,2000,0,0,0,0,80005504,0,20820,0,0,0,0,0,80005100,0,0,0
80005505,5,80005501,80000601,a_dash_after_attk,대쉬후 물어버리기,2,0,0,0,0,0,80005501,2,80,0,2000,0,0,0,0,80005505,0,20820,0,0,0,0,0,80005100,0,0,0
80006501,1,80006501,80006501,a_lazer_pet,레이져(블루썬더),2,0,0,0,0,0,80006501,2,300,2567,1000,1500,0,0,0,80006501,0,20820,80004102,80006501,0,0,0,80005100,0,0,0
80006502,2,80006501,80006501,a_lazer_pet,레이져(블루썬더),2,0,0,0,0,0,80006501,2,300,2567,1000,1500,0,0,0,80006502,0,20820,80004102,80006502,0,0,0,80005100,0,0,0
80006503,3,80006501,80006501,a_lazer_pet,레이져(블루썬더),2,0,0,0,0,0,80006501,2,300,2567,1000,1500,0,0,0,80006503,0,20820,80004102,80006503,0,0,0,80005100,0,0,0
80006504,4,80006501,80006501,a_lazer_pet,레이져(블루썬더),2,0,0,0,0,0,80006501,2,300,2567,1000,1500,0,0,0,80006504,0,20820,80004102,80006504,0,0,0,80005100,0,0,0
80006505,5,80006501,80006501,a_lazer_pet,레이져(블루썬더),2,0,0,0,0,0,80006501,2,300,2567,1000,1500,0,0,0,80006505,0,20820,80004102,80006505,0,0,0,80005100,0,0,0
80006601,1,80006601,80006601,a_bomb_pet,수류탄(와일드),2,0,0,0,0,0,80006601,2,200,2933,1000,1500,0,0,0,80006601,0,20820,80004106,0,0,0,0,80005100,0,0,0
80006602,2,80006601,80006601,a_bomb_pet,수류탄(와일드),2,0,0,0,0,0,80006602,2,200,2933,1000,1500,0,0,0,80006602,0,20820,80004106,0,0,0,0,80005100,0,0,0
80006603,3,80006601,80006601,a_bomb_pet,수류탄(와일드),2,0,0,0,0,0,80006603,2,200,2933,1000,1500,0,0,0,80006603,0,20820,80004106,0,0,0,0,80005100,0,0,0
80006604,4,80006601,80006601,a_bomb_pet,수류탄(와일드),2,0,0,0,0,0,80006604,2,200,2933,1000,1500,0,0,0,80006604,0,20820,80004106,0,0,0,0,80005100,0,0,0
80006605,5,80006601,80006601,a_bomb_pet,수류탄(와일드),2,0,0,0,0,0,80006605,2,200,2933,1000,1500,0,0,0,80006605,0,20820,80004106,0,0,0,0,80005100,0,0,0
80007001,1,80007001,80007001,a_PetItemProduce,해바라기 아이템 드랍,2,0,0,0,0,0,80007001,1024,0,0,10800000,1000,0,0,80007001,80007001,0,20820,0,0,0,0,0,80005100,0,0,0
80007002,1,80007001,80007001,a_PetItemProduce,해바라기 아이템 드랍,2,0,0,0,0,0,80007001,1024,0,0,1800000,1000,0,0,80007001,80007001,0,20820,0,0,0,0,0,80005100,0,0,0
89000001,1,0,0,a_trace_ground,a_trace_ground,1,0,0,0,0,0,89000001,0,0,0,0,0,0,0,0,0,0,20820,0,0,0,0,0,0,0,0,0
89000002,1,0,0,a_trace_fly,a_trace_fly,1,0,0,0,0,0,89000002,0,0,0,0,0,0,0,0,0,0,20820,0,0,0,0,0,0,0,0,0
89000003,1,0,0,a_trace_ground2,a_trace_ground2,1,0,0,0,0,0,89000003,0,0,0,0,0,0,0,0,0,0,20820,0,0,0,0,0,0,0,0,0
89000004,1,0,0,a_trace_fly2,a_trace_fly2,1,0,0,0,0,0,89000004,0,0,0,0,0,0,0,0,0,0,20820,0,0,0,0,0,0,0,0,0
89001001,1,0,0,a_riding_ground,승차시 아이들,1,0,0,0,0,0,89001001,0,0,0,0,0,0,0,0,0,0,20820,0,0,0,0,0,0,0,0,0
89001101,1,89001101,89001101,a_call_trans,순간이동 메뉴 출력,2,0,0,0,0,0,89001101,1024,0,0,5000,0,0,0,89001101,89001101,0,20820,0,0,0,0,0,0,0,0,0
89001201,1,89001201,89001201,0,순간이동 비용 할인(패시브_골드),3,0,0,0,0,0,89001201,1,0,0,0,0,0,0,89001201,89001201,0,20820,0,0,0,0,0,0,0,0,0
89001301,1,89001301,89001201,0,순간이동 비용 무료(패시브_캐쉬),3,0,0,0,0,0,89001301,1,0,0,0,0,0,0,89001301,89001301,0,20820,0,0,0,0,0,0,0,0,0
