Idx,f_NationCodeStr,Category,TitleNo,DiscriptionNo,Memo,Type,Value,ItemNo,SaveIdx,RankPoint,Level,SYear,SMonth,SDay,SHour,SMinute,EYear,EMonth,EDay,EHour,EMinute,UseTime,IsUse,GroupNo,CustomValue
1,0,1,50501282,50501281,10레벨을 달성,61002,10,50501280,1,100,9,0,0,0,0,0,0,0,0,0,0,0,1,0,0
2,0,1,50501292,50501291,20레벨을 달성,61002,20,50501290,2,100,19,0,0,0,0,0,0,0,0,0,0,0,1,0,0
3,0,1,50501302,50501301,30레벨을 달성,61002,30,50501300,3,800,29,0,0,0,0,0,0,0,0,0,0,0,0,0,0
4,0,1,50501312,50501311,40레벨을 달성,61002,40,50501310,4,800,39,0,0,0,0,0,0,0,0,0,0,0,0,0,0
5,0,1,50501322,50501321,50레벨을 달성,61002,50,50501320,5,1200,49,0,0,0,0,0,0,0,0,0,0,0,0,0,0
6,0,1,50501332,50501331,60레벨을 달성,61002,60,50501330,6,3000,59,0,0,0,0,0,0,0,0,0,0,0,1,0,0
7,0,1,50501342,50501341,70레벨을 달성,61002,70,50501340,7,3000,69,0,0,0,0,0,0,0,0,0,0,0,0,0,0
8,2/23/9,1,50501342,50501341,70레벨을 달성,61002,70,50501340,7,3000,69,0,0,0,0,0,0,0,0,0,0,0,1,0,0
9,0,1,50501352,50501351,80레벨을 달성,61002,80,50501350,8,0,79,0,0,0,0,0,0,0,0,0,0,0,0,0,0
10,0,1,50501362,50501361,90레벨을 달성,61002,90,50501360,9,0,89,0,0,0,0,0,0,0,0,0,0,0,0,0,0
11,0,1,50501372,50501371,100레벨을 달성,61002,100,50501370,10,0,99,0,0,0,0,0,0,0,0,0,0,0,0,0,0
12,0,2,50501722,50501721,인챈트 +9 성공,61003,1,50501720,11,800,15,0,0,0,0,0,0,0,0,0,0,0,1,0,0
13,0,2,50501732,50501731,인챈트 +11 성공,61004,1,50501730,12,800,17,0,0,0,0,0,0,0,0,0,0,0,1,0,0
14,0,2,50501742,50501741,인챈트 +13 성공,61005,1,50501740,13,1200,19,0,0,0,0,0,0,0,0,0,0,0,1,0,0
15,0,2,50501752,50501751,인챈트 +15 성공,61006,1,50501750,14,3000,21,0,0,0,0,0,0,0,0,0,0,0,1,0,0
16,0,2,50501762,50501761,아티팩트 등급으로 3번 성공,61007,3,50501760,15,100,22,0,0,0,0,0,0,0,0,0,0,0,0,0,0
17,0,2,50501772,50501771,아티팩트 등급으로 10번 성공,61007,10,50501770,16,800,29,0,0,0,0,0,0,0,0,0,0,0,0,0,0
18,0,2,50501782,50501781,아티팩트 등급으로 50번 성공,61007,50,50501780,17,1200,39,0,0,0,0,0,0,0,0,0,0,0,0,0,0
19,0,2,50501792,50501791,아티팩트 등급으로 100번 성공,61007,100,50501790,18,3000,44,0,0,0,0,0,0,0,0,0,0,0,0,0,0
20,0,2,50501802,50501801,레전드 등급으로 3번 성공,61008,3,50501800,19,100,45,0,0,0,0,0,0,0,0,0,0,0,0,0,0
21,0,2,50501812,50501811,레전드 등급으로 10번 성공,61008,10,50501810,20,800,46,0,0,0,0,0,0,0,0,0,0,0,0,0,0
22,0,2,50501822,50501821,레전드 등급으로 50번 성공,61008,50,50501820,21,1200,47,0,0,0,0,0,0,0,0,0,0,0,0,0,0
23,0,2,50501832,50501831,레전드 등급으로 100번 성공,61008,100,50501830,22,3000,48,0,0,0,0,0,0,0,0,0,0,0,0,0,0
24,0,1,50501382,50501381,1차 전직,61009,2,50501380,23,100,20,0,0,0,0,0,0,0,0,0,0,0,1,0,0
25,0,1,50501392,50501391,2차 전직,61009,3,50501390,24,800,40,0,0,0,0,0,0,0,0,0,0,0,1,0,0
26,0,1,50502312,50502311,3차 전직,61009,4,50502310,25,1200,70,0,0,0,0,0,0,0,0,0,0,0,0,0,0
27,0,2,50501842,50501841,소울 모으기 300개,61010,300,50501840,26,100,12,0,0,0,0,0,0,0,0,0,0,0,1,0,0
28,0,2,50501852,50501851,소울 모으기 500개,61010,500,50501850,27,800,15,0,0,0,0,0,0,0,0,0,0,0,0,0,0
29,0,2,50501862,50501861,소울 모으기 1000개,61010,1000,50501860,28,800,22,0,0,0,0,0,0,0,0,0,0,0,1,0,0
30,0,2,50501872,50501871,소울 모으기 3000개,61010,3000,50501870,29,1200,32,0,0,0,0,0,0,0,0,0,0,0,1,0,0
31,0,2,50501882,50501881,제작 성공 100회,61011,100,50501880,30,800,20,0,0,0,0,0,0,0,0,0,0,0,0,0,0
32,0,2,50501892,50501891,제작 성공 300회,61011,300,50501890,31,1200,20,0,0,0,0,0,0,0,0,0,0,0,0,0,0
33,0,2,50501902,50501901,제작 성공 500회,61011,500,50501900,32,1200,20,0,0,0,0,0,0,0,0,0,0,0,0,0,0
34,0,2,50501912,50501911,제작 성공 1000회,61011,1000,50501910,33,3000,20,0,0,0,0,0,0,0,0,0,0,0,0,0,0
35,0,2,50501922,50501921,요리 먹기 100회,61012,100,50501920,34,800,20,0,0,0,0,0,0,0,0,0,0,0,0,0,0
36,0,2,50501932,50501931,요리 먹기 300회,61012,300,50501930,35,1200,20,0,0,0,0,0,0,0,0,0,0,0,0,0,0
37,0,2,50501942,50501941,요리 먹기 500회,61012,500,50501940,36,1200,20,0,0,0,0,0,0,0,0,0,0,0,0,0,0
38,0,2,50501952,50501951,요리 먹기 1000회,61012,1000,50501950,37,3000,20,0,0,0,0,0,0,0,0,0,0,0,0,0,0
39,0,2,50501962,50501961,크리스탈 스톤 100개 취득,61013,100,50501960,38,0,20,0,0,0,0,0,0,0,0,0,0,0,0,0,0
40,0,2,50501972,50501971,크리스탈 스톤 500개 취득,61013,500,50501970,39,0,20,0,0,0,0,0,0,0,0,0,0,0,0,0,0
41,0,2,50501982,50501981,크리스탈 스톤 1000개 취득,61013,1000,50501980,40,0,20,0,0,0,0,0,0,0,0,0,0,0,0,0,0
42,0,2,50501992,50501991,크리스탈 스톤 5000개 취득,61013,5000,50501990,41,0,20,0,0,0,0,0,0,0,0,0,0,0,0,0,0
43,0,1,50501402,50501401,부활횟수가 50회,61014,50,50501400,42,100,33,0,0,0,0,0,0,0,0,0,0,0,1,0,0
44,0,1,50501412,50501411,부활횟수가 100회,61014,100,50501410,43,800,43,0,0,0,0,0,0,0,0,0,0,0,0,0,0
45,0,1,50501422,50501421,부활횟수가 500회,61014,500,50501420,44,1200,53,0,0,0,0,0,0,0,0,0,0,0,1,0,0
46,0,1,50501432,50501431,부활횟수가 1000회,61014,1000,50501430,45,3000,63,0,0,0,0,0,0,0,0,0,0,0,1,0,0
47,0,1,50501442,50501441,사망횟수가 50회,61015,50,50501440,46,100,43,0,0,0,0,0,0,0,0,0,0,0,1,0,0
48,0,1,50501452,50501451,사망횟수가 100회,61015,100,50501450,47,800,24,0,0,0,0,0,0,0,0,0,0,0,0,0,0
49,0,1,50501462,50501461,사망횟수가 500회,61015,500,50501460,48,800,53,0,0,0,0,0,0,0,0,0,0,0,1,0,0
50,0,1,50501472,50501471,사망횟수가 1000회,61015,1000,50501470,49,1200,63,0,0,0,0,0,0,0,0,0,0,0,1,0,0
51,0,2,50502002,50502001,게임머니 100골 달성,61016,100,50502000,50,100,35,0,0,0,0,0,0,0,0,0,0,0,1,0,0
52,0,2,50502012,50502011,게임머니 300골 달성,61016,300,50502010,51,800,40,0,0,0,0,0,0,0,0,0,0,0,0,0,0
53,0,2,50502022,50502021,게임머니 500골 달성,61016,500,50502020,52,1200,50,0,0,0,0,0,0,0,0,0,0,0,0,0,0
54,0,2,50502032,50502031,게임머니 1000골 달성,61016,1000,50502030,53,3000,60,0,0,0,0,0,0,0,0,0,0,0,1,0,0
55,0,1,50501482,50501481,사투전 참가 100회,61017,100,50501480,54,800,30,0,0,0,0,0,0,0,0,0,0,0,1,0,0
56,0,1,50501492,50501491,사투전 참가 300회,61017,300,50501490,55,1200,40,0,0,0,0,0,0,0,0,0,0,0,1,0,0
57,0,1,50501502,50501501,사투전 참가 500회,61017,500,50501500,56,3000,50,0,0,0,0,0,0,0,0,0,0,0,1,0,0
58,0,1,50501512,50501511,사투전 참가 1000회,61017,1000,50501510,57,5000,60,0,0,0,0,0,0,0,0,0,0,0,1,0,0
59,0,1,50501522,50501521,섬멸전 참가 100회,61019,100,50501520,58,800,32,0,0,0,0,0,0,0,0,0,0,0,1,0,0
60,0,1,50501532,50501531,섬멸전 참가 300회,61019,300,50501530,59,1200,42,0,0,0,0,0,0,0,0,0,0,0,1,0,0
61,0,1,50501542,50501541,섬멸전 참가 500회,61019,500,50501540,60,3000,52,0,0,0,0,0,0,0,0,0,0,0,1,0,0
62,0,1,50501552,50501551,섬멸전 참가 1000회,61019,1000,50501550,61,5000,62,0,0,0,0,0,0,0,0,0,0,0,1,0,0
63,0,1,50501562,50501561,점령전 참가 100회,61019,100,50501560,62,800,60,0,0,0,0,0,0,0,0,0,0,0,0,0,0
64,0,1,50501572,50501571,점령전 참가 300회,61019,300,50501570,63,1200,60,0,0,0,0,0,0,0,0,0,0,0,0,0,0
65,0,1,50501582,50501581,점령전 참가 500회,61019,500,50501580,64,3000,60,0,0,0,0,0,0,0,0,0,0,0,0,0,0
66,0,1,50501592,50501591,점령전 참가 1000회,61019,1000,50501590,65,5000,60,0,0,0,0,0,0,0,0,0,0,0,0,0,0
67,0,1,50501602,50501601,유물파괴전 참가 100회,61020,100,50501600,66,1000,60,0,0,0,0,0,0,0,0,0,0,0,0,0,0
68,0,1,50501612,50501611,유물파괴전 참가 300회,61020,300,50501610,67,2000,60,0,0,0,0,0,0,0,0,0,0,0,0,0,0
69,0,1,50501622,50501621,유물파괴전 참가 500회,61020,500,50501620,68,4000,60,0,0,0,0,0,0,0,0,0,0,0,0,0,0
70,0,1,50501632,50501631,유물파괴전 참가 1000회,61020,1000,50501630,69,5000,60,0,0,0,0,0,0,0,0,0,0,0,0,0,0
71,0,1,50501642,50501641,PvP 승리 10번 달성,61022,10,50501640,70,100,25,0,0,0,0,0,0,0,0,0,0,0,1,0,0
72,0,1,50501652,50501651,PvP 승리 100번 달성,61022,100,50501650,71,800,35,0,0,0,0,0,0,0,0,0,0,0,1,0,0
73,0,1,50501662,50501661,PvP 승리 500번 달성,61022,500,50501660,72,1200,45,0,0,0,0,0,0,0,0,0,0,0,1,0,0
74,0,1,50501672,50501671,PvP 승리 1000번 달성,61022,1000,50501670,73,5000,55,0,0,0,0,0,0,0,0,0,0,0,1,0,0
75,0,1,50501682,50501681,PvP 패배 10번 달성,61023,10,50501680,74,100,25,0,0,0,0,0,0,0,0,0,0,0,0,0,0
76,0,1,50501692,50501691,PvP 패배 100번 달성,61023,100,50501690,75,800,35,0,0,0,0,0,0,0,0,0,0,0,1,0,0
77,0,1,50501702,50501701,PvP 패배 500번 달성,61023,500,50501700,76,1200,45,0,0,0,0,0,0,0,0,0,0,0,1,0,0
78,0,1,50501712,50501711,PvP 패배 1000번 달성,61023,1000,50501710,77,3000,55,0,0,0,0,0,0,0,0,0,0,0,1,0,0
79,0,1,50503092,50503091,CP 1만 포인트,61021,10000,50503090,78,800,35,0,0,0,0,0,0,0,0,0,0,0,0,0,0
80,0,1,50503102,50503101,CP 10만 포인트,61021,100000,50503100,79,1200,55,0,0,0,0,0,0,0,0,0,0,0,0,0,0
81,0,1,50503112,50503111,CP 100만 포인트,61021,1000000,50503110,80,3000,65,0,0,0,0,0,0,0,0,0,0,0,0,0,0
82,0,1,50503122,50503121,CP 500만 포인트,61021,5000000,50503120,81,3000,70,0,0,0,0,0,0,0,0,0,0,0,0,0,0
83,0,2,50502042,50502041,인챈트 100회 성공,61024,100,50502040,82,100,35,0,0,0,0,0,0,0,0,0,0,0,1,0,0
84,0,2,50502052,50502051,인챈트 300회 성공,61024,300,50502050,83,800,45,0,0,0,0,0,0,0,0,0,0,0,0,0,0
85,0,2,50502062,50502061,인챈트 500회 성공,61024,500,50502060,84,1200,55,0,0,0,0,0,0,0,0,0,0,0,1,0,0
86,0,2,50502072,50502071,인챈트 1000회 성공,61024,1000,50502070,85,3000,65,0,0,0,0,0,0,0,0,0,0,0,1,0,0
87,0,2,50502082,50502081,인챈트 100회 실패,61025,100,50502080,86,100,35,0,0,0,0,0,0,0,0,0,0,0,1,0,0
88,0,2,50502092,50502091,인챈트 300회 실패,61025,300,50502090,87,800,45,0,0,0,0,0,0,0,0,0,0,0,0,0,0
89,0,2,50502102,50502101,인챈트 500회 실패,61025,500,50502100,88,1200,55,0,0,0,0,0,0,0,0,0,0,0,1,0,0
90,0,2,50502112,50502111,인챈트 1000회 실패,61025,1000,50502110,89,3000,65,0,0,0,0,0,0,0,0,0,0,0,1,0,0
91,0,4,50502232,50502231,포탈이동 500회,61028,500,50502230,98,100,23,0,0,0,0,0,0,0,0,0,0,0,1,0,0
92,0,4,50502242,50502241,포탈이동 1000회,61028,1000,50502240,99,800,43,0,0,0,0,0,0,0,0,0,0,0,1,0,0
93,0,4,50502252,50502251,포탈이동 3000회,61028,3000,50502250,100,1200,53,0,0,0,0,0,0,0,0,0,0,0,1,0,0
94,0,4,50502262,50502261,포탈이동 5000회,61028,5000,50502260,101,3000,63,0,0,0,0,0,0,0,0,0,0,0,1,0,0
95,0,4,50502272,50502271,파괴 오브젝트 500회 파괴,61029,500,50502270,102,0,0,0,0,0,0,0,0,0,0,0,0,0,0,0,0
96,0,4,50502282,50502281,파괴 오브젝트 1000회 파괴,61029,1000,50502280,103,0,5,0,0,0,0,0,0,0,0,0,0,0,0,0,0
97,0,4,50502292,50502291,파괴 오브젝트 5000회 파괴,61029,5000,50502290,104,0,5,0,0,0,0,0,0,0,0,0,0,0,0,0,0
98,0,4,50502302,50502301,파괴 오브젝트 10000회 파괴,61029,10000,50502300,105,0,6,0,0,0,0,0,0,0,0,0,0,0,0,0,0
99,0,3,50502122,50502121,모험 퀘스트를 10개 달성 시,61033,10,50502120,106,100,3,0,0,0,0,0,0,0,0,0,0,0,1,0,0
100,0,3,50502132,50502131,모험 퀘스트를 100개 달성 시,61033,100,50502130,107,800,0,0,0,0,0,0,0,0,0,0,0,0,0,0,0
101,0,3,50502142,50502141,모험 퀘스트를 300개 달성 시,61033,300,50502140,108,1200,40,0,0,0,0,0,0,0,0,0,0,0,1,0,0
102,0,3,50502152,50502151,모험 퀘스트를 1000개 달성 시,61033,1000,50502150,109,3000,60,0,0,0,0,0,0,0,0,0,0,0,0,0,0
103,0,3,50502162,50502161,영웅 퀘스트를 10개 달성 시 ,61034,10,50502160,110,100,7,0,0,0,0,0,0,0,0,0,0,0,1,0,0
104,0,3,50502172,50502171,영웅 퀘스트를 50개 달성 시,61034,50,50502170,111,800,30,0,0,0,0,0,0,0,0,0,0,0,0,0,0
105,0,3,50502182,50502181,반복 퀘스트를 100회 달성 시,61035,100,50502180,112,800,30,0,0,0,0,0,0,0,0,0,0,0,1,0,0
106,0,3,50502192,50502191,반복 퀘스트를 300회 달성시 ,61035,300,50502190,113,1200,40,0,0,0,0,0,0,0,0,0,0,0,0,0,0
107,0,3,50502202,50502201,반복 퀘스트를 500회 달성시 ,61035,500,50502200,114,3000,50,0,0,0,0,0,0,0,0,0,0,0,0,0,0
108,0,3,50502212,50502211,반복 퀘스트를 1000회 달성 시,61035,1000,50502210,115,5000,60,0,0,0,0,0,0,0,0,0,0,0,0,0,0
109,0,3,50502222,50502221,길드 퀘스트를 10회 달성 시,61036,10,50502220,116,100,20,0,0,0,0,0,0,0,0,0,0,0,1,0,0
110,0,5,50502322,50502321,초목이 100마리 토벌,61101,100,50502320,121,100,4,0,0,0,0,0,0,0,0,0,0,0,1,0,0
111,0,5,50502332,50502331,베가본드 경험자,61102,1,50502330,122,100,3,0,0,0,0,0,0,0,0,0,0,0,1,0,0
112,0,5,50502342,50502341,베가본드 숙련자,61102,10,50502340,123,800,5,0,0,0,0,0,0,0,0,0,0,0,1,0,0
113,0,5,50502352,50502351,베가본드 전문가,61102,20,50502350,124,0,6,0,0,0,0,0,0,0,0,0,0,0,0,0,0
114,0,5,50502362,50502361,베가본드 달인,61102,30,50502360,125,0,7,0,0,0,0,0,0,0,0,0,0,0,0,0,0
115,0,5,50502372,50502371,베가스 경험자,61103,1,50502370,126,100,8,0,0,0,0,0,0,0,0,0,0,0,1,0,0
116,0,5,50502382,50502381,베가스 숙련자,61103,7,50502380,127,800,12,0,0,0,0,0,0,0,0,0,0,0,1,0,0
117,0,5,50502392,50502391,베가스 전문가,61103,10,50502390,128,1200,13,0,0,0,0,0,0,0,0,0,0,0,1,0,0
118,0,5,50502402,50502401,베가스 달인,61103,30,50502400,129,0,14,0,0,0,0,0,0,0,0,0,0,0,0,0,0
119,0,5,50502412,50502411,쌍카 경험자,61104,1,50502410,130,100,14,0,0,0,0,0,0,0,0,0,0,0,1,0,0
120,0,5,50502422,50502421,쌍카 숙련자,61104,7,50502420,131,800,15,0,0,0,0,0,0,0,0,0,0,0,1,0,0
121,0,5,50502432,50502431,쌍카 전문가,61104,10,50502430,132,1200,16,0,0,0,0,0,0,0,0,0,0,0,1,0,0
122,0,5,50502442,50502441,쌍카 달인,61104,30,50502440,133,0,17,0,0,0,0,0,0,0,0,0,0,0,0,0,0
123,0,5,50502452,50502451,쿵카 경험자,61105,1,50502450,134,100,17,0,0,0,0,0,0,0,0,0,0,0,1,0,0
124,0,5,50502462,50502461,쿵카 숙련자,61105,7,50502460,135,800,18,0,0,0,0,0,0,0,0,0,0,0,1,0,0
125,0,5,50502472,50502471,쿵카 전문가,61105,12,50502470,136,1200,19,0,0,0,0,0,0,0,0,0,0,0,1,0,0
126,0,5,50502482,50502481,쿵카 달인,61105,30,50502480,137,0,20,0,0,0,0,0,0,0,0,0,0,0,0,0,0
127,0,5,50502492,50502491,후커 경험자,61106,1,50502490,138,100,20,0,0,0,0,0,0,0,0,0,0,0,1,0,0
128,0,5,50502502,50502501,후커 숙련자,61106,10,50502500,139,800,21,0,0,0,0,0,0,0,0,0,0,0,1,0,0
129,0,5,50502512,50502511,후커 전문가,61106,15,50502510,140,1200,22,0,0,0,0,0,0,0,0,0,0,0,1,0,0
130,0,5,50502522,50502521,후커 달인,61106,30,50502520,141,0,23,0,0,0,0,0,0,0,0,0,0,0,0,0,0
131,0,5,50502532,50502531,알비다 경험자,61107,1,50502530,142,100,23,0,0,0,0,0,0,0,0,0,0,0,1,0,0
132,0,5,50502542,50502541,알비다 숙련자,61107,10,50502540,143,800,24,0,0,0,0,0,0,0,0,0,0,0,1,0,0
133,0,5,50502552,50502551,알비다 전문가,61107,15,50502550,144,1200,25,0,0,0,0,0,0,0,0,0,0,0,1,0,0
134,0,5,50502562,50502561,알비다 달인,61107,30,50502560,145,0,26,0,0,0,0,0,0,0,0,0,0,0,0,0,0
135,0,5,50502572,50502571,로드 오브 나이트 경험자,61108,1,50502570,146,100,31,0,0,0,0,0,0,0,0,0,0,0,1,0,0
136,0,5,50502582,50502581,로드 오브 나이트 숙련자,61108,10,50502580,147,800,31,0,0,0,0,0,0,0,0,0,0,0,0,0,0
137,0,5,50502592,50502591,로드 오브 나이트 전문가,61108,20,50502590,148,1200,32,0,0,0,0,0,0,0,0,0,0,0,1,0,0
138,0,5,50502602,50502601,로드 오브 나이트 달인,61108,30,50502600,149,3000,34,0,0,0,0,0,0,0,0,0,0,0,0,0,0
139,63,5,50502612,50502611,엘루만 경험자,61109,1,50502610,150,100,45,0,0,0,0,0,0,0,0,0,0,0,0,0,0
140,63,5,50502622,50502621,엘루만 숙련자,61109,20,50502620,151,800,45,0,0,0,0,0,0,0,0,0,0,0,0,0,0
141,63,5,50502632,50502631,엘루만 전문가,61109,35,50502630,152,1200,45,0,0,0,0,0,0,0,0,0,0,0,1,0,0
142,63,5,50502642,50502641,엘루만 달인,61109,65,50502640,153,3000,46,0,0,0,0,0,0,0,0,0,0,0,1,0,0
143,0,5,50502652,50502651,카르카로스 경험자,61110,1,50502650,154,100,49,0,0,0,0,0,0,0,0,0,0,0,0,0,0
144,0,5,50502662,50502661,카르카로스 숙련자,61110,20,50502660,155,800,49,0,0,0,0,0,0,0,0,0,0,0,0,0,0
145,0,5,50502672,50502671,카르카로스 전문가,61110,45,50502670,156,1200,50,0,0,0,0,0,0,0,0,0,0,0,1,0,0
146,0,5,50502682,50502681,카르카로스 달인,61110,75,50502680,157,3000,51,0,0,0,0,0,0,0,0,0,0,0,1,0,0
147,0,5,50502692,50502691,벌룬 경험자,61111,1,50502690,158,100,53,0,0,0,0,0,0,0,0,0,0,0,0,0,0
148,0,5,50502702,50502701,벌룬 숙련자,61111,20,50502700,159,800,53,0,0,0,0,0,0,0,0,0,0,0,0,0,0
149,0,5,50502712,50502711,벌룬 전문가,61111,55,50502710,160,1200,54,0,0,0,0,0,0,0,0,0,0,0,1,0,0
150,0,5,50502722,50502721,벌룬 달인,61111,90,50502720,161,3000,55,0,0,0,0,0,0,0,0,0,0,0,1,0,0
151,0,5,50502732,50502731,파타누스 경험자,61112,1,50502730,162,100,55,0,0,0,0,0,0,0,0,0,0,0,0,0,0
152,0,5,50502742,50502741,파타누스 숙련자,61112,20,50502740,163,800,55,0,0,0,0,0,0,0,0,0,0,0,0,0,0
153,0,5,50502752,50502751,파타누스 전문가,61112,60,50502750,164,1200,56,0,0,0,0,0,0,0,0,0,0,0,1,0,0
154,0,5,50502762,50502761,파타누스 달인,61112,95,50502760,165,3000,57,0,0,0,0,0,0,0,0,0,0,0,1,0,0
155,0,5,50502772,50502771,안타레스 경험자,61113,1,50502770,166,100,61,0,0,0,0,0,0,0,0,0,0,0,0,0,0
156,0,5,50502782,50502781,안타레스 숙련자,61113,30,50502780,167,800,62,0,0,0,0,0,0,0,0,0,0,0,0,0,0
157,0,5,50502792,50502791,안타레스 전문가,61113,60,50502790,168,1200,63,0,0,0,0,0,0,0,0,0,0,0,0,0,0
158,0,5,50502802,50502801,안타레스 달인,61113,100,50502800,169,3000,64,0,0,0,0,0,0,0,0,0,0,0,0,0,0
159,0,5,50502812,50502811,로커 경험자,61121,1,50502810,170,100,39,0,0,0,0,0,0,0,0,0,0,0,1,0,0
160,0,5,50502822,50502821,로커 숙련자,61121,15,50502820,171,800,39,0,0,0,0,0,0,0,0,0,0,0,0,0,0
161,0,5,50502832,50502831,로커 전문가,61121,20,50502830,172,1200,40,0,0,0,0,0,0,0,0,0,0,0,1,0,0
162,0,5,50502842,50502841,로커 달인,61121,50,50502840,173,3000,41,0,0,0,0,0,0,0,0,0,0,0,0,0,0
163,0,5,50502852,50502851,키마트 경험자,61115,1,50502850,174,100,60,0,0,0,0,0,0,0,0,0,0,0,0,0,0
164,0,5,50502862,50502861,키마트 숙련자,61115,30,50502860,175,800,61,0,0,0,0,0,0,0,0,0,0,0,0,0,0
165,0,5,50502872,50502871,키마트 전문가,61115,60,50502870,176,1200,62,0,0,0,0,0,0,0,0,0,0,0,0,0,0
166,0,5,50502882,50502881,키마트 달인,61115,90,50502880,177,3000,63,0,0,0,0,0,0,0,0,0,0,0,0,0,0
167,0,5,50502892,50502891,가이던 경험자,61116,1,50502890,178,100,58,0,0,0,0,0,0,0,0,0,0,0,0,0,0
168,0,5,50502902,50502901,가이던 숙련자,61116,25,50502900,179,800,58,0,0,0,0,0,0,0,0,0,0,0,0,0,0
169,0,5,50502912,50502911,가이던 전문가,61116,45,50502910,180,1200,59,0,0,0,0,0,0,0,0,0,0,0,0,0,0
170,0,5,50502922,50502921,가이던 달인,61116,85,50502920,181,3000,60,0,0,0,0,0,0,0,0,0,0,0,0,0,0
171,0,5,50502932,50502931,여왕 벨라 경험자(실제전문가),61117,30,50502930,182,100,43,0,0,0,0,0,0,0,0,0,0,0,1,0,0
172,0,5,50502942,50502941,여왕 벨라 숙련자,61117,10,50502940,183,800,30,0,0,0,0,0,0,0,0,0,0,0,0,0,0
173,0,5,50502952,50502951,여왕 벨라 전문가(실제경험자),61117,20,50502950,184,1200,43,0,0,0,0,0,0,0,0,0,0,0,0,0,0
174,0,5,50502962,50502961,여왕 벨라 달인,61117,60,50502960,185,3000,44,0,0,0,0,0,0,0,0,0,0,0,1,0,0
175,0,5,50502972,50502971,부보부보 경험자(실제전문가),61118,50,50502970,186,100,50,0,0,0,0,0,0,0,0,0,0,0,1,0,0
176,0,5,50502982,50502981,부보부보 숙련자,61118,10,50502980,187,800,50,0,0,0,0,0,0,0,0,0,0,0,0,0,0
177,0,5,50502992,50502991,부보부보 전문가(실제경험자),61118,20,50502990,188,1200,51,0,0,0,0,0,0,0,0,0,0,0,0,0,0
178,0,5,50503002,50503001,부보부보 달인,61118,85,50503000,189,3000,51,0,0,0,0,0,0,0,0,0,0,0,1,0,0
179,0,5,50503012,50503011,아투 경험자,61119,1,50503010,190,100,37,0,0,0,0,0,0,0,0,0,0,0,1,0,0
180,0,5,50503022,50503021,아투 숙련자,61119,10,50503020,191,800,37,0,0,0,0,0,0,0,0,0,0,0,0,0,0
181,0,5,50503032,50503031,아투 전문가,61119,20,50503030,192,1200,38,0,0,0,0,0,0,0,0,0,0,0,1,0,0
182,0,5,50503042,50503041,아투 달인,61119,30,50503040,193,3000,39,0,0,0,0,0,0,0,0,0,0,0,0,0,0
183,0,5,50503052,50503051,나무꾼 폴 버니언 경험자,61120,1,50503050,194,100,46,0,0,0,0,0,0,0,0,0,0,0,0,0,0
184,0,5,50503062,50503061,나무꾼 폴 버니언 숙련자,61120,20,50503060,195,800,47,0,0,0,0,0,0,0,0,0,0,0,0,0,0
185,0,5,50503072,50503071,나무꾼 폴 버니언 전문가,61120,40,50503070,196,1200,48,0,0,0,0,0,0,0,0,0,0,0,1,0,0
186,0,5,50503082,50503081,나무꾼 폴 버니언 달인,61120,70,50503080,197,3000,48,0,0,0,0,0,0,0,0,0,0,0,1,0,0
187,0,5,50503132,50503131,마스터 준 경험자,61123,1,50503130,198,260,21,0,0,0,0,0,0,0,0,0,0,0,0,0,0
188,0,5,50503142,50503141,마스터 준 숙련자,61123,10,50503140,199,520,21,0,0,0,0,0,0,0,0,0,0,0,0,0,0
189,0,5,50503152,50503151,마스터 준 전문가,61123,20,50503150,200,1040,22,0,0,0,0,0,0,0,0,0,0,0,0,0,0
190,0,5,50503162,50503161,마스터 준 달인,61123,30,50503160,201,1700,23,0,0,0,0,0,0,0,0,0,0,0,0,0,0
191,0,4,50503172,50503171,마이홈 방문자 수 500 달성,61037,500,50503170,202,3400,30,0,0,0,0,0,0,0,0,0,0,0,1,0,0
192,0,4,50503182,50503181,마이홈 방문자 수 1000 달성,61037,1000,50503180,203,6800,31,0,0,0,0,0,0,0,0,0,0,0,1,0,0
193,0,4,50503192,50503191,마이홈 방문자 수 2000 달성,61037,2000,50503190,204,13600,32,0,0,0,0,0,0,0,0,0,0,0,1,0,0
194,0,6,50503202,50503201,우리 결혼 했어요,61045,1,50503200,205,0,15,0,0,0,0,0,0,0,0,0,0,0,1,0,0
195,0,6,50503212,50503211,과자공장 후계자,61045,2,50503210,206,0,0,0,0,0,0,0,0,0,0,0,0,0,0,0,0
196,0,6,50503222,50503221,한가위만 같아라,61045,3,50503220,207,0,0,0,0,0,0,0,0,0,0,0,0,0,0,0,0
197,3/63,6,50503222,50503221,한가위만 같아라,61045,3,50503220,207,0,0,0,0,0,0,0,0,0,0,0,0,0,1,0,0
198,2/6/9/23,6,50503232,50503231,물의 수호자,61045,4,50503230,208,0,0,0,0,0,0,0,0,0,0,0,0,0,1,0,0
199,2/6/9/23,6,50503242,50503241,불의 수호자,61045,5,50503240,209,0,0,0,0,0,0,0,0,0,0,0,0,0,1,0,0
200,0,6,50503252,50503251,사탕 주세요(할로윈호박거두),61045,6,50503250,210,0,0,0,0,0,0,0,0,0,0,0,0,0,0,0,0
201,2/3/6/8/9/23/63,6,50503252,50503251,사탕 주세요(할로윈호박거두),61045,6,50503250,210,0,0,0,0,0,0,0,0,0,0,0,0,0,1,0,0
202,0,5,50503272,50503271,아티스 경험자,61124,1,50503270,211,100,28,0,0,0,0,0,0,0,0,0,0,0,1,0,0
203,0,5,50503282,50503281,아티스 숙련자,61124,10,50503280,212,800,28,0,0,0,0,0,0,0,0,0,0,0,0,0,0
204,0,5,50503292,50503291,아티스 전문가,61124,20,50503290,213,1200,29,0,0,0,0,0,0,0,0,0,0,0,1,0,0
205,0,5,50503302,50503301,아르카 경험자,61122,1,50503300,214,100,56,0,0,0,0,0,0,0,0,0,0,0,0,0,0
206,0,5,50503312,50503311,아르카 숙련자,61122,20,50503310,215,800,56,0,0,0,0,0,0,0,0,0,0,0,0,0,0
207,0,5,50503322,50503321,아르카 전문가,61122,40,50503320,216,1200,56,0,0,0,0,0,0,0,0,0,0,0,1,0,0
208,0,5,50503332,50503331,아르카 달인,61122,80,50503330,217,3000,57,0,0,0,0,0,0,0,0,0,0,0,1,0,0
209,0,1,50503342,50503341,언어의 연금술사,61038,1000,50503340,218,800,20,0,0,0,0,0,0,0,0,0,0,0,1,0,0
210,0,1,50503352,50503351,60억분의 1의 사나이,61074,100,50503350,219,5000,45,0,0,0,0,0,0,0,0,0,0,0,0,0,0
211,0,1,50503362,50503361,오랜만이다,61039,30,50503360,220,800,0,0,0,0,0,0,0,0,0,0,0,0,1,0,0
212,0,1,50503372,50503371,아침형인간,61053,10,50503370,221,800,25,0,0,0,0,0,0,0,0,0,0,0,1,0,0
213,0,1,50503382,50503381,광랩의 기본,61070,1440,50503380,222,800,10,0,0,0,0,0,0,0,0,0,0,0,1,0,0
214,0,1,50503392,50503391,겁 없는 사냥꾼,61071,10,50503390,223,1200,21,0,0,0,0,0,0,0,0,0,0,0,1,0,0
215,0,1,50503402,50503401,신들린 콘트롤,61072,0,50503400,224,3000,8,0,0,0,0,0,0,0,0,0,0,0,1,0,0
216,0,1,50503412,50503411,바람의 파이터,61073,60,50503410,225,5000,20,0,0,0,0,0,0,0,0,0,0,0,0,0,0
217,0,1,50503422,50503421,나를 모르면 간첩,61075,5000,50503420,226,3000,26,0,0,0,0,0,0,0,0,0,0,0,1,0,0
218,0,1,50503432,50503431,딜킹!,61076,10000,50503430,227,1200,40,0,0,0,0,0,0,0,0,0,0,0,1,0,0
219,0,1,50503442,50503441,백만 스물 하나!,61077,2000,50503440,228,1200,27,0,0,0,0,0,0,0,0,0,0,0,1,0,0
220,0,1,50503452,50503451,소변참고 이룬 업적,61077,5000,50503450,229,3000,33,0,0,0,0,0,0,0,0,0,0,0,1,0,0
221,0,2,50503462,50503461,헤어 디자이너,61078,50,50503460,230,800,22,0,0,0,0,0,0,0,0,0,0,0,0,0,0
222,0,2,50503472,50503471,성형 중독,61079,50,50503470,231,800,23,0,0,0,0,0,0,0,0,0,0,0,0,0,0
223,0,2,50503482,50503481,인테리어 전문가,61080,50,50503480,232,800,41,0,0,0,0,0,0,0,0,0,0,0,0,0,0
224,0,2,50503492,50503491,배달의 기수,61081,300,50503490,233,100,31,0,0,0,0,0,0,0,0,0,0,0,1,0,0
225,0,2,50503502,50503501,소울 이터,61082,10000,50503500,234,800,32,0,0,0,0,0,0,0,0,0,0,0,0,0,0
226,0,2,50503512,50503511,고성방가,61083,100,50503510,235,800,21,0,0,0,0,0,0,0,0,0,0,0,0,0,0
227,0,2,50503522,50503521,약물 중독자,61084,10000,50503520,236,1200,24,0,0,0,0,0,0,0,0,0,0,0,1,0,0
228,0,2,50503532,50503531,고음불가,61083,500,50503530,237,1200,30,0,0,0,0,0,0,0,0,0,0,0,1,0,0
229,0,2,50503542,50503541,인생한방이야,64008,10,50503540,238,800,35,0,0,0,0,0,0,0,0,0,0,0,0,0,0
230,0,2,50503552,50503551,님 좀 짱인듯,61085,1000000,50503550,239,3000,45,0,0,0,0,0,0,0,0,0,0,0,0,0,0
231,0,2,50503562,50503561,단골왕,61086,1000000,50503560,240,800,38,0,0,0,0,0,0,0,0,0,0,0,1,0,0
232,0,2,50503572,50503571,영웅급 장비,61092,7,50503570,241,5000,50,0,0,0,0,0,0,0,0,0,0,0,1,0,0
233,0,4,50503582,50503581,스프린터,61087,300,50503580,242,100,6,0,0,0,0,0,0,0,0,0,0,0,1,0,0
234,0,4,50503592,50503591,라발론 던전 전문가,61125,20,50503590,243,1200,42,0,0,0,0,0,0,0,0,0,0,0,1,0,0
235,0,4,50503602,50503601,반클리프 저택 전문가,61126,5,50503600,244,3000,62,0,0,0,0,0,0,0,0,0,0,0,0,0,0
236,0,4,50503612,50503611,대미궁 전문가,64332,500,50503610,245,3000,61,0,0,0,0,0,0,0,0,0,0,0,0,0,0
237,0,1,50503622,50503621,추적자,61093,100,50503620,246,1200,29,0,0,0,0,0,0,0,0,0,0,0,1,0,0
238,0,1,50503632,50503631,팔불출,61094,100,50503630,247,800,29,0,0,0,0,0,0,0,0,0,0,0,0,0,0
239,0,1,50503642,50503641,독신클럽,61098,40,50503640,248,800,38,0,0,0,0,0,0,0,0,0,0,0,0,0,0
240,0,1,50503652,50503651,두터운 인맥,61099,30,50503650,249,800,28,0,0,0,0,0,0,0,0,0,0,0,1,0,0
241,0,1,50503662,50503661,진행자 타입,64333,200,50503660,250,800,17,0,0,0,0,0,0,0,0,0,0,0,1,0,0
242,0,1,50503672,50503671,바람둥이,61097,100,50503670,251,1200,31,0,0,0,0,0,0,0,0,0,0,0,1,0,0
243,0,1,50503682,50503681,우리 100일 이야,64334,100,50503680,252,800,23,0,0,0,0,0,0,0,0,0,0,0,1,0,0
244,0,1,50503692,50503691,결혼 안하냐?,64334,2,50503690,253,1200,0,0,0,0,0,0,0,0,0,0,0,0,0,0,0
245,0,1,50503702,50503701,장기 체납자,64335,3,50503700,254,100,0,0,0,0,0,0,0,0,0,0,0,0,0,0,0
246,0,1,50503712,50503711,공인 중개사 ,64336,10,50503710,255,800,39,0,0,0,0,0,0,0,0,0,0,0,0,0,0
247,0,1,50503722,50503721,불법 거주자,64337,500,50503720,256,100,32,0,0,0,0,0,0,0,0,0,0,0,0,0,0
248,0,1,50503732,50503731,세일즈맨,64338,10000,50503730,257,1200,42,0,0,0,0,0,0,0,0,0,0,0,0,0,0
249,0,1,50503742,50503741,축의금은 돌고돈다,64344,100,50503740,258,100,0,0,0,0,0,0,0,0,0,0,0,0,0,0,0
250,0,1,50503752,50503751,반품 남녀,64340,10,50503750,259,800,0,0,0,0,0,0,0,0,0,0,0,0,0,0,0
251,0,1,50503762,50503761,파티 피플,64341,100,50503760,260,800,46,0,0,0,0,0,0,0,0,0,0,0,0,0,0
252,0,1,50503772,50503771,배신자,64343,10,50503770,261,800,0,0,0,0,0,0,0,0,0,0,0,0,1,0,0
253,0,1,50503782,50503781,스토커,64342,300,50503780,262,800,30,0,0,0,0,0,0,0,0,0,0,0,0,0,0
254,0,3,50503792,50503791,슈퍼 히어로,61034,150,50503790,263,3000,28,0,0,0,0,0,0,0,0,0,0,0,1,0,0
255,0,3,50503802,50503801,몬스터 헌터 신예,64353,100,50503800,264,800,25,0,0,0,0,0,0,0,0,0,0,0,1,0,0
256,0,3,50503812,50503811,배터랑 몬스터 헌터,64353,300,50503810,265,1200,27,0,0,0,0,0,0,0,0,0,0,0,1,0,0
257,0,3,50503822,50503821,헌터 라이프!,64353,500,50503820,266,3000,29,0,0,0,0,0,0,0,0,0,0,0,1,0,0
258,0,3,50503832,50503831,전설의 몬스터 헌터,64353,1000,50503830,267,5000,32,0,0,0,0,0,0,0,0,0,0,0,1,0,0
259,0,5,50503842,50503841,날쌘돌이,64348,1,50503840,268,1200,0,0,0,0,0,0,0,0,0,0,0,0,1,0,0
260,0,3,50503852,50503851,서버 최초 클래스,64346,1,50503850,269,3000,0,0,0,0,0,0,0,0,0,0,0,0,0,0,0
261,0,3,50503862,50503861,패션리더,64349,5,50503860,270,1200,33,0,0,0,0,0,0,0,0,0,0,0,0,0,0
262,0,3,50503872,50503871,오~나의 용자님,64350,100,50503870,271,3000,0,0,0,0,0,0,0,0,0,0,0,0,0,0,0
263,0,3,50503882,50503881,수다쟁이,64347,100,50503880,272,800,11,0,0,0,0,0,0,0,0,0,0,0,1,0,0
264,0,1,50504062,50504061,나는 콤보의 전설이다,61077,10000,50504060,273,9000,35,0,0,0,0,0,0,0,0,0,0,0,1,0,0
265,0,6,50503912,50503911,그린 크리스마스 업적(법사용),61045,8,50503910,274,0,0,0,0,0,0,0,0,0,0,0,0,0,0,0,0
266,2/3/6/8/9/23/63,6,50503912,50503911,그린 크리스마스 업적(법사용),61045,8,50503910,274,0,0,0,0,0,0,0,0,0,0,0,0,0,1,0,0
267,0,6,50503932,50503931,눈 내리는 야후 업적,61045,9,50503930,275,0,0,0,0,0,0,0,0,0,0,0,0,0,0,0,0
268,3/63,6,50503932,50503931,눈 내리는 야후 업적,61045,9,50503930,275,0,0,0,0,0,0,0,0,0,0,0,0,0,1,0,0
269,0,6,50503942,50503941,크리스마스 야후 업적,61045,10,50503940,276,0,0,0,0,0,0,0,0,0,0,0,0,0,0,0,0
270,3/63,6,50503942,50503941,크리스마스 야후 업적,61045,10,50503940,276,0,0,0,0,0,0,0,0,0,0,0,0,0,1,0,0
271,0,6,50503952,50503951,썰매 야후 업적,61045,11,50503950,277,0,0,0,0,0,0,0,0,0,0,0,0,0,0,0,0
272,0,6,50503992,50503991,레드 크리스마스 업적(도둑용),61045,15,50503990,278,0,0,0,0,0,0,0,0,0,0,0,0,0,0,0,0
273,2/3/6/8/9/23/63,6,50503992,50503991,레드 크리스마스 업적(도둑용),61045,15,50503990,278,0,0,0,0,0,0,0,0,0,0,0,0,0,1,0,0
274,0,6,50504012,50504011,그린 크리스마스 업적(궁수용),61045,16,50504010,279,0,0,0,0,0,0,0,0,0,0,0,0,0,0,0,0
275,3/6/8/63,6,50504012,50504011,그린 크리스마스 업적(궁수용),61045,16,50504010,279,0,0,0,0,0,0,0,0,0,0,0,0,0,1,0,0
276,0,6,98005532,98005531,2010드래고니카_업적훈장,64356,2010000,98005530,280,0,0,2010,1,1,0,1,2010,2,3,23,59,0,0,0,0
277,3/8/63,6,98005532,98005531,2010드래고니카_업적훈장,64356,2010000,98005530,280,0,0,2010,1,1,0,1,2010,2,3,23,59,0,1,0,0
278,0,6,60003232,60003231,드래곤 프론티어(레드),61045,17,60003230,281,0,0,0,0,0,0,0,0,0,0,0,0,0,0,0,0
279,2/4/9/16/13/15/23/63,6,60003232,60003231,드래곤 프론티어(레드),61045,17,60003230,281,0,0,0,0,0,0,0,0,0,0,0,0,0,1,0,0
280,0,6,60003252,60003251,드래곤 프론티어(블루),61045,18,60003250,282,0,0,0,0,0,0,0,0,0,0,0,0,0,0,0,0
281,2/4/9/16/13/15/23/63,6,60003252,60003251,드래곤 프론티어(블루),61045,18,60003250,282,0,0,0,0,0,0,0,0,0,0,0,0,0,1,0,0
282,0,6,98006592,98006591,근하신년 업적,61045,19,98006590,283,0,0,0,0,0,0,0,0,0,0,0,0,0,0,0,0
283,2/3/4/16/6/8/63/9/23,6,98006592,98006591,근하신년 업적,61045,19,98006590,283,0,0,0,0,0,0,0,0,0,0,0,0,0,1,0,0
284,0,6,98006612,98006611,해피 발렌타인데이 업적,61045,20,98006610,284,0,0,0,0,0,0,0,0,0,0,0,0,0,0,0,0
285,2/3/4/9/16/23/6/8/63,6,98006612,98006611,해피 발렌타인데이 업적,61045,20,98006610,284,0,0,0,0,0,0,0,0,0,0,0,0,0,1,0,0
286,0,1,50504552,50504551,최강길드,64358,1,50504550,285,300,0,0,0,0,0,0,0,0,0,0,0,604800,1,0,0
287,0,1,50504562,50504561,We are ONE,64358,100,50504560,286,700,0,0,0,0,0,0,0,0,0,0,0,604800,1,0,0
288,0,1,50504572,50504571,You go! We Go!!,64358,101,50504570,287,1000,0,0,0,0,0,0,0,0,0,0,0,604800,1,0,0
289,2/3/6/8/9/23/63,6,50503892,50503891,레드 크리스마스 업적(전사용),61045,7,50503890,288,0,0,0,0,0,0,0,0,0,0,0,0,0,1,0,0
290,63,1,50504072,50504071,알뜰살뜰 아껴쓰자!!,64540,0,50504070,289,5000,0,0,0,0,0,0,0,0,0,0,0,0,0,0,0
291,63,1,50504082,50504081,일반 장비를 사랑해요,64550,100,50504080,290,6000,19,0,0,0,0,0,0,0,0,0,0,0,0,0,0
292,63,1,50504092,50504091,고급 장비를 사랑해요,64551,200,50504090,291,7000,29,0,0,0,0,0,0,0,0,0,0,0,0,0,0
293,63,1,50504102,50504101,스페셜 장비를 사랑해요,64552,300,50504100,292,8000,39,0,0,0,0,0,0,0,0,0,0,0,0,0,0
294,63,1,50504112,50504111,유물 장비를 사랑해요,64553,400,50504110,293,12000,49,0,0,0,0,0,0,0,0,0,0,0,0,0,0
295,63,1,50504122,50504121,전설 장비를 사랑해요,64554,500,50504120,294,35000,59,0,0,0,0,0,0,0,0,0,0,0,0,0,0
296,63,1,50504132,50504131,올빼미형 인간,61048,30,50504130,295,6000,33,0,0,0,0,0,0,0,0,0,0,0,0,0,0
297,9/23,1,50504132,50504131,올빼미형 인간,61048,30,50504130,295,6000,33,0,0,0,0,0,0,0,0,0,0,0,1,0,0
298,63,1,50504142,50504141,업적 콜렉터,64560,50,50504140,296,5000,25,0,0,0,0,0,0,0,0,0,0,0,0,0,0
299,63,1,50504152,50504151,난 업적 수집가,64560,100,50504150,297,7000,30,0,0,0,0,0,0,0,0,0,0,0,0,0,0
300,63,1,50504162,50504161,업적왕,64560,130,50504160,298,12000,35,0,0,0,0,0,0,0,0,0,0,0,0,0,0
301,63,1,50504182,50504181,강철 신체,64570,20,50504180,299,9000,0,0,0,0,0,0,0,0,0,0,0,0,0,0,0
302,63,1,50504192,50504191,초합금 신체,64570,40,50504190,300,9000,0,0,0,0,0,0,0,0,0,0,0,0,0,0,0
303,63,1,50504202,50504201,미스릴 신체,64570,60,50504200,301,12000,0,0,0,0,0,0,0,0,0,0,0,0,0,0,0
304,63,1,50504212,50504211,다이아몬드 신체,64570,80,50504210,302,50000,0,0,0,0,0,0,0,0,0,0,0,0,0,0,0
305,63,1,50504222,50504221,건설계의 샛별,64580,10000,50504220,303,9000,45,0,0,0,0,0,0,0,0,0,0,0,0,0,0
306,63,1,50504232,50504231,아파트 세웠다,64580,20000,50504230,304,12000,50,0,0,0,0,0,0,0,0,0,0,0,0,0,0
307,63,1,50504242,50504241,100층 빌딩 세웠다,64580,30000,50504240,305,15000,55,0,0,0,0,0,0,0,0,0,0,0,0,0,0
308,63,1,50504252,50504251,당신은 사장님,64580,50000,50504250,306,20000,60,0,0,0,0,0,0,0,0,0,0,0,0,0,0
309,63,1,50504262,50504261,비밀을 좋아해,64600,120000,50504260,307,3000,22,0,0,0,0,0,0,0,0,0,0,0,0,0,0
310,63,1,50504272,50504271,악마에게 홀려서,64590,10000,50504270,308,7000,23,0,0,0,0,0,0,0,0,0,0,0,0,0,0
311,63,1,50504282,50504281,토털 코디네이터,64610,0,50504280,309,9000,30,0,0,0,0,0,0,0,0,0,0,0,0,0,0
312,63,1,50504292,50504291,토털 코디네이터,64611,0,50504290,310,15000,50,0,0,0,0,0,0,0,0,0,0,0,0,0,0
313,63,1,50504302,50504301,토털 코디네이터 ,64612,0,50504300,311,22000,60,0,0,0,0,0,0,0,0,0,0,0,0,0,0
314,63,1,50504312,50504311,토털 코디네이터,64613,0,50504310,312,10000,41,0,0,0,0,0,0,0,0,0,0,0,0,0,0
315,63,1,50504322,50504321,판매에 소질이,64339,100000000,50504320,313,10000,41,0,0,0,0,0,0,0,0,0,0,0,0,0,0
316,63,1,50504332,50504331,구매에 취미가,61027,100000000,50504330,314,10000,41,0,0,0,0,0,0,0,0,0,0,0,0,0,0
317,63,1,50504412,50504411,인기스타100,64354,100,50504410,315,5000,0,0,0,0,0,0,0,0,0,0,0,0,0,0,0
318,63,1,50504442,50504441,월드스타1000,64355,1000,50504440,316,10000,0,0,0,0,0,0,0,0,0,0,0,0,0,0,0
319,0,5,50504662,50504661,[얼음미션]하얀추적자 아그니스 전문가,61127,40,50504660,317,1200,0,0,0,0,0,0,0,0,0,0,0,0,1,0,0
320,0,5,50504672,50504671,[얼음미션]하얀추적자 아그니스 달인,61127,80,50504670,318,3000,0,0,0,0,0,0,0,0,0,0,0,0,1,0,0
321,0,5,50504682,50504681,[얼음미션]영혼의안식처 정령 아비스 전문가,61128,45,50504680,319,1200,0,0,0,0,0,0,0,0,0,0,0,0,1,0,0
322,0,5,50504692,50504691,[얼음미션]영혼의안식처 정령 아비스 달인,61128,80,50504690,320,3000,0,0,0,0,0,0,0,0,0,0,0,0,1,0,0
323,0,5,50504702,50504701,[얼음미션]곰발톱광산 알렉산더 전문가,61129,50,50504700,321,1200,0,0,0,0,0,0,0,0,0,0,0,0,1,0,0
324,0,5,50504712,50504711,[얼음미션]곰발톱광산 알렉산더 달인,61129,90,50504710,322,3000,0,0,0,0,0,0,0,0,0,0,0,0,1,0,0
325,0,5,50504722,50504721,[얼음미션]살얼음고개 아이스드래곤 레그노 전문가,61130,55,50504720,323,1200,0,0,0,0,0,0,0,0,0,0,0,0,1,0,0
326,0,5,50504732,50504731,[얼음미션]살얼음고개 아이스드래곤 레그노 달인,61130,90,50504730,324,3000,0,0,0,0,0,0,0,0,0,0,0,0,1,0,0
327,0,4,50504742,50504741,[망자의탑]망자의 탑 탐험가,61131,20,50504740,325,1200,0,0,0,0,0,0,0,0,0,0,0,0,1,0,0
328,0,1,50504752,50504751,[길드기능]드래곤 마스터,64358,200,50504750,326,1500,0,0,0,0,0,0,0,0,0,0,0,604800,1,0,0
329,0,1,50504762,50504761,상큼하게 백콤보,61077,100,50504760,327,100,0,0,0,0,0,0,0,0,0,0,0,0,1,0,0
330,0,1,50504772,50504771,콤보신동 나셨네 ,61077,300,50504770,328,200,0,0,0,0,0,0,0,0,0,0,0,0,1,0,0
331,0,1,50504782,50504781,절정의 콤보감각,61077,500,50504780,329,300,0,0,0,0,0,0,0,0,0,0,0,0,1,0,0
332,0,1,50504792,50504791,나는 콤보의 귀재,61077,1000,50504790,330,800,0,0,0,0,0,0,0,0,0,0,0,0,1,0,0
333,63,1,50504882,50504881,[PVP리그] PVP리그 16강,64359,4,50504880,331,300,0,0,0,0,0,0,0,0,0,0,0,604800,1,0,0
334,63,1,50504892,50504891,[PVP리그] PVP리그 8강,64359,5,50504890,332,500,0,0,0,0,0,0,0,0,0,0,0,604800,1,0,0
335,63,1,50504902,50504901,[PVP리그] PVP리그 4강,64359,6,50504900,333,800,0,0,0,0,0,0,0,0,0,0,0,604800,1,0,0
336,63,1,50504912,50504911,[PVP리그] PVP리그 준우승,64359,7,50504910,334,1200,0,0,0,0,0,0,0,0,0,0,0,604800,1,0,0
337,63,1,50504922,50504921,[PVP리그] PVP리그 우승,64359,8,50504920,335,2000,0,0,0,0,0,0,0,0,0,0,0,604800,1,0,0
338,0,5,50504932,50504931,[미션업적] 살신성인 100,64360,100,50504930,336,100,0,0,0,0,0,0,0,0,0,0,0,0,1,0,0
339,0,5,50504942,50504941,[미션업적] 살신성인 200,64360,200,50504940,337,200,0,0,0,0,0,0,0,0,0,0,0,0,1,0,0
340,0,5,50504952,50504951,[미션업적] 살신성인 300,64360,300,50504950,338,300,0,0,0,0,0,0,0,0,0,0,0,0,1,0,0
341,0,5,50504962,50504961,[미션업적] 살신성인 500,64360,500,50504960,339,500,0,0,0,0,0,0,0,0,0,0,0,0,1,0,0
342,0,4,50505012,50505011,[늑대던전] 15LV 늑대와 춤을 (100마리),61132,100,50505010,340,300,0,0,0,0,0,0,0,0,0,0,0,0,1,0,0
343,0,4,50505022,50505021,[늑대던전] 15LV 상단의 수호자 (1000마리),61132,1000,50505020,341,1200,0,0,0,0,0,0,0,0,0,0,0,0,1,0,0
344,0,4,50505032,50505031,[늑대던전] 15LV 시크 경험자 (1회),61133,1,50505030,342,100,0,0,0,0,0,0,0,0,0,0,0,0,1,0,0
345,0,4,50505042,50505041,[늑대던전] 15LV 시크 숙련자 (5회),61133,5,50505040,343,600,0,0,0,0,0,0,0,0,0,0,0,0,1,0,0
346,0,4,50505052,50505051,[늑대던전] 15LV 시크 전문가 (10회),61133,10,50505050,344,1200,0,0,0,0,0,0,0,0,0,0,0,0,1,0,0
347,0,4,50505062,50505061,[늑대던전] 15LV 헤스 경험자 (1회),61134,1,50505060,345,100,0,0,0,0,0,0,0,0,0,0,0,0,1,0,0
348,0,4,50505072,50505071,[늑대던전] 15LV 헤스 숙련자 (5회),61134,5,50505070,346,600,0,0,0,0,0,0,0,0,0,0,0,0,1,0,0
349,0,4,50505082,50505081,[늑대던전] 15LV 헤스 전문가 (10회),61134,10,50505080,347,1200,0,0,0,0,0,0,0,0,0,0,0,0,1,0,0
350,0,4,50505092,50505091,[늑대던전] 20LV 늑대와 춤을 (100마리),61135,100,50505090,348,300,0,0,0,0,0,0,0,0,0,0,0,0,1,0,0
351,0,4,50505102,50505101,[늑대던전] 20LV 상단의 수호자 (1000마리),61135,1000,50505100,349,1200,0,0,0,0,0,0,0,0,0,0,0,0,1,0,0
352,0,4,50505112,50505111,[늑대던전] 20LV 시크 경험자 (1회),61136,1,50505110,350,100,0,0,0,0,0,0,0,0,0,0,0,0,1,0,0
353,0,4,50505122,50505121,[늑대던전] 20LV 시크 숙련자 (5회),61136,5,50505120,351,600,0,0,0,0,0,0,0,0,0,0,0,0,1,0,0
354,0,4,50505132,50505131,[늑대던전] 20LV 시크 전문가 (10회),61136,10,50505130,352,1200,0,0,0,0,0,0,0,0,0,0,0,0,1,0,0
355,0,4,50505142,50505141,[늑대던전] 20LV 헤스 경험자 (1회),61137,1,50505140,353,100,0,0,0,0,0,0,0,0,0,0,0,0,1,0,0
356,0,4,50505152,50505151,[늑대던전] 20LV 헤스 숙련자 (5회),61137,5,50505150,354,600,0,0,0,0,0,0,0,0,0,0,0,0,1,0,0
357,0,4,50505162,50505161,[늑대던전] 20LV 헤스 전문가 (10회),61137,10,50505160,355,1200,0,0,0,0,0,0,0,0,0,0,0,0,1,0,0
358,0,4,50505192,50505191,[지하던전] 30LV 한밤중의 묘지탐험 (666마리),61138,666,50505190,356,300,0,0,0,0,0,0,0,0,0,0,0,0,1,0,0
359,0,4,50505202,50505201,[지하던전] 30LV 지하묘지 지킴이 (4444마리),61138,4444,50505200,357,1000,0,0,0,0,0,0,0,0,0,0,0,0,1,0,0
360,0,4,50505212,50505211,[지하던전] 30LV 카지모도 숙련자 (5회),61139,5,50505210,358,500,0,0,0,0,0,0,0,0,0,0,0,0,1,0,0
361,0,4,50505222,50505221,[지하던전] 30LV 카지모도 전문가 (10회),61139,10,50505220,359,800,0,0,0,0,0,0,0,0,0,0,0,0,1,0,0
362,0,4,50505232,50505231,[지하던전] 30LV 카지모도 달인 (20회),61139,20,50505230,360,1200,0,0,0,0,0,0,0,0,0,0,0,0,1,0,0
363,0,4,50505242,50505241,[지하던전] 35LV 한밤중의 묘지탐험 (666마리),61140,666,50505240,361,300,0,0,0,0,0,0,0,0,0,0,0,0,1,0,0
364,0,4,50505252,50505251,[지하던전] 35LV 지하묘지 지킴이 (4444마리),61140,4444,50505250,362,1000,0,0,0,0,0,0,0,0,0,0,0,0,1,0,0
365,0,4,50505262,50505261,[지하던전] 35LV 아누쿠스 숙련자 (5회),61141,5,50505260,363,500,0,0,0,0,0,0,0,0,0,0,0,0,1,0,0
366,0,4,50505272,50505271,[지하던전] 35LV 아누쿠스 전문가 (10회),61141,10,50505270,364,800,0,0,0,0,0,0,0,0,0,0,0,0,1,0,0
367,0,4,50505282,50505281,[지하던전] 35LV 아누쿠스 달인 (20회),61141,20,50505280,365,1200,0,0,0,0,0,0,0,0,0,0,0,0,1,0,0
368,0,6,50504042,50504041,궁극에 달한 자(파리스업적),61045,21,50504040,601,0,0,0,0,0,0,0,0,0,0,0,0,0,1,0,0
369,0,6,50504582,50504581,사쿠라 이벤트 업적,61045,22,50504580,602,0,0,0,0,0,0,0,0,0,0,0,0,0,0,0,0
370,2/3/9/23/63,6,50504582,50504581,사쿠라 이벤트 업적,61045,22,50504580,602,0,0,0,0,0,0,0,0,0,0,0,0,0,1,0,0
371,4/6/8/13/15/16/24,6,50504582,50504581,사쿠라 이벤트 업적,61045,22,50504580,602,0,0,0,0,0,0,0,0,0,0,0,0,0,1,0,0
372,0,6,50504602,50504601,골드 위크 블리더 업적,61045,23,50504600,603,0,0,0,0,0,0,0,0,0,0,0,0,0,0,0,0
373,0,6,50504622,50504621,Heroes of Heroes(싱가폴),61045,24,50504620,604,0,0,0,0,0,0,0,0,0,0,0,0,0,0,0,0
374,0,6,50504642,50504641,별에 소원을 [일본 이벤트],61045,25,50504640,605,0,0,0,0,0,0,0,0,0,0,0,0,0,0,0,0
375,0,6,50504802,50504801,[한국이벤트] D-FORCE,61045,27,50504800,606,0,0,0,0,0,0,0,0,0,0,0,0,0,0,0,0
376,63,6,50504802,50504801,[한국이벤트] D-FORCE,61045,27,50504800,606,0,0,0,0,0,0,0,0,0,0,0,0,0,1,0,0
377,0,6,50504822,50504821,[러시아이벤트] PVP 1등,61045,28,50504820,607,0,0,0,0,0,0,0,0,0,0,0,0,0,0,0,0
378,63,6,50504822,50504821,[러시아이벤트] PVP 1등,61045,28,50504820,607,0,0,0,0,0,0,0,0,0,0,0,0,0,1,0,0
379,0,6,50504842,50504841,[러시아이벤트] PVP 2등,61045,29,50504840,608,0,0,0,0,0,0,0,0,0,0,0,0,0,0,0,0
380,63,6,50504842,50504841,[러시아이벤트] PVP 2등,61045,29,50504840,608,0,0,0,0,0,0,0,0,0,0,0,0,0,1,0,0
381,0,6,50504862,50504861,[러시아이벤트] PVP 3등,61045,30,50504860,609,0,0,0,0,0,0,0,0,0,0,0,0,0,0,0,0
382,63,6,50504862,50504861,[러시아이벤트] PVP 3등,61045,30,50504860,609,0,0,0,0,0,0,0,0,0,0,0,0,0,1,0,0
383,0,6,50504972,50504971,[일본이벤트] 플레임 헤이즈,61045,34,50504970,610,0,0,0,0,0,0,0,0,0,0,0,0,0,0,0,0
384,0,6,50504992,50504991,[한국이벤트] 콤보 전문가,61045,35,50504990,611,0,0,0,0,0,0,0,0,0,0,0,0,0,0,0,0
385,63,6,50504992,50504991,[한국이벤트] 콤보 전문가,61045,35,50504990,611,0,0,0,0,0,0,0,0,0,0,0,0,0,1,0,0
386,3/63,6,50505292,50505291,[할로윈이벤트] 해피 할로윈 업적,61045,37,50505290,613,0,0,0,0,0,0,0,0,0,0,0,0,0,1,0,0
387,63,6,50505312,50505311,[한국요청] 공략의 신 업적,61045,38,50505310,614,0,0,0,0,0,0,0,0,0,0,0,0,0,1,0,0
388,4/16/63,6,50505332,50505331,[태국이벤트] 드래곤리그 챔피온 업적,61045,39,50505330,615,0,0,0,0,0,0,0,0,0,0,0,0,2592000,1,0,0
389,4/16/63,6,50505352,50505351,[태국이벤트] 드래곤리그 전설 업적,61045,40,50505350,616,0,0,0,0,0,0,0,0,0,0,0,0,2592000,1,0,0
390,0,4,50505372,50505371,[신록의숲] 45LV 신록의숲 도전자 (일반몬스터200마리),61142,200,50505370,617,200,0,0,0,0,0,0,0,0,0,0,0,0,1,9020700,0
391,0,4,50505382,50505381,[신록의숲] 45LV 신록의숲 정복자 (일반몬스터1000마리),61142,1000,50505380,618,500,0,0,0,0,0,0,0,0,0,0,0,0,1,9020700,0
392,0,4,50505392,50505391,[신록의숲] 45LV 신록의숲 정화자 (일반몬스터3000마리),61142,3000,50505390,619,1000,0,0,0,0,0,0,0,0,0,0,0,0,1,9020700,0
393,0,4,50505402,50505401,[신록의숲] 45LV 썩은 나무괴물  숙련자(5회),61143,5,50505400,620,300,0,0,0,0,0,0,0,0,0,0,0,0,1,9020700,0
394,0,4,50505412,50505411,[신록의숲] 45LV 썩은 나무괴물  전문가(10회),61143,10,50505410,621,1000,0,0,0,0,0,0,0,0,0,0,0,0,1,9020700,0
395,0,4,50505422,50505421,[신록의숲] 45LV 가시 나무괴물  숙련자(5회),61144,5,50505420,622,300,0,0,0,0,0,0,0,0,0,0,0,0,1,9020700,0
396,0,4,50505432,50505431,[신록의숲] 45LV 가시 나무괴물  전문가(10회),61144,10,50505430,623,1000,0,0,0,0,0,0,0,0,0,0,0,0,1,9020700,0
397,0,4,50505442,50505441,[신록의숲] 45LV 독 나무괴물  숙련자(5회),61145,5,50505440,624,300,0,0,0,0,0,0,0,0,0,0,0,0,1,9020700,0
398,0,4,50505452,50505451,[신록의숲] 45LV 독 나무괴물  전문가(10회),61145,10,50505450,625,1000,0,0,0,0,0,0,0,0,0,0,0,0,1,9020700,0
399,0,4,50505462,50505461,[신록의숲] 45LV 리바이어스 숙련자(5회),61146,5,50505460,626,1000,0,0,0,0,0,0,0,0,0,0,0,0,1,9020700,0
400,0,4,50505472,50505471,[신록의숲] 45LV 리바이어스 전문가(10회),61146,10,50505470,627,2000,0,0,0,0,0,0,0,0,0,0,0,0,1,9020700,0
401,0,4,50505482,50505481,[신록의숲] 45LV 리바이어스 전문가(20회),61146,20,50505480,628,3000,0,0,0,0,0,0,0,0,0,0,0,0,1,9020700,0
402,0,4,50505492,50505491,[신록의숲] 45LV 모두가 사는길!(4인 파티원이 아무도 죽지않고 던전클리어),64615,4,50505490,629,1000,0,0,0,0,0,0,0,0,0,0,0,0,1,9020700,4701400
403,0,4,50505502,50505501,[신록의숲] 45LV 신속한 정화 (30분안에 던전 클리어),64617,1800,50505500,630,3000,0,0,0,0,0,0,0,0,0,0,0,0,1,9020700,4701400
404,63,4,50505512,50505511,[신록의숲] 45LV 불가능한 일 (10대미만맞고 던전클리어),64616,10,50505510,631,3000,0,0,0,0,0,0,0,0,0,0,0,0,0,0,4701400
405,0,4,50505522,50505521,[신록의숲] 45LV 신록의 숲 마스터(신록의 숲 모든 업적 클리어),64614,1,50505520,632,5000,0,0,0,0,0,0,0,0,0,0,0,0,1,9020700,0
406,3/63,6,50505532,50505531,[일본/대만 이벤트] 드래고니카 가면 무도회,61045,41,50505530,633,0,0,0,0,0,0,0,0,0,0,0,0,0,1,0,0
407,0,4,50505497,50505494,[신록의숲] 45LV 모두가 사는길!(파티원이 아무도 죽지않고 던전클리어)-테스트,64615,3,50505494,634,1000,0,0,0,0,0,0,0,0,0,0,0,0,0,0,4701400
408,0,4,50505498,50505495,[신록의숲] 45LV 모두가 사는길!(파티원이 아무도 죽지않고 던전클리어)-테스트,64615,2,50505495,635,1000,0,0,0,0,0,0,0,0,0,0,0,0,0,0,4701400
409,0,4,50505499,50505496,[신록의숲] 45LV 모두가 사는길!(파티원이 아무도 죽지않고 던전클리어)-테스트,64615,1,50505496,636,1000,0,0,0,0,0,0,0,0,0,0,0,0,0,0,4701400
410,63,4,50505602,50505601,[신록의숲] 45LV 신속한 정화 (10분안에 던전 클리어)테스트,64617,600,50505600,637,3000,0,0,0,0,0,0,0,0,0,0,0,0,0,0,4701400
411,63,4,50505702,50505701,[신록의숲] 45LV 신속한 정화 (5분안에 던전 클리어)테스트,64617,300,50505700,638,3000,0,0,0,0,0,0,0,0,0,0,0,0,0,0,4701400
412,63,4,50505802,50505801,[신록의숲] 45LV 신속한 정화 (1분안에 던전 클리어)테스트,64617,60,50505800,639,3000,0,0,0,0,0,0,0,0,0,0,0,0,0,0,4701400
413,0,6,198006592,198006591,근하신년 업적,61045,42,198006590,640,0,0,0,0,0,0,0,0,0,0,0,0,0,0,0,0
414,63,6,198006592,198006591,근하신년 업적,61045,42,198006590,640,0,0,0,0,0,0,0,0,0,0,0,0,0,1,0,0
415,3/63,6,198006622,198006621,Merry Christmas 업적(일본),61045,43,198006620,641,0,0,0,0,0,0,0,0,0,0,0,0,0,1,0,0
416,3/63,6,198006722,198006721,근하신년 2011(일본),61045,44,198006720,642,0,0,0,0,0,0,0,0,0,0,0,0,0,1,0,0
417,3/63,6,99700372,99700371,근하신년 업적,61045,45,99700370,643,0,0,0,0,0,0,0,0,0,0,0,0,0,1,0,0
418,0,6,291300017,291300016,부활절 업적(영문권),61045,48,291300015,645,0,0,0,0,0,0,0,0,0,0,0,0,2592000,0,0,0
419,2/3/4/6/8/9/13/15/16/23/24,6,291300017,291300016,부활절 업적(영문권),61045,48,291300015,645,0,0,0,0,0,0,0,0,0,0,0,0,2592000,1,0,0
420,0,4,50505902,50505901,아키아 동굴  탐험가  일반 몬스터 200마리 처치,61147,200,50505900,646,200,0,0,0,0,0,0,0,0,0,0,0,0,1,9050300,0
421,0,4,50505912,50505911,아키아 동굴  전문가 일반 몬스터 1000마리 처치,61147,1000,50505910,647,500,0,0,0,0,0,0,0,0,0,0,0,0,1,9050300,0
422,0,4,50505922,50505921,아키아 동굴  정복자 일반 몬스터 2000마리 처치,61147,2000,50505920,648,1000,0,0,0,0,0,0,0,0,0,0,0,0,1,9050300,0
423,0,4,50505932,50505931,신보의 정화자  아카나이 10회 척살,61148,10,50505930,649,500,0,0,0,0,0,0,0,0,0,0,0,0,1,9050300,0
424,0,4,50505942,50505941,신보의 수호자  아카나이 30회 척살,61148,30,50505940,650,800,0,0,0,0,0,0,0,0,0,0,0,0,1,9050300,0
425,0,4,50505952,50505951,페리 에리얼 숙련자  5회 척살,61149,5,50505950,651,500,0,0,0,0,0,0,0,0,0,0,0,0,1,9050300,0
426,0,4,50505962,50505961,페리 에리얼 전문가  10회 척살,61149,10,50505960,652,800,0,0,0,0,0,0,0,0,0,0,0,0,1,9050300,0
427,0,4,50505972,50505971,원한의 정령 숙련자  5회 척살,61150,5,50505970,653,500,0,0,0,0,0,0,0,0,0,0,0,0,1,9050300,0
428,0,4,50505982,50505981,원한의 정령 전문가  10회 척살,61150,10,50505980,654,800,0,0,0,0,0,0,0,0,0,0,0,0,1,9050300,0
429,0,4,50505992,50505991,박쥐거미 숙련자  5회 척살,61151,5,50505990,655,500,0,0,0,0,0,0,0,0,0,0,0,0,1,9050300,0
430,0,4,50506002,50506001,박쥐거미 전문가  10회 척살,61151,10,50506000,656,800,0,0,0,0,0,0,0,0,0,0,0,0,1,9050300,0
431,0,4,50506012,50506011,신속한 정화 30분안에 던전 클리어,64617,1799,50506010,657,3000,0,0,0,0,0,0,0,0,0,0,0,0,1,9050300,3530800
432,0,4,50506022,50506021,다시 태어난 신보  아키아 동굴 모든 업적 달성,64614,3,50506020,658,5000,0,0,0,0,0,0,0,0,0,0,0,0,1,9050300,0
433,0,4,50506032,50506031,검은발톱 둥지  탐험가  일반 몬스터 500마리 처치,61152,500,50506030,659,500,0,0,0,0,0,0,0,0,0,0,0,0,1,9050400,0
434,0,4,50506042,50506041,검은발톱 둥지  전문가 일반 몬스터 1500마리 처치,61152,1500,50506040,660,1000,0,0,0,0,0,0,0,0,0,0,0,0,1,9050400,0
435,0,4,50506052,50506051,검은발톱 둥지  정복자 일반 몬스터 3000마리 처치,61152,3000,50506050,661,1500,0,0,0,0,0,0,0,0,0,0,0,0,1,9050400,0
436,0,4,50506062,50506061,악마에게 맞서는자 디아블릭 5회처치,61153,5,50506060,662,500,0,0,0,0,0,0,0,0,0,0,0,0,1,9050400,0
437,0,4,50506072,50506071,악마를 쓰러트린자 디아블릭 25회처치,61153,25,50506070,663,1000,0,0,0,0,0,0,0,0,0,0,0,0,1,9050400,0
438,0,4,50506082,50506081,악마를 지배한자 디아블릭 50회처치,61153,50,50506080,664,1500,0,0,0,0,0,0,0,0,0,0,0,0,1,9050400,0
439,0,4,50506092,50506091,흉폭한 마법사 데비 리치 5회 처치,61154,5,50506090,665,500,0,0,0,0,0,0,0,0,0,0,0,0,1,9050400,0
440,0,4,50506102,50506101,약해진 마법사 데비 리치 25회 처치,61154,25,50506100,666,1000,0,0,0,0,0,0,0,0,0,0,0,0,1,9050400,0
441,0,4,50506112,50506111,별볼일 없는 마법사 데비 리치 50회 처치,61154,50,50506110,667,1500,0,0,0,0,0,0,0,0,0,0,0,0,1,9050400,0
442,0,4,50506122,50506121,머리 둘 달린 개 케로베로스 5회 처치,61155,5,50506120,668,500,0,0,0,0,0,0,0,0,0,0,0,0,1,9050400,0
443,0,4,50506132,50506131,지옥개 조련사 케로베로스 25회 처치,61155,25,50506130,669,1000,0,0,0,0,0,0,0,0,0,0,0,0,1,9050400,0
444,0,4,50506142,50506141,귀여운 케로베로스 케로베로스 50회 처치,61155,50,50506140,670,1500,0,0,0,0,0,0,0,0,0,0,0,0,1,9050400,0
445,0,4,50506152,50506151,흑룡왕 경험자 엘가 처치 1회,61156,1,50506150,671,1000,0,0,0,0,0,0,0,0,0,0,0,0,1,9050400,0
446,0,4,50506162,50506161,흑룡왕 마스터 엘가 처치 20회,61156,20,50506160,672,3000,0,0,0,0,0,0,0,0,0,0,0,0,1,9050400,0
447,0,4,50506172,50506171,흑룡왕 종결자 엘가 처치 100회,61156,100,50506170,673,4000,0,0,0,0,0,0,0,0,0,0,0,0,1,9050400,0
448,0,4,50506182,50506181,속전속결 25분안에 검은발톱둥지 클리어,64617,1500,50506180,674,3000,0,0,0,0,0,0,0,0,0,0,0,0,1,9050400,3542120
449,0,4,50506192,50506191,아무도 죽지마 아무도 죽지않고 검은 발톱 둥지 클리어,64615,1,50506190,675,4000,0,0,0,0,0,0,0,0,0,0,0,0,1,9050400,3542120
450,0,4,50506202,50506201,시간의 수호자 검은 발톱둥지 모든업적 클리어,64614,2,50506200,676,6000,0,0,0,0,0,0,0,0,0,0,0,0,1,9050400,3542120
451,0,6,398003382,398003381,뉴오리진 업적,61045,49,398003380,677,6000,0,0,0,0,0,0,0,0,0,0,0,0,1,0,3542120
453,0,4,231021262,231021261,오리진의 기억,61045,50,231021260,678,3000,0,0,0,0,0,0,0,0,0,0,0,0,1,0,0
454,0,6,398003492,398003491,더 높은 곳을 향하여! Top of the Dragonica(장착),61045,51,398003490,679,2500,0,0,0,0,0,0,0,0,0,0,0,0,0,0,0
455,2/4/9/16/13/15/23/63,6,398003492,398003491,더 높은 곳을 향하여! Top of the Dragonica(장착),61045,51,398003490,679,2500,0,0,0,0,0,0,0,0,0,0,0,0,1,0,0
456,0,5,50506212,50506211,자로 전문가,61157,20,50506210,680,1200,0,0,0,0,0,0,0,0,0,0,0,0,1,0,0
457,0,5,50506222,50506221,자로 달인,61157,40,50506220,681,3000,0,0,0,0,0,0,0,0,0,0,0,0,1,0,0
458,0,5,50506232,50506231,킬로 전문가,61158,20,50506230,682,1200,0,0,0,0,0,0,0,0,0,0,0,0,1,0,0
459,0,5,50506242,50506241,킬로 달인,61158,40,50506240,683,3000,0,0,0,0,0,0,0,0,0,0,0,0,1,0,0
460,0,5,50506252,50506251,카샤프 전문가,61159,25,50506250,684,1200,0,0,0,0,0,0,0,0,0,0,0,0,1,0,0
461,0,5,50506262,50506261,카샤프 달인,61159,55,50506260,685,3000,0,0,0,0,0,0,0,0,0,0,0,0,1,0,0
462,0,5,50506272,50506271,프로켈 전문가,61160,25,50506270,686,1200,0,0,0,0,0,0,0,0,0,0,0,0,1,0,0
463,0,5,50506282,50506281,프로켈 달인,61160,55,50506280,687,3000,0,0,0,0,0,0,0,0,0,0,0,0,1,0,0
464,0,6,299602982,299602981,업적: 수박깨기 달인,61045,52,299602980,688,500,0,0,0,0,0,0,0,0,0,0,0,0,0,0,0
465,0,6,299602812,299602811,업적: 곤충 체집 달인,61045,53,299602810,689,500,0,0,0,0,0,0,0,0,0,0,0,0,0,0,0
466,0,2,99802902,99802901,[속성업적]저급 화염속성 원소10개,64700,10,99802900,690,100,0,0,0,0,0,0,0,0,0,0,0,0,1,0,0
467,0,2,99802912,99802911,[속성업적]고급 화염속성 원소10개,64701,10,99802910,691,100,0,0,0,0,0,0,0,0,0,0,0,0,1,0,0
468,0,2,99802922,99802921,[속성업적]저급 냉기속성 원소10개,64702,10,99802920,692,100,0,0,0,0,0,0,0,0,0,0,0,0,1,0,0
469,0,2,99802932,99802931,[속성업적]고급 냉기속성 원소10개,64703,10,99802930,693,100,0,0,0,0,0,0,0,0,0,0,0,0,1,0,0
470,0,2,99802942,99802941,[속성업적]저급 자연속성 원소10개,64704,10,99802940,694,100,0,0,0,0,0,0,0,0,0,0,0,0,1,0,0
471,0,2,99802952,99802951,[속성업적]고급 자연속성 원소10개,64705,10,99802950,695,100,0,0,0,0,0,0,0,0,0,0,0,0,1,0,0
472,0,2,99802962,99802961,[속성업적]저급 저주속성 원소10개,64706,10,99802960,696,100,0,0,0,0,0,0,0,0,0,0,0,0,1,0,0
473,0,2,99802972,99802971,[속성업적]고급 저주속성 원소10개,64707,10,99802970,697,100,0,0,0,0,0,0,0,0,0,0,0,0,1,0,0
474,0,2,99802982,99802981,[속성업적]저급 파괴속성 원소10개,64708,10,99802980,698,100,0,0,0,0,0,0,0,0,0,0,0,0,1,0,0
475,0,2,99802992,99802991,[속성업적]저급 화염속성 원소50개,64700,50,99802990,699,200,0,0,0,0,0,0,0,0,0,0,0,0,1,0,0
476,0,2,99803002,99803001,[속성업적]고급 화염속성 원소50개,64701,50,99803000,700,200,0,0,0,0,0,0,0,0,0,0,0,0,1,0,0
477,0,2,99803012,99803011,[속성업적]저급 냉기속성 원소50개,64702,50,99803010,701,200,0,0,0,0,0,0,0,0,0,0,0,0,1,0,0
478,0,2,99803022,99803021,[속성업적]고급 냉기속성 원소50개,64703,50,99803020,702,200,0,0,0,0,0,0,0,0,0,0,0,0,1,0,0
479,0,2,99803032,99803031,[속성업적]저급 자연속성 원소50개,64704,50,99803030,703,200,0,0,0,0,0,0,0,0,0,0,0,0,1,0,0
480,0,2,99803042,99803041,[속성업적]고급 자연속성 원소50개,64705,50,99803040,704,200,0,0,0,0,0,0,0,0,0,0,0,0,1,0,0
481,0,2,99803052,99803051,[속성업적]저급 저주속성 원소50개,64706,50,99803050,705,200,0,0,0,0,0,0,0,0,0,0,0,0,1,0,0
482,0,2,99803062,99803061,[속성업적]고급 저주속성 원소50개,64707,50,99803060,706,200,0,0,0,0,0,0,0,0,0,0,0,0,1,0,0
483,0,2,99803072,99803071,[속성업적]저급 파괴속성 원소50개,64708,50,99803070,707,200,0,0,0,0,0,0,0,0,0,0,0,0,1,0,0
484,0,2,99803082,99803081,[속성업적]저급 화염속성 원소100개,64700,100,99803080,708,300,0,0,0,0,0,0,0,0,0,0,0,0,1,0,0
485,0,2,99803092,99803091,[속성업적]고급 화염속성 원소100개,64701,100,99803090,709,300,0,0,0,0,0,0,0,0,0,0,0,0,1,0,0
486,0,2,99803102,99803101,[속성업적]저급 냉기속성 원소100개,64702,100,99803100,710,300,0,0,0,0,0,0,0,0,0,0,0,0,1,0,0
487,0,2,99803112,99803111,[속성업적]고급 냉기속성 원소100개,64703,100,99803110,711,300,0,0,0,0,0,0,0,0,0,0,0,0,1,0,0
488,0,2,99803122,99803121,[속성업적]저급 자연속성 원소100개,64704,100,99803120,712,300,0,0,0,0,0,0,0,0,0,0,0,0,1,0,0
489,0,2,99803132,99803131,[속성업적]고급 자연속성 원소100개,64705,100,99803130,713,300,0,0,0,0,0,0,0,0,0,0,0,0,1,0,0
490,0,2,99803142,99803141,[속성업적]저급 저주속성 원소100개,64706,100,99803140,714,300,0,0,0,0,0,0,0,0,0,0,0,0,1,0,0
491,0,2,99803152,99803151,[속성업적]고급 저주속성 원소100개,64707,100,99803150,715,300,0,0,0,0,0,0,0,0,0,0,0,0,1,0,0
492,0,2,99803162,99803161,[속성업적]저급 파괴속성 원소100개,64708,100,99803160,716,300,0,0,0,0,0,0,0,0,0,0,0,0,1,0,0
493,0,1,99803172,99803171,[속성업적]화염 속성 공격력 100,64710,100,99803170,717,100,0,0,0,0,0,0,0,0,0,0,0,0,1,0,0
494,0,1,99803182,99803181,[속성업적]냉기 속성 공격력100,64711,100,99803180,718,100,0,0,0,0,0,0,0,0,0,0,0,0,1,0,0
495,0,1,99803192,99803191,[속성업적]자연 속성 공격력100,64712,100,99803190,719,100,0,0,0,0,0,0,0,0,0,0,0,0,1,0,0
496,0,1,99803202,99803201,[속성업적]저주 속성 공격력100,64713,100,99803200,720,100,0,0,0,0,0,0,0,0,0,0,0,0,1,0,0
497,0,1,99803212,99803211,[속성업적]파괴 속성 공격력100,64714,100,99803210,721,100,0,0,0,0,0,0,0,0,0,0,0,0,1,0,0
498,0,1,99803222,99803221,[속성업적]5대 속성 공격력100,64715,100,99803220,722,100,0,0,0,0,0,0,0,0,0,0,0,0,1,0,0
499,0,1,99803232,99803231,[속성업적]화염 속성 저항력 100,64716,100,99803230,723,100,0,0,0,0,0,0,0,0,0,0,0,0,1,0,0
500,0,1,99803242,99803241,[속성업적]냉기 속성 저항력100,64717,100,99803240,724,100,0,0,0,0,0,0,0,0,0,0,0,0,1,0,0
501,0,1,99803252,99803251,[속성업적]자연 속성 저항력100,64718,100,99803250,725,100,0,0,0,0,0,0,0,0,0,0,0,0,1,0,0
502,0,1,99803262,99803261,[속성업적]저주 속성 저항력100,64719,100,99803260,726,100,0,0,0,0,0,0,0,0,0,0,0,0,1,0,0
503,0,1,99803272,99803271,[속성업적]파괴 속성 저항력100,64720,100,99803270,727,100,0,0,0,0,0,0,0,0,0,0,0,0,1,0,0
504,0,1,99803282,99803281,[속성업적]5대 속성 저항력100,64721,100,99803280,728,100,0,0,0,0,0,0,0,0,0,0,0,0,1,0,0
505,0,1,99803292,99803291,[속성업적]화염 속성 공격력 500,64710,500,99803290,729,250,0,0,0,0,0,0,0,0,0,0,0,0,1,0,0
506,0,1,99803302,99803301,[속성업적]냉기 속성 공격력500,64711,500,99803300,730,250,0,0,0,0,0,0,0,0,0,0,0,0,1,0,0
507,0,1,99803312,99803311,[속성업적]자연 속성 공격력500,64712,500,99803310,731,250,0,0,0,0,0,0,0,0,0,0,0,0,1,0,0
508,0,1,99803322,99803321,[속성업적]저주 속성 공격력500,64713,500,99803320,732,250,0,0,0,0,0,0,0,0,0,0,0,0,1,0,0
509,0,1,99803332,99803331,[속성업적]파괴 속성 공격력500,64714,500,99803330,733,250,0,0,0,0,0,0,0,0,0,0,0,0,1,0,0
510,0,1,99803342,99803341,[속성업적]5대 속성 공격력500,64715,500,99803340,734,250,0,0,0,0,0,0,0,0,0,0,0,0,1,0,0
511,0,1,99803352,99803351,[속성업적]화염 속성 저항력 500,64716,500,99803350,735,250,0,0,0,0,0,0,0,0,0,0,0,0,1,0,0
512,0,1,99803362,99803361,[속성업적]냉기 속성 저항력500,64717,500,99803360,736,250,0,0,0,0,0,0,0,0,0,0,0,0,1,0,0
513,0,1,99803372,99803371,[속성업적]자연 속성 저항력500,64718,500,99803370,737,250,0,0,0,0,0,0,0,0,0,0,0,0,1,0,0
514,0,1,99803382,99803381,[속성업적]저주 속성 저항력500,64719,500,99803380,738,250,0,0,0,0,0,0,0,0,0,0,0,0,1,0,0
515,0,1,99803392,99803391,[속성업적]파괴 속성 저항력500,64720,500,99803390,739,250,0,0,0,0,0,0,0,0,0,0,0,0,1,0,0
516,0,1,99803402,99803401,[속성업적]5대 속성 저항력500,64721,500,99803400,740,250,0,0,0,0,0,0,0,0,0,0,0,0,1,0,0
517,0,1,99803412,99803411,[속성업적]화염 속성 공격력 1000,64710,1000,99803410,741,500,0,0,0,0,0,0,0,0,0,0,0,0,1,0,0
518,0,1,99803422,99803421,[속성업적]냉기 속성 공격력1000,64711,1000,99803420,742,500,0,0,0,0,0,0,0,0,0,0,0,0,1,0,0
519,0,1,99803432,99803431,[속성업적]자연 속성 공격력1000,64712,1000,99803430,743,500,0,0,0,0,0,0,0,0,0,0,0,0,1,0,0
520,0,1,99803442,99803441,[속성업적]저주 속성 공격력1000,64713,1000,99803440,744,500,0,0,0,0,0,0,0,0,0,0,0,0,1,0,0
521,0,1,99803452,99803451,[속성업적]파괴 속성 공격력1000,64714,1000,99803450,745,500,0,0,0,0,0,0,0,0,0,0,0,0,1,0,0
522,0,1,99803462,99803461,[속성업적]5대 속성 공격력1000,64715,1000,99803460,746,500,0,0,0,0,0,0,0,0,0,0,0,0,1,0,0
523,0,1,99803472,99803471,[속성업적]화염 속성 저항력 1000,64716,1000,99803470,747,500,0,0,0,0,0,0,0,0,0,0,0,0,1,0,0
524,0,1,99803482,99803481,[속성업적]냉기 속성 저항력1000,64717,1000,99803480,748,500,0,0,0,0,0,0,0,0,0,0,0,0,1,0,0
525,0,1,99803492,99803491,[속성업적]자연 속성 저항력1000,64718,1000,99803490,749,500,0,0,0,0,0,0,0,0,0,0,0,0,1,0,0
526,0,1,99803502,99803501,[속성업적]저주 속성 저항력1000,64719,1000,99803500,750,500,0,0,0,0,0,0,0,0,0,0,0,0,1,0,0
527,0,1,99803512,99803511,[속성업적]파괴 속성 저항력1000,64720,1000,99803510,751,500,0,0,0,0,0,0,0,0,0,0,0,0,1,0,0
528,0,1,99803522,99803521,[속성업적]5대 속성 저항력1000,64721,1000,99803520,752,500,0,0,0,0,0,0,0,0,0,0,0,0,1,0,0
529,0,6,299603912,299603911,유령 사냥꾼(할로윈업적),61045,54,299603910,753,500,0,0,0,0,0,0,0,0,0,0,0,0,0,0,0
530,2/3/6/8/9/23/63,6,299603912,299603911,유령 사냥꾼(할로윈업적),61045,54,299603910,753,500,0,0,0,0,0,0,0,0,0,0,0,0,1,0,0
531,0,6,198006752,198006751,단풍잎 수집가(업적),61045,55,198006750,754,0,0,0,0,0,0,0,0,0,0,0,0,0,0,0,0
532,2/9/23/63,6,198006752,198006751,단풍잎 수집가(업적),61045,55,198006750,754,0,0,0,0,0,0,0,0,0,0,0,0,0,1,0,0
533,0,6,291302292,291302291,드래고니카 2주년 기념 업적,61045,56,291302290,755,0,0,0,0,0,0,0,0,0,0,0,0,0,0,0,0
534,4,6,291302292,291302291,드래고니카 2주년 기념 업적,61045,56,291302290,755,0,0,0,0,0,0,0,0,0,0,0,0,0,1,0,0
535,63,6,291302292,291302291,드래고니카 2주년 기념 업적,61045,56,291302290,755,0,0,0,0,0,0,0,0,0,0,0,0,0,1,0,0
536,2/9/23/4/24/6/8/13/15/16,6,291304312,291304311,2012 풍선 이벤트 기념 업적,61045,59,291304310,756,0,0,0,0,0,0,0,0,0,0,0,0,0,1,0,0
537,63,6,291304312,291304311,2012 풍선 이벤트 기념 업적,61045,59,291304310,756,0,0,0,0,0,0,0,0,0,0,0,0,0,1,0,0
538,0,6,291304312,291304311,2012 풍선 이벤트 기념 업적,61045,59,291304310,756,0,0,0,0,0,0,0,0,0,0,0,0,0,0,0,0
539,1/2/9/23,6,98009852,98009851,앞선자,61045,60,98009850,757,0,0,0,0,0,0,0,0,0,0,0,0,0,1,0,0
540,0,6,98009852,98009851,앞선자,61045,60,98009850,757,0,0,0,0,0,0,0,0,0,0,0,0,0,0,0,0
541,2/9/23/3/4/6/8/13/15/16/24,6,291304332,291304331,[여름 이벤트] 화창한 여름 날씨,61045,61,291304330,758,1000,0,0,0,0,0,0,0,0,0,0,0,0,1,0,0
542,0,6,291304332,291304331,[여름 이벤트] 화창한 여름 날씨,61045,61,291304330,758,1000,0,0,0,0,0,0,0,0,0,0,0,0,0,0,0
543,1/2/3/6/8/9/16/23/63,6,291304342,291304341,[라그나로크] 낭만 오크,61045,62,291304340,759,1000,0,0,0,0,0,0,0,0,0,0,0,0,1,0,0
544,0,6,291304342,291304341,[라그나로크] 낭만 오크,61045,62,291304340,759,1000,0,0,0,0,0,0,0,0,0,0,0,0,0,0,0
545,1/2/3/6/8/9/16/23/63,6,291304352,291304351,[라그나로크] 미드가츠의 전설,61045,63,291304350,760,3000,0,0,0,0,0,0,0,0,0,0,0,0,1,0,0
546,0,6,291304352,291304351,[라그나로크] 미드가츠의 전설,61045,63,291304350,760,3000,0,0,0,0,0,0,0,0,0,0,0,0,0,0,0
547,0,6,291304382,291304381,아이스크림의 달인,61045,64,291304380,761,500,0,0,0,0,0,0,0,0,0,0,0,0,1,9910100,0
548,0,6,291304392,291304391,빙수의 달인,61045,65,291304390,762,500,0,0,0,0,0,0,0,0,0,0,0,0,1,9910100,0
549,0,6,291304402,291304401,얼음의 달인,61045,66,291304400,763,500,0,0,0,0,0,0,0,0,0,0,0,0,1,9910100,0
550,0,6,291304412,291304411,더위를 지배하는 자,64614,4,291304410,764,1500,0,0,0,0,0,0,0,0,0,0,0,0,1,9910100,0
551,1/3/4/6/8/13/15/16/24,6,291304462,291304461,[가을 이벤트] 청명한 가을 날씨,61045,67,291304460,765,1000,0,0,0,0,0,0,0,0,0,0,0,0,1,0,0
552,0,6,291304462,291304461,[가을 이벤트] 청명한 가을 날씨,61045,67,291304460,765,1000,0,0,0,0,0,0,0,0,0,0,0,0,0,0,0
553,0,6,99803762,99803761,따라올테면 따라와 봐,61045,68,99803760,766,0,0,0,0,0,0,0,0,0,0,0,0,604800,1,0,0
554,0,6,99803772,99803771,하이 스피드 러너,61045,69,99803770,767,0,0,0,0,0,0,0,0,0,0,0,0,604800,1,0,0
555,0,6,99803782,99803781,스피드 러너,61045,70,99803780,768,0,0,0,0,0,0,0,0,0,0,0,0,604800,1,0,0
556,0,6,99803802,99803801,오늘도 도전,61045,71,99803800,769,0,0,0,0,0,0,0,0,0,0,0,0,0,1,970100,0
557,0,6,99803812,99803811,끝까지 달린다,61045,72,99803810,770,0,0,0,0,0,0,0,0,0,0,0,0,0,1,970100,0
558,0,6,99803822,99803821,스피드 매니아,64614,5,99803820,771,0,0,0,0,0,0,0,0,0,0,0,0,0,1,970100,0
559,0,6,119210192,119210191,2012 크리스마스업적,61045,73,119210190,772,1000,0,0,0,0,0,0,0,0,0,0,0,0,1,0,0
560,0,6,93008462,93008461,BUG HUNTER,61045,74,93008460,773,0,0,0,0,0,0,0,0,0,0,0,0,0,1,0,0
561,2/9/23,6,93008462,93008461,BUG HUNTER,61045,74,93008460,773,0,0,0,0,0,0,0,0,0,0,0,0,0,1,0,0
562,0,6,93008482,93008481,FOUNDER MEDAL,61045,75,93008480,774,0,0,0,0,0,0,0,0,0,0,0,0,0,0,0,0
563,2/9/23,6,93008482,93008481,FOUNDER MEDAL,61045,75,93008480,774,0,0,0,0,0,0,0,0,0,0,0,0,0,1,0,0
564,0,4,50506292,50506291,별자리 경험자 서펜즈 처치 1회,61161,1,50506290,775,1000,0,0,0,0,0,0,0,0,0,0,0,0,1,9050500,7282500
565,0,4,50506302,50506301,별자리 숙련자 서펜즈 처치 10회,61161,10,50506300,776,3000,0,0,0,0,0,0,0,0,0,0,0,0,1,9050500,7282500
566,0,4,50506312,50506311,별자리 전문가 서펜즈 처치 20회,61161,20,50506310,777,4000,0,0,0,0,0,0,0,0,0,0,0,0,1,9050500,7282500
567,0,6,50506322,50506321,중국테마 후오황제 처치 10회,61162,10,50506320,778,3000,0,0,0,0,0,0,0,0,0,0,0,0,1,0,0
568,0,6,50506332,50506331,중국테마 후오황제 처치 20회,61162,20,50506330,779,4000,0,0,0,0,0,0,0,0,0,0,0,0,1,0,0
569,0,6,50506342,50506341,할로윈 테마 업적 1회,61163,1,50506340,780,1000,0,0,0,0,0,0,0,0,0,0,0,0,1,0,0
570,0,6,50506352,50506351,할로윈 테마 업적 10회,61163,10,50506350,781,3000,0,0,0,0,0,0,0,0,0,0,0,0,1,0,0
571,0,6,50506362,50506363,할로윈 테마 업적 교환,61045,76,50506370,782,4000,0,0,0,0,0,0,0,0,0,0,0,0,1,0,0
572,2/63,6,50506383,50506382,중국 1주년 기념 업적 (최강 비주얼),61045,77,50506380,783,1000,0,0,0,0,0,0,0,0,0,0,0,0,1,0,0
573,0,6,50506402,50506401,싱가포르 테마 업적 1회,61164,1,50506400,784,1000,0,0,0,0,0,0,0,0,0,0,0,0,1,0,0
574,0,6,50506412,50506411,싱가포르 테마 업적 15회,61164,15,50506410,785,3000,0,0,0,0,0,0,0,0,0,0,0,0,1,0,0
575,0,6,50506422,50506421,싱가포르 테마 업적 30회,61164,30,50506420,786,4000,0,0,0,0,0,0,0,0,0,0,0,0,1,0,0
576,63,1,50506432,50506431,종합 업적 달성 10000,65011,10000,50506430,787,1000,0,0,0,0,0,0,0,0,0,0,0,0,1,0,0
577,0,6,940001160,940001161,[PVP Update] Achivement 1,64722,10,940001160,788,0,0,0,0,0,0,0,0,0,0,0,0,0,1,0,0
578,0,6,940001170,940001171,[PVP Update] Achivement 2,64722,100,940001170,789,0,0,0,0,0,0,0,0,0,0,0,0,0,1,0,0
579,0,6,940001180,940001181,[PVP Update] Achivement 3,64722,200,940001180,790,0,0,0,0,0,0,0,0,0,0,0,0,0,1,0,0
