EventItemNo,memo,ResultItemNo,ResultItemCount,TimeType,UseTime,Rarity,EnchantType,EnchantLevel,Rate,Idx,Broadcast
76001010,과자공장 미션 보상 가차/유령 화이트 초코렛,50160120,1,3,0,0,0,0,35,1,0
76001010,과자공장 미션 보상 가차/알록달록한 초코렛,50160190,1,3,0,0,0,0,35,2,0
76001010,과자공장 미션 보상 가차/무기 강화 가루,79000010,1,3,0,0,0,0,2,3,0
76001010,과자공장 미션 보상 가차/방어구 강화 가루,79000020,3,3,0,0,0,0,4,4,0
76001010,과자공장 미션 보상 가차/소울,79000030,20,3,0,0,0,0,10,5,0
76001010,과자공장 미션 보상 가차/발렌타인 L 풍선(7일),98006330,1,2,7,0,0,0,3,6,0
76001010,과자공장 미션 보상 가차/발렌타인 O 풍선(7일),98006340,1,2,7,0,0,0,4,7,0
76001010,과자공장 미션 보상 가차/발렌타인 V 풍선(7일),98006350,1,2,7,0,0,0,3,8,0
76001010,과자공장 미션 보상 가차/발렌타인 E 풍선(7일),98006360,1,2,7,0,0,0,4,9,0
76001020,사쿠라 미션 보상 가챠/벚꽃 마을 이야기 업적,50504590,1,3,0,0,0,0,20,10,0
76001020,사쿠라 미션 보상 가챠/벚꽃 귀걸이,98006970,1,3,0,0,0,0,15,11,0
76001020,사쿠라 미션 보상 가챠/혼돈의 벚꽃 귀걸이,98007010,1,3,0,0,0,0,5,12,0
76001020,사쿠라 미션 보상 가챠/연어알 스시 풍선,98007030,1,3,0,0,0,0,15,13,0
76001020,사쿠라 미션 보상 가챠/계란 스시 풍선,98007040,1,3,0,0,0,0,15,14,0
76001020,사쿠라 미션 보상 가챠/생기 넘치는 벚꽃잎 4매,98007090,4,3,0,0,0,0,15,15,0
76001020,사쿠라 미션 보상 가챠/생기 넘치는 벚꽃잎 10매,98007090,10,3,0,0,0,0,5,16,0
76001020,사쿠라 미션 보상 가챠/새하얀 벚꽃잎 5매,98007100,5,3,0,0,0,0,10,17,0
76001030,사쿠라 디펜스 보상 가챠/가다 코인 2개,20200188,2,3,0,0,0,0,15,18,0
76001030,사쿠라 디펜스 보상 가챠/조각케이크 5개,50110090,5,3,0,0,0,0,10,19,0
76001030,사쿠라 디펜스 보상 가챠/벚꽃 반지,98006950,1,3,0,0,0,0,20,20,0
76001030,사쿠라 디펜스 보상 가챠/혼돈의 벚꽃 반지,98006990,1,3,0,0,0,0,10,21,0
76001030,사쿠라 디펜스 보상 가챠/혼돈의 벚꽃 목걸이,98007000,1,3,0,0,0,0,7,22,0
76001030,사쿠라 디펜스 보상 가챠/새우 스시 풍선,98007020,1,3,0,0,0,0,20,23,0
76001030,사쿠라 디펜스 보상 가챠/새하얀 벚꽃잎 5매,98007100,5,3,0,0,0,0,18,24,0
76001040,2차 전사 가차/라발론의 심장 조각,20302160,1,3,0,0,0,0,10,25,0
76001040,2차 전사 가차/세계수의 가지,20302210,1,3,0,0,0,0,10,26,0
76001040,2차 전사 가차/마력이 깃든 루비,20302220,1,3,0,0,0,0,10,27,0
76001040,2차 전사 가차/라발론의 온전한 심장 레시피,50600190,1,3,0,0,0,0,10,28,0
76001040,2차 전사 가차/아람의 눈 레시피,50600200,1,3,0,0,0,0,10,29,0
76001040,2차 전사 가차/스킬 포인트+1,50900070,1,3,0,0,0,0,10,30,0
76001040,2차 전사 가차/몬스터 카드 보물상자,50900800,1,3,0,0,0,0,10,31,0
76001040,2차 전사 가차/(구)후커 선장의 모자,72000040,1,3,0,7,0,0,10,32,0
76001040,2차 전사 가차/(구)알비다의 피크닉 모자,72000050,1,3,0,7,0,0,10,33,0
76001040,2차 전사 가차/(구)로커의 뿔투구,72000060,1,3,0,7,0,0,10,34,0
76001040,2차 전사 가차/(구)엘루만 크라운,72000070,1,3,0,7,0,0,10,35,0
76001040,2차 전사 가차/카르카로스 장갑,72000080,1,3,0,7,0,0,10,36,0
76001040,2차 전사 가차/(구)벌룬의 가면,72000090,1,3,0,7,0,0,10,37,0
76001040,2차 전사 가차/(구)가이던의 기계 장갑,72000110,1,3,0,7,0,0,10,38,0
76001040,2차 전사 가차/(구)부보부보의 화려한 어깨갑옷,72000130,1,3,0,7,0,0,10,39,0
76001040,2차 전사 가차/폴 버나언의 반지,72000140,1,3,0,7,0,0,10,40,0
76001040,2차 전사 가차/(구)파타누스의 귀걸이,73000010,1,3,0,7,0,0,10,41,0
76001040,2차 전사 가차/(구)아르카의 목걸이,73000020,1,3,0,7,0,0,10,42,0
76001040,2차 전사 가차/(구)안타레스의 목걸이,73000030,1,3,0,7,0,0,10,43,0
76001040,2차 전사 가차/저주의 족쇄,73000100,1,3,0,7,0,0,10,44,0
76001040,2차 전사 가차/스켈밴드,73000110,1,3,0,7,0,0,10,45,0
76001040,2차 전사 가차/풍뎅이 팬던트,73000120,1,3,0,7,0,0,10,46,0
76001040,2차 전사 가차/(구)예티의 벨트,73000130,1,3,0,7,0,0,10,47,0
76001040,2차 전사 가차/미미르 주술사의 반지,73000170,1,3,0,7,0,0,10,48,0
76001040,2차 전사 가차/무기 강화 가루,79000010,5,3,0,0,0,0,10,49,0
76001040,2차 전사 가차/방어구 강화 가루,79000020,5,3,0,0,0,0,10,50,0
76001040,2차 전사 가차/스폐셜 인챈트 룬스톤,79000130,1,3,0,0,0,0,10,51,0
76001040,2차 전사 가차/유물 인챈트 룬스톤,79000140,1,3,0,0,0,0,10,52,0
76001040,2차 전사 가차/스폐셜 파혼석,79000230,1,3,0,0,0,0,10,53,0
76001040,2차 전사 가차/유물 파혼석,79000240,1,3,0,0,0,0,10,54,0
76001040,2차 전사 가차/드레이크 투구,141100090,1,3,0,7,0,0,10,55,0
76001040,2차 전사 가차/임페리얼 투구,141100120,1,3,0,7,0,0,10,56,0
76001040,2차 전사 가차/템플러 투구,141100150,1,3,0,7,0,0,10,57,0
76001040,2차 전사 가차/시그너스 투구,141100180,1,3,0,7,0,0,10,58,0
76001040,2차 전사 가차/매그니언 투구,141100210,1,3,0,7,0,0,10,59,0
76001040,2차 전사 가차/옥타비아 투구,141100240,1,3,0,7,0,0,10,60,0
76001040,2차 전사 가차/임페리얼 아머,141200120,1,3,0,7,0,0,10,61,0
76001040,2차 전사 가차/템플러 아머,141200150,1,3,0,7,0,0,10,62,0
76001040,2차 전사 가차/시그너스 아머,141200180,1,3,0,7,0,0,10,63,0
76001040,2차 전사 가차/매그니언 상의,141200210,1,3,0,7,0,0,10,64,0
76001040,2차 전사 가차/옥타비아 상의,141200240,1,3,0,7,0,0,10,65,0
76001040,2차 전사 가차/임페리얼 바지,141300120,1,3,0,7,0,0,10,66,0
76001040,2차 전사 가차/템플러 바지,141300150,1,3,0,7,0,0,10,67,0
76001040,2차 전사 가차/시그너스 바지,141300180,1,3,0,7,0,0,10,68,0
76001040,2차 전사 가차/매그니언 바지,141300210,1,3,0,7,0,0,10,69,0
76001040,2차 전사 가차/옥타비아 바지,141300240,1,3,0,7,0,0,10,70,0
76001040,2차 전사 가차/템플러 어깨갑옷,141400150,1,3,0,7,0,0,10,71,0
76001040,2차 전사 가차/시그너스 어깨갑옷,141400180,1,3,0,7,0,0,10,72,0
76001040,2차 전사 가차/매그니언 어깨,141400210,1,3,0,7,0,0,10,73,0
76001040,2차 전사 가차/옥타비아 어깨,141400240,1,3,0,7,0,0,10,74,0
76001040,2차 전사 가차/템플러 글러브,141500150,1,3,0,7,0,0,10,75,0
76001040,2차 전사 가차/시그너스 글러브,141500180,1,3,0,7,0,0,10,76,0
76001040,2차 전사 가차/매그니언 글러브,141500210,1,3,0,7,0,0,10,77,0
76001040,2차 전사 가차/옥타비아 글러브,141500240,1,3,0,7,0,0,10,78,0
76001040,2차 전사 가차/시그너스 부츠,141600180,1,3,0,7,0,0,10,79,0
76001040,2차 전사 가차/매그니언 신발,141600210,1,3,0,7,0,0,10,80,0
76001040,2차 전사 가차/옥타비아 신발,141600240,1,3,0,7,0,0,10,81,0
76001040,2차 전사 가차/바바리안 투구,142100070,1,3,0,7,0,0,10,82,0
76001040,2차 전사 가차/파괴자 투구,142100100,1,3,0,7,0,0,10,83,0
76001040,2차 전사 가차/스파이럴 투구,142100130,1,3,0,7,0,0,10,84,0
76001040,2차 전사 가차/선구자 투구,142100160,1,3,0,7,0,0,10,85,0
76001040,2차 전사 가차/데스티엄 투구,142100190,1,3,0,7,0,0,10,86,0
76001040,2차 전사 가차/디아노스 투구,142100220,1,3,0,7,0,0,10,87,0
76001040,2차 전사 가차/파괴자 갑옷,142200100,1,3,0,7,0,0,10,88,0
76001040,2차 전사 가차/스파이럴 갑옷,142200130,1,3,0,7,0,0,10,89,0
76001040,2차 전사 가차/선구자 갑옷,142200160,1,3,0,7,0,0,10,90,0
76001040,2차 전사 가차/데스티엄 갑옷,142200190,1,3,0,7,0,0,10,91,0
76001040,2차 전사 가차/디아노스 갑옷,142200220,1,3,0,7,0,0,10,92,0
76001040,2차 전사 가차/파괴자 바지,142300100,1,3,0,7,0,0,10,93,0
76001040,2차 전사 가차/스파이럴 바지,142300130,1,3,0,7,0,0,10,94,0
76001040,2차 전사 가차/선구자 바지,142300160,1,3,0,7,0,0,10,95,0
76001040,2차 전사 가차/데스티엄 바지,142300190,1,3,0,7,0,0,10,96,0
76001040,2차 전사 가차/디아노스 바지,142300220,1,3,0,7,0,0,10,97,0
76001040,2차 전사 가차/스파이럴 어깨갑옷,142400130,1,3,0,7,0,0,10,98,0
76001040,2차 전사 가차/선구자 어깨갑옷,142400160,1,3,0,7,0,0,10,99,0
76001040,2차 전사 가차/데스티엄 어깨,142400190,1,3,0,7,0,0,10,100,0
76001040,2차 전사 가차/디아노스 어깨,142400220,1,3,0,7,0,0,10,101,0
76001040,2차 전사 가차/스파이럴 글러브,142500130,1,3,0,7,0,0,10,102,0
76001040,2차 전사 가차/선구자 글러브,142500160,1,3,0,7,0,0,10,103,0
76001040,2차 전사 가차/데스티엄 장갑,142500190,1,3,0,7,0,0,10,104,0
76001040,2차 전사 가차/디아노스 장갑,142500220,1,3,0,7,0,0,10,105,0
76001040,2차 전사 가차/선구자 부츠,142600160,1,3,0,7,0,0,10,106,0
76001040,2차 전사 가차/데스티엄 부츠,142600190,1,3,0,7,0,0,10,107,0
76001040,2차 전사 가차/디아노스 부츠,142600220,1,3,0,7,0,0,10,108,0
76001040,2차 전사 가차/요정의 날개,181100090,1,3,0,7,0,0,10,109,0
76001040,2차 전사 가차/통찰의 날개,181100100,1,3,0,7,0,0,10,110,0
76001040,2차 전사 가차/나비의 날개,181100110,1,3,0,7,0,0,10,111,0
76001040,2차 전사 가차/환영의 날개,181100120,1,3,0,7,0,0,10,112,0
76001040,2차 전사 가차/벨라의 날개,181100130,1,3,0,7,0,0,10,113,0
76001040,2차 전사 가차/[전문가용] 도끼,86000040,1,3,0,0,0,0,10,114,0
76001040,2차 전사 가차/[전문가용] 곡괭이,86010040,1,3,0,0,0,0,10,115,0
76001040,2차 전사 가차/[전문가용] 호미,86020040,1,3,0,0,0,0,10,116,0
76001040,2차 전사 가차/[전문가용] 낚시대,86030040,1,3,0,0,0,0,10,117,0
76001040,2차 전사 가차/[전문가용] 가공선반,86100040,1,3,0,0,0,0,10,118,0
76001040,2차 전사 가차/[전문가용] 제련기,86110040,1,3,0,0,0,0,10,119,0
76001040,2차 전사 가차/[전문가용] 텃밭,86120040,1,3,0,0,0,0,10,120,0
76001040,2차 전사 가차/[전문가용] 수족관,86130040,1,3,0,0,0,0,10,121,0
76001040,2차 전사 가차/[전문가용] 보석세공기,86140040,1,3,0,0,0,0,10,122,0
76001040,2차 전사 가차/'저급 손수레' 포장상자(14일),87001025,1,3,0,0,0,0,10,123,0
76001040,2차 전사 가차/'중급 손수레' 포장상자(14일),87001125,1,3,0,0,0,0,10,124,0
76001050,2차 마법사 가차/라발론의 심장 조각,20302160,1,3,0,0,0,0,10,125,0
76001050,2차 마법사 가차/세계수의 가지,20302210,1,3,0,0,0,0,10,126,0
76001050,2차 마법사 가차/마력이 깃든 루비,20302220,1,3,0,0,0,0,10,127,0
76001050,2차 마법사 가차/라발론의 온전한 심장 레시피,50600190,1,3,0,0,0,0,10,128,0
76001050,2차 마법사 가차/아람의 눈 레시피,50600200,1,3,0,0,0,0,10,129,0
76001050,2차 마법사 가차/스킬 포인트+1,50900070,1,3,0,0,0,0,10,130,0
76001050,2차 마법사 가차/몬스터 카드 보물상자,50900800,1,3,0,0,0,0,10,131,0
76001050,2차 마법사 가차/(구)후커 선장의 모자,72000040,1,3,0,7,0,0,10,132,0
76001050,2차 마법사 가차/(구)알비다의 피크닉 모자,72000050,1,3,0,7,0,0,10,133,0
76001050,2차 마법사 가차/(구)로커의 뿔투구,72000060,1,3,0,7,0,0,10,134,0
76001050,2차 마법사 가차/(구)엘루만 크라운,72000070,1,3,0,7,0,0,10,135,0
76001050,2차 마법사 가차/카르카로스 장갑,72000080,1,3,0,7,0,0,10,136,0
76001050,2차 마법사 가차/(구)벌룬의 가면,72000090,1,3,0,7,0,0,10,137,0
76001050,2차 마법사 가차/(구)가이던의 기계 장갑,72000110,1,3,0,7,0,0,10,138,0
76001050,2차 마법사 가차/(구)부보부보의 화려한 어깨갑옷,72000130,1,3,0,7,0,0,10,139,0
76001050,2차 마법사 가차/폴 버나언의 반지,72000140,1,3,0,7,0,0,10,140,0
76001050,2차 마법사 가차/(구)파타누스의 귀걸이,73000010,1,3,0,7,0,0,10,141,0
76001050,2차 마법사 가차/(구)아르카의 목걸이,73000020,1,3,0,7,0,0,10,142,0
76001050,2차 마법사 가차/(구)안타레스의 목걸이,73000030,1,3,0,7,0,0,10,143,0
76001050,2차 마법사 가차/저주의 족쇄,73000100,1,3,0,7,0,0,10,144,0
76001050,2차 마법사 가차/스켈밴드,73000110,1,3,0,7,0,0,10,145,0
76001050,2차 마법사 가차/풍뎅이 팬던트,73000120,1,3,0,7,0,0,10,146,0
76001050,2차 마법사 가차/(구)예티의 벨트,73000130,1,3,0,7,0,0,10,147,0
76001050,2차 마법사 가차/미미르 주술사의 반지,73000170,1,3,0,7,0,0,10,148,0
76001050,2차 마법사 가차/무기 강화 가루,79000010,5,3,0,0,0,0,10,149,0
76001050,2차 마법사 가차/방어구 강화 가루,79000020,5,3,0,0,0,0,10,150,0
76001050,2차 마법사 가차/스폐셜 인챈트 룬스톤,79000130,1,3,0,0,0,0,10,151,0
76001050,2차 마법사 가차/유물 인챈트 룬스톤,79000140,1,3,0,0,0,0,10,152,0
76001050,2차 마법사 가차/스폐셜 파혼석,79000230,1,3,0,0,0,0,10,153,0
76001050,2차 마법사 가차/유물 파혼석,79000240,1,3,0,0,0,0,10,154,0
76001050,2차 마법사 가차/고스트메지션 후드,143100090,1,3,0,7,0,0,10,155,0
76001050,2차 마법사 가차/마도사 후드,143100120,1,3,0,7,0,0,10,156,0
76001050,2차 마법사 가차/하모니 크라운,143100150,1,3,0,7,0,0,10,157,0
76001050,2차 마법사 가차/헤라 크라운,143100180,1,3,0,7,0,0,10,158,0
76001050,2차 마법사 가차/미르윈드 투구,143100210,1,3,0,7,0,0,10,159,0
76001050,2차 마법사 가차/가르콘 투구,143100240,1,3,0,7,0,0,10,160,0
76001050,2차 마법사 가차/마도사 로브,143200120,1,3,0,7,0,0,10,161,0
76001050,2차 마법사 가차/하모니 로브,143200150,1,3,0,7,0,0,10,162,0
76001050,2차 마법사 가차/헤라 로브,143200180,1,3,0,7,0,0,10,163,0
76001050,2차 마법사 가차/미르윈드 로브,143200210,1,3,0,7,0,0,10,164,0
76001050,2차 마법사 가차/가르콘 로브,143200240,1,3,0,7,0,0,10,165,0
76001050,2차 마법사 가차/마도사 바지,143300120,1,3,0,7,0,0,10,166,0
76001050,2차 마법사 가차/하모니 바지,143300150,1,3,0,7,0,0,10,167,0
76001050,2차 마법사 가차/헤라 바지,143300180,1,3,0,7,0,0,10,168,0
76001050,2차 마법사 가차/미르윈드 바지,143300210,1,3,0,7,0,0,10,169,0
76001050,2차 마법사 가차/가르콘 바지,143300240,1,3,0,7,0,0,10,170,0
76001050,2차 마법사 가차/하모니 어깨갑옷,143400150,1,3,0,7,0,0,10,171,0
76001050,2차 마법사 가차/헤라 어깨갑옷,143400180,1,3,0,7,0,0,10,172,0
76001050,2차 마법사 가차/미르윈드 어깨,143400210,1,3,0,7,0,0,10,173,0
76001050,2차 마법사 가차/가르콘 어깨,143400240,1,3,0,7,0,0,10,174,0
76001050,2차 마법사 가차/하모니 글러브,143500150,1,3,0,7,0,0,10,175,0
76001050,2차 마법사 가차/헤라 글러브,143500180,1,3,0,7,0,0,10,176,0
76001050,2차 마법사 가차/미르윈드 글러브,143500210,1,3,0,7,0,0,10,177,0
76001050,2차 마법사 가차/가르콘 글러브,143500240,1,3,0,7,0,0,10,178,0
76001050,2차 마법사 가차/헤라 부츠,143600180,1,3,0,7,0,0,10,179,0
76001050,2차 마법사 가차/미르윈드 신발,143600210,1,3,0,7,0,0,10,180,0
76001050,2차 마법사 가차/가르콘 신발,143600240,1,3,0,7,0,0,10,181,0
76001050,2차 마법사 가차/제니어스 모자,144100070,1,3,0,7,0,0,10,182,0
76001050,2차 마법사 가차/다이아 서클릿,144100100,1,3,0,7,0,0,10,183,0
76001050,2차 마법사 가차/마제스틱 크라운,144100130,1,3,0,7,0,0,10,184,0
76001050,2차 마법사 가차/위트비츠 윙캡,144100160,1,3,0,7,0,0,10,185,0
76001050,2차 마법사 가차/타룬토스 투구,144100190,1,3,0,7,0,0,10,186,0
76001050,2차 마법사 가차/매지먼트 투구,144100220,1,3,0,7,0,0,10,187,0
76001050,2차 마법사 가차/다이아 로브,144200100,1,3,0,7,0,0,10,188,0
76001050,2차 마법사 가차/마제스틱 로브,144200130,1,3,0,7,0,0,10,189,0
76001050,2차 마법사 가차/위트비츠 로브,144200160,1,3,0,7,0,0,10,190,0
76001050,2차 마법사 가차/타룬토스 상의,144200190,1,3,0,7,0,0,10,191,0
76001050,2차 마법사 가차/매지먼트 상의,144200220,1,3,0,7,0,0,10,192,0
76001050,2차 마법사 가차/다이아 바지,144300100,1,3,0,7,0,0,10,193,0
76001050,2차 마법사 가차/마제스틱 바지,144300130,1,3,0,7,0,0,10,194,0
76001050,2차 마법사 가차/위트비츠 바지,144300160,1,3,0,7,0,0,10,195,0
76001050,2차 마법사 가차/타룬토스 바지,144300190,1,3,0,7,0,0,10,196,0
76001050,2차 마법사 가차/매지먼트 바지,144300220,1,3,0,7,0,0,10,197,0
76001050,2차 마법사 가차/마제스틱 어깨갑옷,144400130,1,3,0,7,0,0,10,198,0
76001050,2차 마법사 가차/위트비츠 어깨갑옷,144400160,1,3,0,7,0,0,10,199,0
76001050,2차 마법사 가차/타룬토스 어깨,144400190,1,3,0,7,0,0,10,200,0
76001050,2차 마법사 가차/매지먼트 어깨,144400220,1,3,0,7,0,0,10,201,0
76001050,2차 마법사 가차/마제스틱 글러브,144500130,1,3,0,7,0,0,10,202,0
76001050,2차 마법사 가차/위트비츠 글러브,144500160,1,3,0,7,0,0,10,203,0
76001050,2차 마법사 가차/타룬토스 장갑,144500190,1,3,0,7,0,0,10,204,0
76001050,2차 마법사 가차/매지먼트 장갑,144500220,1,3,0,7,0,0,10,205,0
76001050,2차 마법사 가차/위트비츠 부츠,144600160,1,3,0,7,0,0,10,206,0
76001050,2차 마법사 가차/타룬토스 신발,144600190,1,3,0,7,0,0,10,207,0
76001050,2차 마법사 가차/매지먼트 신발,144600220,1,3,0,7,0,0,10,208,0
76001050,2차 마법사 가차/요정의 날개,181100090,1,3,0,7,0,0,10,209,0
76001050,2차 마법사 가차/통찰의 날개,181100100,1,3,0,7,0,0,10,210,0
76001050,2차 마법사 가차/나비의 날개,181100110,1,3,0,7,0,0,10,211,0
76001050,2차 마법사 가차/환영의 날개,181100120,1,3,0,7,0,0,10,212,0
76001050,2차 마법사 가차/벨라의 날개,181100130,1,3,0,7,0,0,10,213,0
76001050,2차 마법사 가차/[전문가용] 도끼,86000040,1,3,0,0,0,0,10,214,0
76001050,2차 마법사 가차/[전문가용] 곡괭이,86010040,1,3,0,0,0,0,10,215,0
76001050,2차 마법사 가차/[전문가용] 호미,86020040,1,3,0,0,0,0,10,216,0
76001050,2차 마법사 가차/[전문가용] 낚시대,86030040,1,3,0,0,0,0,10,217,0
76001050,2차 마법사 가차/[전문가용] 가공선반,86100040,1,3,0,0,0,0,10,218,0
76001050,2차 마법사 가차/[전문가용] 제련기,86110040,1,3,0,0,0,0,10,219,0
76001050,2차 마법사 가차/[전문가용] 텃밭,86120040,1,3,0,0,0,0,10,220,0
76001050,2차 마법사 가차/[전문가용] 수족관,86130040,1,3,0,0,0,0,10,221,0
76001050,2차 마법사 가차/[전문가용] 보석세공기,86140040,1,3,0,0,0,0,10,222,0
76001050,2차 마법사 가차/'저급 손수레' 포장상자(14일),87001025,1,3,0,0,0,0,10,223,0
76001050,2차 마법사 가차/'중급 손수레' 포장상자(14일),87001125,1,3,0,0,0,0,10,224,0
76001060,2차 궁수 가차/라발론의 심장 조각,20302160,1,3,0,0,0,0,10,225,0
76001060,2차 궁수 가차/세계수의 가지,20302210,1,3,0,0,0,0,10,226,0
76001060,2차 궁수 가차/마력이 깃든 루비,20302220,1,3,0,0,0,0,10,227,0
76001060,2차 궁수 가차/라발론의 온전한 심장 레시피,50600190,1,3,0,0,0,0,10,228,0
76001060,2차 궁수 가차/아람의 눈 레시피,50600200,1,3,0,0,0,0,10,229,0
76001060,2차 궁수 가차/스킬 포인트+1,50900070,1,3,0,0,0,0,10,230,0
76001060,2차 궁수 가차/몬스터 카드 보물상자,50900800,1,3,0,0,0,0,10,231,0
76001060,2차 궁수 가차/(구)후커 선장의 모자,72000040,1,3,0,7,0,0,10,232,0
76001060,2차 궁수 가차/(구)알비다의 피크닉 모자,72000050,1,3,0,7,0,0,10,233,0
76001060,2차 궁수 가차/(구)로커의 뿔투구,72000060,1,3,0,7,0,0,10,234,0
76001060,2차 궁수 가차/(구)엘루만 크라운,72000070,1,3,0,7,0,0,10,235,0
76001060,2차 궁수 가차/카르카로스 장갑,72000080,1,3,0,7,0,0,10,236,0
76001060,2차 궁수 가차/(구)벌룬의 가면,72000090,1,3,0,7,0,0,10,237,0
76001060,2차 궁수 가차/(구)가이던의 기계 장갑,72000110,1,3,0,7,0,0,10,238,0
76001060,2차 궁수 가차/(구)부보부보의 화려한 어깨갑옷,72000130,1,3,0,7,0,0,10,239,0
76001060,2차 궁수 가차/폴 버나언의 반지,72000140,1,3,0,7,0,0,10,240,0
76001060,2차 궁수 가차/(구)파타누스의 귀걸이,73000010,1,3,0,7,0,0,10,241,0
76001060,2차 궁수 가차/(구)아르카의 목걸이,73000020,1,3,0,7,0,0,10,242,0
76001060,2차 궁수 가차/(구)안타레스의 목걸이,73000030,1,3,0,7,0,0,10,243,0
76001060,2차 궁수 가차/저주의 족쇄,73000100,1,3,0,7,0,0,10,244,0
76001060,2차 궁수 가차/스켈밴드,73000110,1,3,0,7,0,0,10,245,0
76001060,2차 궁수 가차/풍뎅이 팬던트,73000120,1,3,0,7,0,0,10,246,0
76001060,2차 궁수 가차/(구)예티의 벨트,73000130,1,3,0,7,0,0,10,247,0
76001060,2차 궁수 가차/미미르 주술사의 반지,73000170,1,3,0,7,0,0,10,248,0
76001060,2차 궁수 가차/무기 강화 가루,79000010,5,3,0,0,0,0,10,249,0
76001060,2차 궁수 가차/방어구 강화 가루,79000020,5,3,0,0,0,0,10,250,0
76001060,2차 궁수 가차/스폐셜 인챈트 룬스톤,79000130,1,3,0,0,0,0,10,251,0
76001060,2차 궁수 가차/유물 인챈트 룬스톤,79000140,1,3,0,0,0,0,10,252,0
76001060,2차 궁수 가차/스폐셜 파혼석,79000230,1,3,0,0,0,0,10,253,0
76001060,2차 궁수 가차/유물 파혼석,79000240,1,3,0,0,0,0,10,254,0
76001060,2차 궁수 가차/일루전 크라운,145100090,1,3,0,7,0,0,10,255,0
76001060,2차 궁수 가차/크라켄 투구,145100120,1,3,0,7,0,0,10,256,0
76001060,2차 궁수 가차/비스트 크라운,145100150,1,3,0,7,0,0,10,257,0
76001060,2차 궁수 가차/아케인 투구,145100180,1,3,0,7,0,0,10,258,0
76001060,2차 궁수 가차/어니스턴 투구,145100210,1,3,0,7,0,0,10,259,0
76001060,2차 궁수 가차/홀스인 투구,145100240,1,3,0,7,0,0,10,260,0
76001060,2차 궁수 가차/크라켄 슈트,145200120,1,3,0,7,0,0,10,261,0
76001060,2차 궁수 가차/비스트 슈트,145200150,1,3,0,7,0,0,10,262,0
76001060,2차 궁수 가차/아케인 슈트,145200180,1,3,0,7,0,0,10,263,0
76001060,2차 궁수 가차/어니스턴 상의,145200210,1,3,0,7,0,0,10,264,0
76001060,2차 궁수 가차/홀스인 상의,145200240,1,3,0,7,0,0,10,265,0
76001060,2차 궁수 가차/크라켄 바지,145300120,1,3,0,7,0,0,10,266,0
76001060,2차 궁수 가차/비스트 바지,145300150,1,3,0,7,0,0,10,267,0
76001060,2차 궁수 가차/아케인 바지,145300180,1,3,0,7,0,0,10,268,0
76001060,2차 궁수 가차/어니스턴 바지,145300210,1,3,0,7,0,0,10,269,0
76001060,2차 궁수 가차/홀스인 바지,145300240,1,3,0,7,0,0,10,270,0
76001060,2차 궁수 가차/비스트 어깨갑옷,145400150,1,3,0,7,0,0,10,271,0
76001060,2차 궁수 가차/아케인 어깨갑옷,145400180,1,3,0,7,0,0,10,272,0
76001060,2차 궁수 가차/어니스턴 어깨,145400210,1,3,0,7,0,0,10,273,0
76001060,2차 궁수 가차/홀스인 어깨,145400240,1,3,0,7,0,0,10,274,0
76001060,2차 궁수 가차/비스트 글러브,145500150,1,3,0,7,0,0,10,275,0
76001060,2차 궁수 가차/아케인 글러브,145500180,1,3,0,7,0,0,10,276,0
76001060,2차 궁수 가차/어니스턴 장갑,145500210,1,3,0,7,0,0,10,277,0
76001060,2차 궁수 가차/홀스인 장갑,145500240,1,3,0,7,0,0,10,278,0
76001060,2차 궁수 가차/아케인 부츠,145600180,1,3,0,7,0,0,10,279,0
76001060,2차 궁수 가차/어니스턴 신발,145600210,1,3,0,7,0,0,10,280,0
76001060,2차 궁수 가차/홀스인 신발,145600240,1,3,0,7,0,0,10,281,0
76001060,2차 궁수 가차/바로크 모자,146100070,1,3,0,7,0,0,10,282,0
76001060,2차 궁수 가차/파이러스 모자,146100100,1,3,0,7,0,0,10,283,0
76001060,2차 궁수 가차/모노클 헤드기어,146100130,1,3,0,7,0,0,10,284,0
76001060,2차 궁수 가차/명사수 모자,146100160,1,3,0,7,0,0,10,285,0
76001060,2차 궁수 가차/맥시우스 투구,146100190,1,3,0,7,0,0,10,286,0
76001060,2차 궁수 가차/로코코 투구,146100220,1,3,0,7,0,0,10,287,0
76001060,2차 궁수 가차/파이러스 셔츠,146200100,1,3,0,7,0,0,10,288,0
76001060,2차 궁수 가차/모노클 셔츠,146200130,1,3,0,7,0,0,10,289,0
76001060,2차 궁수 가차/명사수 셔츠,146200160,1,3,0,7,0,0,10,290,0
76001060,2차 궁수 가차/맥시우스 상의,146200190,1,3,0,7,0,0,10,291,0
76001060,2차 궁수 가차/로코코 상의,146200220,1,3,0,7,0,0,10,292,0
76001060,2차 궁수 가차/파이러스 바지,146300100,1,3,0,7,0,0,10,293,0
76001060,2차 궁수 가차/모노클 바지,146300130,1,3,0,7,0,0,10,294,0
76001060,2차 궁수 가차/명사수 바지,146300160,1,3,0,7,0,0,10,295,0
76001060,2차 궁수 가차/맥시우스 바지,146300190,1,3,0,7,0,0,10,296,0
76001060,2차 궁수 가차/로코코 바지,146300220,1,3,0,7,0,0,10,297,0
76001060,2차 궁수 가차/모노클 어깨갑옷,146400130,1,3,0,7,0,0,10,298,0
76001060,2차 궁수 가차/명사수 어깨갑옷,146400160,1,3,0,7,0,0,10,299,0
76001060,2차 궁수 가차/맥시우스 어깨,146400190,1,3,0,7,0,0,10,300,0
76001060,2차 궁수 가차/로코코 어깨,146400220,1,3,0,7,0,0,10,301,0
76001060,2차 궁수 가차/모노클 글러브,146500130,1,3,0,7,0,0,10,302,0
76001060,2차 궁수 가차/명사수 장갑,146500160,1,3,0,7,0,0,10,303,0
76001060,2차 궁수 가차/맥시우스 장갑,146500190,1,3,0,7,0,0,10,304,0
76001060,2차 궁수 가차/로코코 장갑,146500220,1,3,0,7,0,0,10,305,0
76001060,2차 궁수 가차/명사수 부츠,146600160,1,3,0,7,0,0,10,306,0
76001060,2차 궁수 가차/맥시우스 신발,146600190,1,3,0,7,0,0,10,307,0
76001060,2차 궁수 가차/로코코 신발,146600220,1,3,0,7,0,0,10,308,0
76001060,2차 궁수 가차/요정의 날개,181100090,1,3,0,7,0,0,10,309,0
76001060,2차 궁수 가차/통찰의 날개,181100100,1,3,0,7,0,0,10,310,0
76001060,2차 궁수 가차/나비의 날개,181100110,1,3,0,7,0,0,10,311,0
76001060,2차 궁수 가차/환영의 날개,181100120,1,3,0,7,0,0,10,312,0
76001060,2차 궁수 가차/벨라의 날개,181100130,1,3,0,7,0,0,10,313,0
76001060,2차 궁수 가차/[전문가용] 도끼,86000040,1,3,0,0,0,0,10,314,0
76001060,2차 궁수 가차/[전문가용] 곡괭이,86010040,1,3,0,0,0,0,10,315,0
76001060,2차 궁수 가차/[전문가용] 호미,86020040,1,3,0,0,0,0,10,316,0
76001060,2차 궁수 가차/[전문가용] 낚시대,86030040,1,3,0,0,0,0,10,317,0
76001060,2차 궁수 가차/[전문가용] 가공선반,86100040,1,3,0,0,0,0,10,318,0
76001060,2차 궁수 가차/[전문가용] 제련기,86110040,1,3,0,0,0,0,10,319,0
76001060,2차 궁수 가차/[전문가용] 텃밭,86120040,1,3,0,0,0,0,10,320,0
76001060,2차 궁수 가차/[전문가용] 수족관,86130040,1,3,0,0,0,0,10,321,0
76001060,2차 궁수 가차/[전문가용] 보석세공기,86140040,1,3,0,0,0,0,10,322,0
76001060,2차 궁수 가차/'저급 손수레' 포장상자(14일),87001025,1,3,0,0,0,0,10,323,0
76001060,2차 궁수 가차/'중급 손수레' 포장상자(14일),87001125,1,3,0,0,0,0,10,324,0
76001070,2nd Rogue Gacha / Skill Points+1,50900070,1,3,0,0,0,0,5,330,1
76001070,2차 도적 가차/몬스터 카드 보물상자,50900800,1,3,0,0,0,0,5,331,1
76001070,2차 도적 가차/(구)후커 선장의 모자,72000040,1,3,0,7,0,0,5,332,1
76001070,2차 도적 가차/(구)알비다의 피크닉 모자,72000050,1,3,0,7,0,0,5,333,1
76001070,2차 도적 가차/(구)로커의 뿔투구,72000060,1,3,0,7,0,0,5,334,1
76001070,2차 도적 가차/(구)엘루만 크라운,72000070,1,3,0,7,0,0,5,335,1
76001070,2차 도적 가차/카르카로스 장갑,72000080,1,3,0,7,0,0,5,336,1
76001070,2차 도적 가차/(구)벌룬의 가면,72000090,1,3,0,7,0,0,5,337,1
76001070,2차 도적 가차/(구)가이던의 기계 장갑,72000110,1,3,0,7,0,0,5,338,1
76001070,2차 도적 가차/(구)부보부보의 화려한 어깨갑옷,72000130,1,3,0,7,0,0,5,339,1
76001070,2차 도적 가차/폴 버나언의 반지,72000140,1,3,0,7,0,0,5,340,1
76001070,2차 도적 가차/(구)파타누스의 귀걸이,73000010,1,3,0,7,0,0,10,341,0
76001070,2차 도적 가차/(구)아르카의 목걸이,73000020,1,3,0,7,0,0,10,342,0
76001070,2차 도적 가차/(구)안타레스의 목걸이,73000030,1,3,0,7,0,0,10,343,0
76001070,2차 도적 가차/저주의 족쇄,73000100,1,3,0,7,0,0,10,344,0
76001070,2차 도적 가차/스켈밴드,73000110,1,3,0,7,0,0,10,345,0
76001070,2차 도적 가차/풍뎅이 팬던트,73000120,1,3,0,7,0,0,10,346,0
76001070,2차 도적 가차/(구)예티의 벨트,73000130,1,3,0,7,0,0,10,347,0
76001070,2차 도적 가차/미미르 주술사의 반지,73000170,1,3,0,7,0,0,10,348,0
76001070,2차 도적 가차/무기 강화 가루,79000010,5,3,0,0,0,0,10,349,0
76001070,2차 도적 가차/방어구 강화 가루,79000020,5,3,0,0,0,0,10,350,0
76001070,2차 도적 가차/스폐셜 인챈트 룬스톤,79000130,1,3,0,0,0,0,10,351,0
76001070,2차 도적 가차/유물 인챈트 룬스톤,79000140,1,3,0,0,0,0,10,352,0
76001070,2차 도적 가차/스폐셜 파혼석,79000230,1,3,0,0,0,0,10,353,0
76001070,2차 도적 가차/유물 파혼석,79000240,1,3,0,0,0,0,10,354,0
76001070,2차 도적 가차/미스트 헬멧,147100090,1,3,0,7,0,0,10,355,0
76001070,2차 도적 가차/히어로 헬멧,147100120,1,3,0,7,0,0,10,356,0
76001070,2차 도적 가차/슈페리얼 헬멧,147100150,1,3,0,7,0,0,10,357,0
76001070,2차 도적 가차/레이디버드 헬멧,147100180,1,3,0,7,0,0,10,358,0
76001070,2차 도적 가차/샤인피버 투구,147100210,1,3,0,7,0,0,10,359,0
76001070,2차 도적 가차/트란크라 투구,147100240,1,3,0,7,0,0,10,360,0
76001070,2차 도적 가차/히어로 튜닉,147200120,1,3,0,7,0,0,10,361,0
76001070,2차 도적 가차/슈페리얼 튜닉,147200150,1,3,0,7,0,0,10,362,0
76001070,2차 도적 가차/레이디버드 튜닉,147200180,1,3,0,7,0,0,10,363,0
76001070,2차 도적 가차/샤인피버 상의,147200210,1,3,0,7,0,0,10,364,0
76001070,2차 도적 가차/트란크라 상의,147200240,1,3,0,7,0,0,10,365,0
76001070,2차 도적 가차/히어로 바지,147300120,1,3,0,7,0,0,10,366,0
76001070,2차 도적 가차/슈페리얼 바지,147300150,1,3,0,7,0,0,10,367,0
76001070,2차 도적 가차/레이디버드 바지,147300180,1,3,0,7,0,0,10,368,0
76001070,2차 도적 가차/샤인피버 하의,147300210,1,3,0,7,0,0,10,369,0
76001070,2차 도적 가차/트란크라 하의,147300240,1,3,0,7,0,0,10,370,0
76001070,2차 도적 가차/슈페리얼 어깨갑옷,147400150,1,3,0,7,0,0,10,371,0
76001070,2차 도적 가차/레이디버드 어깨갑옷,147400180,1,3,0,7,0,0,10,372,0
76001070,2차 도적 가차/샤인피버 어깨,147400210,1,3,0,7,0,0,10,373,0
76001070,2차 도적 가차/트란크라 어깨,147400240,1,3,0,7,0,0,10,374,0
76001070,2차 도적 가차/슈페리얼 글러브,147500150,1,3,0,7,0,0,10,375,0
76001070,2차 도적 가차/레이디버드 글러브,147500180,1,3,0,7,0,0,10,376,0
76001070,2차 도적 가차/샤인피버 장갑,147500210,1,3,0,7,0,0,10,377,0
76001070,2차 도적 가차/트란크라 장갑,147500240,1,3,0,7,0,0,10,378,0
76001070,2차 도적 가차/레이디버드 부츠,147600180,1,3,0,7,0,0,10,379,0
76001070,2차 도적 가차/샤인피버 신발,147600210,1,3,0,7,0,0,10,380,0
76001070,2차 도적 가차/트란크라 신발,147600240,1,3,0,7,0,0,10,381,0
76001070,2차 도적 가차/아수라 터번,148100070,1,3,0,7,0,0,10,382,0
76001070,2차 도적 가차/워울프 헤드기어,148100100,1,3,0,7,0,0,10,383,0
76001070,2차 도적 가차/초신성 투구,148100130,1,3,0,7,0,0,10,384,0
76001070,2차 도적 가차/도깨비 투구,148100160,1,3,0,7,0,0,10,385,0
76001070,2차 도적 가차/가리언 투구,148100190,1,3,0,7,0,0,10,386,0
76001070,2차 도적 가차/자이로픽 투구,148100220,1,3,0,7,0,0,10,387,0
76001070,2차 도적 가차/워울프 메일,148200100,1,3,0,7,0,0,10,388,0
76001070,2차 도적 가차/초신성 메일,148200130,1,3,0,7,0,0,10,389,0
76001070,2차 도적 가차/도깨비 메일,148200160,1,3,0,7,0,0,10,390,0
76001070,2차 도적 가차/가리언 상의,148200190,1,3,0,7,0,0,10,391,0
76001070,2차 도적 가차/자이로픽 상의,148200220,1,3,0,7,0,0,10,392,0
76001070,2차 도적 가차/워울프 바지,148300100,1,3,0,7,0,0,10,393,0
76001070,2차 도적 가차/초신성 바지,148300130,1,3,0,7,0,0,10,394,0
76001070,2차 도적 가차/도깨비 바지,148300160,1,3,0,7,0,0,10,395,0
76001070,2차 도적 가차/가리언 하의,148300190,1,3,0,7,0,0,10,396,0
76001070,2차 도적 가차/자이로픽 하의,148300220,1,3,0,7,0,0,10,397,0
76001070,2차 도적 가차/초신성 어깨갑옷,148400130,1,3,0,7,0,0,10,398,0
76001070,2차 도적 가차/도깨비 어깨갑옷,148400160,1,3,0,7,0,0,10,399,0
76001070,2차 도적 가차/가리언 어깨,148400190,1,3,0,7,0,0,10,400,0
76001070,2차 도적 가차/자이로픽 어깨,148400220,1,3,0,7,0,0,10,401,0
76001070,2차 도적 가차/초신성 장갑,148500130,1,3,0,7,0,0,10,402,0
76001070,2차 도적 가차/도깨비 장갑,148500160,1,3,0,7,0,0,10,403,0
76001070,2차 도적 가차/가리언 장갑,148500190,1,3,0,7,0,0,10,404,0
76001070,2차 도적 가차/자이로픽 장갑,148500220,1,3,0,7,0,0,10,405,0
76001070,2차 도적 가차/도깨비 부츠,148600160,1,3,0,7,0,0,10,406,0
76001070,2차 도적 가차/가리언 신발,148600190,1,3,0,7,0,0,10,407,0
76001070,2차 도적 가차/자이로픽 신발,148600220,1,3,0,7,0,0,10,408,0
76001070,2차 도적 가차/요정의 날개,181100090,1,3,0,7,0,0,10,409,0
76001070,2차 도적 가차/통찰의 날개,181100100,1,3,0,7,0,0,10,410,0
76001070,2차 도적 가차/나비의 날개,181100110,1,3,0,7,0,0,10,411,0
76001070,2차 도적 가차/환영의 날개,181100120,1,3,0,7,0,0,10,412,0
76001070,2차 도적 가차/벨라의 날개,181100130,1,3,0,7,0,0,10,413,0
76001070,2차 도적 가차/[전문가용] 도끼,86000040,1,3,0,0,0,0,10,414,0
76001070,2차 도적 가차/[전문가용] 곡괭이,86010040,1,3,0,0,0,0,10,415,0
76001070,2차 도적 가차/[전문가용] 호미,86020040,1,3,0,0,0,0,10,416,0
76001070,2차 도적 가차/[전문가용] 낚시대,86030040,1,3,0,0,0,0,10,417,0
76001070,2차 도적 가차/[전문가용] 가공선반,86100040,1,3,0,0,0,0,10,418,0
76001070,2차 도적 가차/[전문가용] 제련기,86110040,1,3,0,0,0,0,10,419,0
76001070,2차 도적 가차/[전문가용] 텃밭,86120040,1,3,0,0,0,0,10,420,0
76001070,2차 도적 가차/[전문가용] 수족관,86130040,1,3,0,0,0,0,10,421,0
76001070,2차 도적 가차/[전문가용] 보석세공기,86140040,1,3,0,0,0,0,10,422,0
76001070,2차 도적 가차/'저급 손수레' 포장상자(14일),87001025,1,3,0,0,0,0,10,423,0
76001070,2차 도적 가차/'중급 손수레' 포장상자(14일),87001125,1,3,0,0,0,0,10,424,0
76001540,추석이벤트/가다코인,20200188,5,3,0,0,0,0,17,450,0
76001540,추석이벤트/'해'풍선,78400720,1,2,15,0,0,0,13,451,0
76001540,추석이벤트/'피'풍선,78400730,1,2,15,0,0,0,13,452,0
76001540,추석이벤트/'추'풍선,78400740,1,2,15,0,0,0,13,453,0
76001540,추석이벤트/'석'풍선,78400750,1,2,15,0,0,0,10,454,0
76001540,추석이벤트/무기강화가루,79000010,4,3,0,0,0,0,17,455,0
76001540,추석이벤트/방어구강화가루,79000020,5,3,0,0,0,0,17,456,0
76001550,할로윈가차1/가다코인,20200188,5,3,0,0,0,0,9,457,0
76001550,할로윈가차1/상급 체력 회복 포션,50130070,10,3,0,0,0,0,9,458,0
76001550,할로윈가차1/상급 마나 회복 포션,50130080,10,3,0,0,0,0,9,459,0
76001550,할로윈가차1/토파즈,50900010,1,3,0,0,0,0,4,460,0
76001550,할로윈가차1/에메랄드,50900020,1,3,0,0,0,0,4,461,0
76001550,할로윈가차1/사파이어,50900030,1,3,0,0,0,0,4,462,0
76001550,할로윈가차1/루비,50900040,1,3,0,0,0,0,4,463,0
76001550,할로윈가차1/다이아몬드,50900050,1,3,0,0,0,0,4,464,0
76001550,할로윈가차1/무기강화가루,79000010,5,3,0,0,0,0,5,465,0
76001550,할로윈가차1/방어구강화가루,79000020,7,3,0,0,0,0,9,466,0
76001550,할로윈가차1/소울,79000030,50,3,0,0,0,0,9,467,0
76001550,할로윈가차1/늑대인간 머리,290003560,1,3,0,0,0,0,6,468,0
76001550,할로윈가차1/늑대인간 몸,290003570,1,3,0,0,0,0,6,469,0
76001550,할로윈가차1/늑대인간 팔,290003580,1,3,0,0,0,0,6,470,0
76001550,할로윈가차1/늑대인간 다리,290003590,1,3,0,0,0,0,6,471,0
76001550,할로윈가차1/늑대인간 발,290003600,1,3,0,0,0,0,6,472,0
76001560,할로윈가차2/가다코인,20200188,5,3,0,0,0,0,9,473,0
76001560,할로윈가차2/상급 체력 회복 포션,50130070,10,3,0,0,0,0,9,474,0
76001560,할로윈가차2/상급 마나 회복 포션,50130080,10,3,0,0,0,0,9,475,0
76001560,할로윈가차2/토파즈,50900010,1,3,0,0,0,0,4,476,0
76001560,할로윈가차2/에메랄드,50900020,1,3,0,0,0,0,4,477,0
76001560,할로윈가차2/사파이어,50900030,1,3,0,0,0,0,4,478,0
76001560,할로윈가차2/루비,50900040,1,3,0,0,0,0,4,479,0
76001560,할로윈가차2/다이아몬드,50900050,1,3,0,0,0,0,4,480,0
76001560,할로윈가차2/무기강화가루,79000010,5,3,0,0,0,0,5,481,0
76001560,할로윈가차2/방어구강화가루,79000020,7,3,0,0,0,0,9,482,0
76001560,할로윈가차2/소울,79000030,50,3,0,0,0,0,9,483,0
76001560,할로윈가차2/늑대귀(하양),290003970,1,3,0,0,0,0,6,484,0
76001560,할로윈가차2/늑대손(하양),290004000,1,3,0,0,0,0,6,485,0
76001560,할로윈가차2/늑대발(하양),290004030,1,3,0,0,0,0,6,486,0
76001560,할로윈가차2/마녀빗자루,290004080,1,3,0,0,0,0,6,487,0
76001560,할로윈가차2/호박풍선,290004090,1,3,0,0,0,0,6,488,0
76001590,하프 레드 가면,290003360,1,2,2,0,0,0,10,489,1
76001590,화이트 가면,290003380,1,2,2,0,0,0,10,490,0
76001590,블루 화이트 털 가면,290003420,1,2,2,0,0,0,10,491,1
76001590,퍼플 가면,290003430,1,2,2,0,0,0,10,492,0
76001590,래드 스프라이트 가면,290003440,1,2,2,0,0,0,10,493,1
76001590,옐로우 고스트 가면,290003450,1,2,2,0,0,0,10,494,0
76001600,크리스마스로그인가차1/벽난로7일,70001470,1,2,7,0,0,0,10,495,0
76001600,크리스마스로그인가차1/벽난로15일,70001470,1,2,15,0,0,0,10,496,0
76001600,크리스마스로그인가차1/벽난로30일,70001470,1,2,30,0,0,0,10,497,0
76001600,크리스마스로그인가차1/트리7일,70001480,1,2,7,0,0,0,10,498,0
76001600,크리스마스로그인가차1/트리15일,70001480,1,2,15,0,0,0,10,499,0
76001600,크리스마스로그인가차1/트리30일,70001480,1,2,30,0,0,0,10,500,0
76001600,크리스마스로그인가차1/창문7일,70001490,1,2,7,0,0,0,10,501,0
76001600,크리스마스로그인가차1/창문15일,70001490,1,2,15,0,0,0,10,502,0
76001600,크리스마스로그인가차1/창문30일,70001490,1,2,30,0,0,0,10,503,0
76001610,크리스마스로그인가차2/산타모자빨강,294000640,1,3,0,0,0,0,10,504,0
76001610,크리스마스로그인가차2/산타모자초록,294000690,1,3,0,0,0,0,10,505,0
76001610,크리스마스로그인가차2/산타모자하양,294000870,1,3,0,0,0,0,10,506,0
76001620,연말로그인가차/불꽃놀이1,98005540,20,3,0,0,0,0,10,507,0
76001620,연말로그인가차/불꽃놀이4,98005545,20,3,0,0,0,0,10,508,0
76001620,연말로그인가차/불꽃놀이5,98005546,20,3,0,0,0,0,10,509,0
76001620,연말로그인가차/불꽃놀이2,98005550,20,3,0,0,0,0,10,510,0
76001620,연말로그인가차/불꽃놀이3,98005570,20,3,0,0,0,0,10,511,0
76001630,신년로그인가차1/운세뽑기1,99700010,1,3,0,0,0,0,10,512,0
76001630,신년로그인가차1/운세뽑기2,99700020,1,3,0,0,0,0,10,513,0
76001630,신년로그인가차1/운세뽑기3,99700030,1,3,0,0,0,0,10,514,0
76001630,신년로그인가차1/운세뽑기4,99700040,1,3,0,0,0,0,10,515,0
76001630,신년로그인가차1/운세뽑기5,99700050,1,3,0,0,0,0,10,516,0
76001630,신년로그인가차1/운세뽑기6,99700060,1,3,0,0,0,0,10,517,0
76001640,신년로그인가차2/가다코인,20200188,20,3,0,0,0,0,15,518,0
76001640,신년로그인가차2/무기강화가루,79000010,5,3,0,0,0,0,10,519,0
76001640,신년로그인가차2/방어구강화가루,79000020,10,3,0,0,0,0,10,520,0
76001640,신년로그인가차2/소울,79000030,700,3,0,0,0,0,10,521,0
76001640,신년로그인가차2/2011안경,298005500,1,3,0,0,0,0,11,522,0
76001640,신년로그인가차2/2011모자,298005510,1,3,0,0,0,0,11,523,0
76001640,신년로그인가차2/토끼풍선1,298005520,1,3,0,0,0,0,11,524,0
76001640,신년로그인가차2/토끼풍선2,298005530,1,3,0,0,0,0,11,525,0
76001640,신년로그인가차2/토끼풍선3,298005540,1,3,0,0,0,0,11,526,0
76001650,크리스마스한정판매/난로,70001470,1,2,30,0,0,0,100,527,0
76001660,크리스마스한정판매/트리,70001480,1,2,30,0,0,0,100,528,0
76001670,크리스마스한정판매/창문,70001490,1,2,30,0,0,0,100,529,0
76001680,기간한정1차전직선물/파렐아드레날린캡슐,75000020,1,3,0,0,0,0,30,530,0
76001680,기간한정1차전직선물/파렐고무장갑,75000010,1,3,0,0,0,0,30,531,0
76001680,기간한정1차전직선물/파렐벨트,75000030,1,3,0,0,0,0,30,532,0
99700350,1주년이벤트매일캡슐/무기 강화 가루,79000010,20,3,0,0,0,0,20,533,0
99700350,1주년이벤트매일캡슐/방어구 강화 가루,79000020,20,3,0,0,0,0,20,534,0
99700350,1주년이벤트매일캡슐/소울,79000030,100,3,0,0,0,0,20,535,0
99700350,1주년이벤트매일캡슐/가다코인,20200188,5,3,0,0,0,0,20,536,0
99700350,1주년이벤트매일캡슐/몬스터 카드 랜덤 박스,50900800,2,3,0,0,0,0,10,537,1
76001690,1주년가차/전통예복 상의,99700200,1,3,0,0,0,0,4,538,0
76001690,1주년가차/전통예복 하의,99700210,1,3,0,0,0,0,4,539,0
76001690,1주년가차/전통예복 신발,99700220,1,3,0,0,0,0,4,540,0
76001690,1주년가차/전통예복 모자,99700230,1,3,0,0,0,0,4,541,0
76001690,1주년가차/전통예복 장갑,99700240,1,3,0,0,0,0,4,542,0
76001690,1주년가차/기모노 상의,99700250,1,3,0,0,0,0,4,543,0
76001690,1주년가차/기모노 하의,99700260,1,3,0,0,0,0,4,544,0
76001690,1주년가차/기모노 장갑,99700270,1,3,0,0,0,0,4,545,0
76001690,1주년가차/기모노 신발,99700280,1,3,0,0,0,0,4,546,0
76001690,1주년가차/일본 전통예복 상의,94000970,1,3,0,0,0,0,5,547,0
76001690,1주년가차/일본 전통예복 하의,94000980,1,3,0,0,0,0,5,548,0
76001690,1주년가차/일본 전통예복 신발,94000990,1,3,0,0,0,0,5,549,0
76001690,1주년가차/일본 전통예복 모자,94001000,1,3,0,0,0,0,5,550,0
76001690,1주년가차/일본 전통예복 장갑,94001010,1,3,0,0,0,0,5,551,0
76001690,1주년가차/일본 기모노 상의,94001020,1,3,0,0,0,0,6,552,0
76001690,1주년가차/일본 기모노 하의,94001030,1,3,0,0,0,0,6,553,0
76001690,1주년가차/일본 기모노 장갑,94001040,1,3,0,0,0,0,6,554,0
76001690,1주년가차/일본 기모노 신발,94001050,1,3,0,0,0,0,6,555,0
76001690,1주년가차/최고급 스킬 초기화,98001440,1,3,0,0,0,0,2,556,0
76001690,1주년가차/ALL 스텟 초기화,98004390,1,3,0,0,0,0,3,557,0
76001690,1주년가차/펫 사료 30일,66000030,1,3,0,0,0,0,5,558,0
76001690,1주년가차/백호 펫 알(신),65003940,1,3,0,0,0,0,3,559,0
76001690,1주년가차/캐시 가챠 코인,98005580,1,3,0,0,0,0,3,560,0
76001890,2011발렌타인가챠A/알록달록한 초코렛,50160190,1,3,0,0,0,0,10,564,0
76001890,2011발렌타인가챠A/유령 화이트 초코렛 ,50160120,1,3,0,0,0,0,10,565,0
76001890,2011발렌타인가챠A/해피 발렌타인데이 업적(소비),98006600,1,3,0,0,0,0,10,566,0
76001890,2011발렌타인가챠A/발렌타인 L 풍선,98006330,1,2,7,0,0,0,7,567,0
76001890,2011발렌타인가챠A/발렌타인 O 풍선,98006340,1,2,7,0,0,0,8,568,0
76001890,2011발렌타인가챠A/발렌타인 V 풍선,98006350,1,2,7,0,0,0,7,569,0
76001890,2011발렌타인가챠A/발렌타인 E 풍선,98006360,1,2,7,0,0,0,8,570,0
76001890,2011발렌타인가챠A/딸기잼 웨하스 과자 책상,70001150,1,2,5,0,0,0,5,571,0
76001890,2011발렌타인가챠A/웨하스 샤베트과자 화장대,70001160,1,2,5,0,0,0,5,572,0
76001890,2011발렌타인가챠A/초코파이 테이블,70001170,1,2,5,0,0,0,5,573,0
76001890,2011발렌타인가챠A/딸기생크림 쿠키과자 2인 소파,70001200,1,2,5,0,0,0,5,574,0
76001890,2011발렌타인가챠A/크래커 과자 옷장,70001230,1,2,5,0,0,0,5,575,0
76001890,2011발렌타인가챠A/딸기 웨하스 별사탕 과자 금고,70001240,1,2,5,0,0,0,5,576,0
76001890,2011발렌타인가챠A/사과맛 눈깔사탕 인테리어 소품,70001280,1,2,5,0,0,0,5,577,0
76001890,2011발렌타인가챠A/프레즐 과자모양 2단 창문,70001320,1,2,5,0,0,0,5,578,0
76001900,2011발렌타인가챠B/솔로천국커플지옥[이벤트],99700510,1,3,0,0,0,0,12,579,0
76001900,2011발렌타인가챠B/딸기 케이크 모자[이벤트],99700520,1,3,0,0,0,0,8,580,0
76001900,2011발렌타인가챠B/생크림 케이크 모자[이벤트],99700530,1,3,0,0,0,0,8,581,0
76001900,2011발렌타인가챠B/생과일 케이크 모자[이벤트],99700540,1,3,0,0,0,0,8,582,0
76001900,2011발렌타인가챠B/캔디 장갑[이벤트],99700550,1,3,0,0,0,0,8,583,0
76001900,2011발렌타인가챠B/초코렛 장갑[이벤트],99700560,1,3,0,0,0,0,8,584,0
76001900,2011발렌타인가챠B/발렌타인 가방[이벤트],99700570,1,3,0,0,0,0,8,585,0
76001900,2011발렌타인가챠B/과자 벽지,70001090,1,3,0,0,0,0,4,586,0
76001900,2011발렌타인가챠B/과자 바닥타일,70001100,1,3,0,0,0,0,4,587,0
76001900,2011발렌타인가챠B/딸기잼 웨하스 과자 책상,70001150,1,2,30,0,0,0,4,588,0
76001900,2011발렌타인가챠B/웨하스 샤베트과자 화장대,70001160,1,2,30,0,0,0,4,589,0
76001900,2011발렌타인가챠B/초코파이 테이블,70001170,1,2,30,0,0,0,4,590,0
76001900,2011발렌타인가챠B/딸기생크림 쿠키과자 2인 소파,70001200,1,2,30,0,0,0,4,591,0
76001900,2011발렌타인가챠B/크래커 과자 옷장,70001230,1,2,30,0,0,0,4,592,0
76001900,2011발렌타인가챠B/딸기 웨하스 별사탕 과자 금고,70001240,1,2,30,0,0,0,4,593,0
76001900,2011발렌타인가챠B/사과맛 눈깔사탕 인테리어 소품,70001280,1,2,30,0,0,0,4,594,0
76001900,2011발렌타인가챠B/프레즐 과자모양 2단 창문,70001320,1,2,30,0,0,0,4,595,0
76000010,결혼이벤트보상/러브러브워프,50400010,20,3,0,0,0,0,0,596,0
76001120,사쿠라 미션 보상 가챠/벚꽃 마을 이야기 업적,50504590,1,3,0,0,0,0,20,597,0
76001120,사쿠라 미션 보상 가챠/벚꽃 귀걸이,98006970,1,3,0,0,0,0,10,598,0
76001120,사쿠라 미션 보상 가챠/혼돈의 벚꽃 귀걸이,98007010,1,3,0,0,0,0,5,599,0
76001120,사쿠라 미션 보상 가챠/연어알 스시 풍선,98007030,1,3,0,0,0,0,10,600,0
76001120,사쿠라 미션 보상 가챠/계란 스시 풍선,98007040,1,3,0,0,0,0,10,601,0
76001120,사쿠라 미션 보상 가챠/생기 넘치는 벚꽃잎 4매,98007090,4,3,0,0,0,0,10,602,0
76001120,사쿠라 미션 보상 가챠/생기 넘치는 벚꽃잎 10매,98007090,10,3,0,0,0,0,5,603,0
76001120,사쿠라 미션 보상 가챠/새하얀 벚꽃잎 5매,98007100,5,3,0,0,0,0,10,604,0
76001120,사쿠라 미션 보상 가챠/벚꽃풍선(이벤트용),291302140,1,3,0,0,0,0,20,605,0
76001130,사쿠라 디펜스 보상 가챠/가다 코인 2개,20200188,2,3,0,0,0,0,12,606,0
76001130,사쿠라 디펜스 보상 가챠/조각케이크 5개,50110090,5,3,0,0,0,0,8,607,0
76001130,사쿠라 디펜스 보상 가챠/벚꽃 반지,98006950,1,3,0,0,0,0,15,608,0
76001130,사쿠라 디펜스 보상 가챠/혼돈의 벚꽃 반지,98006990,1,3,0,0,0,0,8,609,0
76001130,사쿠라 디펜스 보상 가챠/혼돈의 벚꽃 목걸이,98007000,1,3,0,0,0,0,7,610,0
76001130,사쿠라 디펜스 보상 가챠/새우 스시 풍선,98007020,1,3,0,0,0,0,15,611,0
76001130,사쿠라 디펜스 보상 가챠/새하얀 벚꽃잎 5매,98007100,5,3,0,0,0,0,15,612,0
76001130,사쿠라 디펜스 보상 가챠/벚꽃풍선(이벤트용),291302140,1,3,0,0,0,0,20,613,0
76001960,벚꽃만개박스가차/핑크 교복세트 상의,291301010,1,3,0,0,0,0,17,614,0
76001960,벚꽃만개박스가차/핑크 교복세트 하의,291301020,1,3,0,0,0,0,17,615,0
76001960,벚꽃만개박스가차/핑크 교복세트 신발,291301030,1,3,0,0,0,0,17,616,0
76001960,벚꽃만개박스가차/벚꽃 니트모자,291301040,1,3,0,0,0,0,17,617,0
76001960,벚꽃만개박스가차/벚꽃 머리핀,291301050,1,3,0,0,0,0,17,618,0
76001960,벚꽃만개박스가차/벚꽃 망토,291301060,1,3,0,0,0,0,15,619,0
76001970,neworigin문자가차1_킬카운트/E,398003240,1,3,0,0,0,0,20,620,0
76001970,neworigin문자가차1_킬카운트/R,398003270,1,3,0,0,0,0,40,621,0
76001970,neworigin문자가차1_킬카운트/G,398003290,1,3,0,0,0,0,40,622,0
76001870,neworigin문자가차2_미션보물상자/N,398003230,1,3,0,0,0,0,60,623,0
76001870,neworigin문자가차2_미션보물상자/O,398003260,1,3,0,0,0,0,40,624,0
76001980,neworigin accessories,398003320,1,3,0,0,0,0,6,625,0
76001980,neworigin accessories,398003330,1,3,0,0,0,0,6,626,0
76001980,neworigin accessories,398003340,1,3,0,0,0,0,6,627,0
76001980,neworigin accessories,398003350,1,3,0,0,0,0,6,628,0
76001980,neworigin accessories,398003360,1,3,0,0,0,0,6,629,0
76001980,neworigin achive,398003390,1,3,0,0,0,0,5,630,0
76001980,Neworigin 20 gold pouch,98000490,1,3,0,0,0,0,30,635,0
76001980,neworigin firework,398003410,3,3,0,0,0,0,35,638,0
76001880,사전이벤트보상가차/HP영생의 물약(중),98004700,1,3,0,0,0,0,10,642,0
76001880,사전이벤트보상가차/MP영생의 물약(중),98004740,1,3,0,0,0,0,10,643,0
76001880,사전이벤트보상가차/파랑새의 깃털,98000250,3,3,0,0,0,0,10,644,0
76001880,사전이벤트보상가차/경험치포션2배(1시간 전레벨) ,98001680,1,3,0,0,0,0,10,645,0
76001880,사전이벤트보상가차/순간 이동 카드,98000120,5,3,0,0,0,0,10,646,0
76001880,사전이벤트보상가차/소울,79000030,500,3,0,0,0,0,10,647,0
76001880,사전이벤트보상가차/무기강화가루,79000010,5,3,0,0,0,0,10,648,0
76001880,사전이벤트보상가차/방어구강화가루,79000020,10,3,0,0,0,0,10,649,0
76001880,사전이벤트보상가차/조각케이크,50110090,10,3,0,0,0,0,10,650,0
76001880,사전이벤트보상가차/야쿠르트,50110100,10,3,0,0,0,0,10,651,0
76001290,20110820이벤트가차/펫 고급사료 (7일),65002115,1,3,0,0,0,0,10,652,0
76001290,20110820이벤트가차/경험치 2배 증가 포션 (1시간),98001680,1,3,0,0,0,0,10,653,0
76001290,20110820이벤트가차/무기 강화 가루,79000010,10,3,0,0,0,0,10,654,0
76001290,20110820이벤트가차/방어구 강화 가루,79000020,10,3,0,0,0,0,10,655,0
76001290,20110820이벤트가차/가다 코인,20200188,5,3,0,0,0,0,10,656,0
76001290,20110820이벤트가차/조각케이크,50110090,5,3,0,0,0,0,10,657,0
76001290,20110820이벤트가차/야쿠르트,50110100,5,3,0,0,0,0,10,658,0
76001290,20110820이벤트가차/레인보우 오렌지 머니팩,50902020,5,3,0,0,0,0,10,659,0
76001290,20110820이벤트가차/레인보우 옐로우 머니팩,50902030,5,3,0,0,0,0,10,660,0
76001290,20110820이벤트가차/레인보우 그린 머니팩,50902040,5,3,0,0,0,0,10,661,0
76001280,곤충채집퀘스트가차/풀벌레모자,299602720,1,3,0,0,0,0,9,662,0
76001280,곤충채집퀘스트가차/노란 무당벌레 백팩,299602730,1,3,0,0,0,0,9,663,0
76001280,곤충채집퀘스트가차/투구벌레왕자모자,299602740,1,3,0,0,0,0,9,664,0
76001280,곤충채집퀘스트가차/투구벌레왕자상의,299602750,1,3,0,0,0,0,9,665,0
76001280,곤충채집퀘스트가차/투구벌레왕자하의,299602760,1,3,0,0,0,0,9,666,0
76001280,곤충채집퀘스트가차/투구벌레왕자장갑,299602770,1,3,0,0,0,0,9,667,0
76001280,곤충채집퀘스트가차/투구벌레왕자신발,299602780,1,3,0,0,0,0,9,668,0
76001280,곤충채집퀘스트가차/투구벌레왕자망토,299602790,1,3,0,0,0,0,9,669,0
76001280,곤충채집퀘스트가차/업적 곤충채집달인(소비),299602800,1,3,0,0,0,0,8,670,0
76001280,곤충채집퀘스트가차/NEWORIGIN 불꽃,398003410,3,3,0,0,0,0,4,671,0
76001280,곤충채집퀘스트가차/포도,50110050,10,3,0,0,0,0,4,672,0
76001280,곤충채집퀘스트가차/막대사탕,50110060,10,3,0,0,0,0,4,673,0
76001280,곤충채집퀘스트가차/레인보우 그린 머니팩,50902040,10,3,0,0,0,0,4,674,0
76001280,곤충채집퀘스트가차/레인보우 블루 머니펙,50902050,10,3,0,0,0,0,4,675,0
76001300,곤충채집미션보너스상자/사슴벌레,299602670,1,3,0,0,0,0,18,676,0
76001300,곤충채집미션보너스상자/잠자리,299602680,1,3,0,0,0,0,18,677,0
76001300,곤충채집미션보너스상자/매미,299602690,1,3,0,0,0,0,18,678,0
76001300,곤충채집미션보너스상자/투구벌레,299602700,1,3,0,0,0,0,18,679,0
76001300,곤충채집미션보너스상자/사슴벌레,299602670,2,3,0,0,0,0,7,680,0
76001300,곤충채집미션보너스상자/잠자리,299602680,2,3,0,0,0,0,7,681,0
76001300,곤충채집미션보너스상자/매미,299602690,2,3,0,0,0,0,7,682,0
76001300,곤충채집미션보너스상자/투구벌레,299602700,2,3,0,0,0,0,7,683,0
76001310,수박몬스터드롭가차/여름 이벤트 수영복 상의,299602850,1,3,0,0,0,0,2,684,0
76001310,수박몬스터드롭가차/여름 이벤트 수영복 하의,299602860,1,3,0,0,0,0,2,685,0
76001310,수박몬스터드롭가차/여름 이벤트 수영복 팔찌,299602870,1,3,0,0,0,0,2,686,0
76001310,수박몬스터드롭가차/여름 이벤트 수영복 신발,299602880,1,3,0,0,0,0,2,687,0
76001310,수박몬스터드롭가차/여름 이벤트 수영복 상의,299602890,1,3,0,0,0,0,2,688,0
76001310,수박몬스터드롭가차/여름 이벤트 수영복 하의,299602900,1,3,0,0,0,0,2,689,0
76001310,수박몬스터드롭가차/여름 이벤트 수영복 팔찌,299602910,1,3,0,0,0,0,2,690,0
76001310,수박몬스터드롭가차/여름 이벤트 수영복 신발,299602920,1,3,0,0,0,0,2,691,0
76001310,수박몬스터드롭가차/수박 조각,299602930,1,3,0,0,0,0,10,692,0
76001310,수박몬스터드롭가차/문어다리,299602940,1,3,0,0,0,0,10,693,0
76001310,수박몬스터드롭가차/설탕나무 열매,299602950,1,3,0,0,0,0,10,694,0
76001310,수박몬스터드롭가차/수박 껍질,299602960,1,3,0,0,0,0,20,695,0
76001310,수박몬스터드롭가차/수박 깨기 달인(업적),299602970,1,3,0,0,0,0,4,696,0
76001310,수박몬스터드롭가차/레인보우 퍼플 머니팩,50902070,1,3,0,0,0,0,10,697,0
76001310,수박몬스터드롭가차/새해맞이 연발 폭죽,98005550,3,3,0,0,0,0,9,698,0
76001310,수박몬스터드롭가차/새해맞이 분수 폭죽,98005570,3,3,0,0,0,0,9,699,0
76001310,수박몬스터드롭가차/무기 강화 가루,79000010,1,3,0,0,0,0,1,700,0
76001310,수박몬스터드롭가차/방어구 강화 가루,79000020,1,3,0,0,0,0,1,701,0
399603970,할로윈 이벤트 풍선 가차/꼬마유령신사,399603680,1,3,0,0,0,0,50,702,0
399603970,할로윈 이벤트 풍선 가차/꼬마유령숙녀,399603690,1,3,0,0,0,0,50,703,0
299603970,할로윈 이벤트 선물 가차/사탕,299603940,1,3,0,0,0,0,9,704,0
299603970,할로윈 이벤트 선물 가차/케이크,299603950,1,3,0,0,0,0,9,705,0
299603970,할로윈 이벤트 선물 가차/스프,299603960,1,3,0,0,0,0,9,706,0
299603970,할로윈 이벤트 선물 가차/풍선 가차,399603970,1,3,0,0,0,0,1,707,0
299603970,할로윈 이벤트 선물 가차/롤빵,50100150,5,3,0,0,0,0,6,708,0
299603970,할로윈 이벤트 선물 가차/파르페,50100160,5,3,0,0,0,0,6,709,0
299603970,할로윈 이벤트 선물 가차/조각케이크,50110090,5,3,0,0,0,0,6,710,0
299603970,할로윈 이벤트 선물 가차/야쿠르트,50110100,5,3,0,0,0,0,6,711,0
299603970,할로윈 이벤트 선물 가차/호박등,50160170,2,3,0,0,0,0,8,712,0
299603970,할로윈 이벤트 선물 가차/호박젤리,50160180,2,3,0,0,0,0,8,713,0
299603970,할로윈 이벤트 선물 가차/호박 쿠키,50160140,2,3,0,0,0,0,8,714,0
299603970,할로윈 이벤트 선물 가차/호박 머핀,50160150,2,3,0,0,0,0,8,715,0
299603970,할로윈 이벤트 선물 가차/유령 화이트 초코렛 ,50160120,2,3,0,0,0,0,8,716,0
299603970,할로윈 이벤트 선물 가차/마녀모자 초코렛 ,50160130,2,3,0,0,0,0,8,717,0
76000020,버그악용무기코스튬재배포/소드,291200020,1,2,30,0,0,0,0,718,0
76000030,버그악용무기코스튬재배포/투핸드소드,291200030,1,2,30,0,0,0,0,719,0
76000040,버그악용무기코스튬재배포/스탭,291200040,1,2,30,0,0,0,0,720,0
76000050,버그악용무기코스튬재배포/스피어,291200050,1,2,30,0,0,0,0,721,0
76000060,버그악용무기코스튬재배포/보우,291200060,1,2,30,0,0,0,0,722,0
76000070,버그악용무기코스튬재배포/크로스보우,291200070,1,2,30,0,0,0,0,723,0
76000080,버그악용무기코스튬재배포/클로,291200080,1,2,30,0,0,0,0,724,0
76000090,버그악용무기코스튬재배포/카타르,291200090,1,2,30,0,0,0,0,725,0
76001320,2011단풍이벤트로그인소비가차/무기 강화 가루,79000010,10,3,0,0,0,0,12,726,0
76001320,2011단풍이벤트로그인소비가차/방어구 강화 가루,79000020,20,3,0,0,0,0,12,727,0
76001320,2011단풍이벤트로그인소비가차/가다 코인,20200188,10,3,0,0,0,0,12,728,0
76001320,2011단풍이벤트로그인소비가차/소울,79000030,300,3,0,0,0,0,12,729,0
76001320,2011단풍이벤트로그인소비가차/고급 체력 회복 포션,50130070,20,3,0,0,0,0,12,730,0
76001320,2011단풍이벤트로그인소비가차/고급 마나 회복 포션,50130080,20,3,0,0,0,0,12,731,0
76001320,2011단풍이벤트로그인소비가차/조각케이크,50110090,10,3,0,0,0,0,12,732,0
76001320,2011단풍이벤트로그인소비가차/야쿠르트,50110100,10,3,0,0,0,0,11,733,0
76001320,2011단풍이벤트로그인소비가차/몬스터 카드 보물상자,50900800,5,3,0,0,0,0,3,734,0
76001320,2011단풍이벤트로그인소비가차/스킬 포인트+1,50900070,2,3,0,0,0,0,2,735,0
76001770,인간남자얼굴가차/매력점(남),20220060,1,3,0,0,0,0,10,736,0
76001770,인간남자얼굴가차/무지개 눈(남),20220070,1,3,0,0,0,0,10,737,0
76001770,인간남자얼굴가차/화살표 타투(남) ,20220080,1,3,0,0,0,0,10,738,0
76001770,인간남자얼굴가차/오드아이(남) ,20220090,1,3,0,0,0,0,10,739,0
76001770,인간남자얼굴가차/다크아이(남) ,20220100,1,3,0,0,0,0,10,740,0
76001770,인간남자얼굴가차/다크써클(남) ,20220110,1,3,0,0,0,0,10,741,0
76001770,인간남자얼굴가차/보석눈(남),20220120,1,3,0,0,0,0,10,742,0
76001770,인간남자얼굴가차/스크림(남),20220130,1,3,0,0,0,0,10,743,0
76001770,인간남자얼굴가차/샤이닝아이(남),20220140,1,3,0,0,0,0,10,744,0
76001770,인간남자얼굴가차/좀비(남),20220150,1,3,0,0,0,0,10,745,0
76001780,인간여자얼굴가차/바이올렛 아이 (여),20220160,1,3,0,0,0,0,10,746,0
76001780,인간여자얼굴가차/다크써클(여),20220170,1,3,0,0,0,0,10,747,0
76001780,인간여자얼굴가차/무지개 눈(여),20220180,1,3,0,0,0,0,10,748,0
76001780,인간여자얼굴가차/빈디(여),20220190,1,3,0,0,0,0,10,749,0
76001780,인간여자얼굴가차/왕눈이(여),20220200,1,3,0,0,0,0,10,750,0
76001780,인간여자얼굴가차/블루 아이(여),20220210,1,3,0,0,0,0,10,751,0
76001780,인간여자얼굴가차/보석눈(여),20220220,1,3,0,0,0,0,10,752,0
76001780,인간여자얼굴가차/스크림(여),20220230,1,3,0,0,0,0,10,753,0
76001780,인간여자얼굴가차/샤이닝 아이(여),20220240,1,3,0,0,0,0,10,754,0
76001780,인간여자얼굴가차/좀비(여),20220250,1,3,0,0,0,0,10,755,0
76001790,용족남자얼굴가차/매력점(남),30220060,1,3,0,0,0,0,10,756,0
76001790,용족남자얼굴가차/무지개 눈(남),30220070,1,3,0,0,0,0,10,757,0
76001790,용족남자얼굴가차/화살표 타투(남) ,30220080,1,3,0,0,0,0,10,758,0
76001790,용족남자얼굴가차/오드아이(남) ,30220090,1,3,0,0,0,0,10,759,0
76001790,용족남자얼굴가차/다크아이(남) ,30220100,1,3,0,0,0,0,10,760,0
76001790,용족남자얼굴가차/다크써클(남) ,30220110,1,3,0,0,0,0,10,761,0
76001790,용족남자얼굴가차/보석눈(남),30220120,1,3,0,0,0,0,10,762,0
76001790,용족남자얼굴가차/스크림(남),30220130,1,3,0,0,0,0,10,763,0
76001790,용족남자얼굴가차/샤이닝아이(남),30220140,1,3,0,0,0,0,10,764,0
76001790,용족남자얼굴가차/좀비(남),30220150,1,3,0,0,0,0,10,765,0
76001800,용족여자얼굴가차/바이올렛 아이 (여),30220160,1,3,0,0,0,0,10,766,0
76001800,용족여자얼굴가차/다크써클(여),30220170,1,3,0,0,0,0,10,767,0
76001800,용족여자얼굴가차/무지개 눈(여),30220180,1,3,0,0,0,0,10,768,0
76001800,용족여자얼굴가차/빈디(여),30220190,1,3,0,0,0,0,10,769,0
76001800,용족여자얼굴가차/왕눈이(여),30220200,1,3,0,0,0,0,10,770,0
76001800,용족여자얼굴가차/블루 아이(여),30220210,1,3,0,0,0,0,10,771,0
76001800,용족여자얼굴가차/보석눈(여),30220220,1,3,0,0,0,0,10,772,0
76001800,용족여자얼굴가차/스크림(여),30220230,1,3,0,0,0,0,10,773,0
76001800,용족여자얼굴가차/샤이닝 아이(여),30220240,1,3,0,0,0,0,10,774,0
76001800,용족여자얼굴가차/좀비(여),30220250,1,3,0,0,0,0,10,775,0
76001810,인간남자헤어가차/커트(남),299603710,1,3,0,0,0,0,10,776,0
76001810,인간남자헤어가차/롱테일(남),299603720,1,3,0,0,0,0,10,777,0
76001810,인간남자헤어가차/애교머리(남),299603730,1,3,0,0,0,0,10,778,0
76001810,인간남자헤어가차/샤기컷(남),299603740,1,3,0,0,0,0,10,779,0
76001810,인간남자헤어가차/바가지머리(남),299603750,1,3,0,0,0,0,10,780,0
76001810,인간남자헤어가차/반항아 컷(남),299603760,1,3,0,0,0,0,10,781,0
76001810,인간남자헤어가차/챠밍 컷(남),299603770,1,3,0,0,0,0,10,782,0
76001810,인간남자헤어가차/사이드 콘로우(남),299603780,1,3,0,0,0,0,10,783,0
76001810,인간남자헤어가차/프린스 컷(남),299603790,1,3,0,0,0,0,10,784,0
76001810,인간남자헤어가차/박쥐머리(남),299603800,1,3,0,0,0,0,10,785,0
76001820,인간여자헤어가차/롱테일(여),299603810,1,3,0,0,0,0,10,786,0
76001820,인간여자헤어가차/말린 롱테일(여),299603820,1,3,0,0,0,0,10,787,0
76001820,인간여자헤어가차/땋은 롱테일(여),299603830,1,3,0,0,0,0,10,788,0
76001820,인간여자헤어가차/롱헤어(여),299603840,1,3,0,0,0,0,10,789,0
76001820,인간여자헤어가차/헤어밴드블랙(여),299603850,1,3,0,0,0,0,10,790,0
76001820,인간여자헤어가차/챠밍웨이브(여),299603860,1,3,0,0,0,0,10,791,0
76001820,인간여자헤어가차/샤기 컷(여),299603870,1,3,0,0,0,0,10,792,0
76001820,인간여자헤어가차/큐트 롱헤어(여),299603880,1,3,0,0,0,0,10,793,0
76001820,인간여자헤어가차/터번헤어(여),299603890,1,3,0,0,0,0,10,794,0
76001820,인간여자헤어가차/러블리큐티(여),299603900,1,3,0,0,0,0,10,795,0
76001830,용족남자헤어가차/커트(남),399603710,1,3,0,0,0,0,10,796,0
76001830,용족남자헤어가차/롱테일(남),399603720,1,3,0,0,0,0,10,797,0
76001830,용족남자헤어가차/애교머리(남),399603730,1,3,0,0,0,0,10,798,0
76001830,용족남자헤어가차/샤기컷(남),399603740,1,3,0,0,0,0,10,799,0
76001830,용족남자헤어가차/바가지머리(남),399603750,1,3,0,0,0,0,10,800,0
76001830,용족남자헤어가차/반항아 컷(남),399603760,1,3,0,0,0,0,10,801,0
76001830,용족남자헤어가차/챠밍 컷(남),399603770,1,3,0,0,0,0,10,802,0
76001830,용족남자헤어가차/사이드 콘로우(남),399603780,1,3,0,0,0,0,10,803,0
76001830,용족남자헤어가차/프린스 컷(남),399603790,1,3,0,0,0,0,10,804,0
76001830,용족남자헤어가차/박쥐머리(남),399603800,1,3,0,0,0,0,10,805,0
76001840,용족여자헤어가차/롱테일(여),399603810,1,3,0,0,0,0,10,806,0
76001840,용족여자헤어가차/말린 롱테일(여),399603820,1,3,0,0,0,0,10,807,0
76001840,용족여자헤어가차/땋은 롱테일(여),399603830,1,3,0,0,0,0,10,808,0
76001840,용족여자헤어가차/롱헤어(여),399603840,1,3,0,0,0,0,10,809,0
76001840,용족여자헤어가차/헤어밴드블랙(여),399603850,1,3,0,0,0,0,10,810,0
76001840,용족여자헤어가차/챠밍웨이브(여),399603860,1,3,0,0,0,0,10,811,0
76001840,용족여자헤어가차/샤기 컷(여),399603870,1,3,0,0,0,0,10,812,0
76001840,용족여자헤어가차/큐트 롱헤어(여),399603880,1,3,0,0,0,0,10,813,0
76001840,용족여자헤어가차/터번헤어(여),399603890,1,3,0,0,0,0,10,814,0
76001840,용족여자헤어가차/러블리큐티(여),399603900,1,3,0,0,0,0,10,815,0
76001860,2012크리스마스로그인가차/크리스마스 리스 풍선,299604510,1,3,0,0,0,0,10,816,0
76001860,2012크리스마스로그인가차/천사 풍선,299604520,1,3,0,0,0,0,10,817,0
76001860,2012크리스마스로그인가차/눈꽃 풍선,299604530,1,3,0,0,0,0,10,818,0
76001860,2012크리스마스로그인가차/야쿠르트,50110100,5,3,0,0,0,0,90,819,0
76001860,2012크리스마스로그인가차/조각케이크,50110090,5,3,0,0,0,0,90,820,0
76001860,2012크리스마스로그인가차/중급 HP회복포션,50130050,5,3,0,0,0,0,100,821,0
76001860,2012크리스마스로그인가차/중급 MP회복포션,50130060,5,3,0,0,0,0,90,822,0
76001860,2012크리스마스로그인가차/크리스마스 지팡이,50160200,5,3,0,0,0,0,100,823,0
76001860,2012크리스마스로그인가차/크리스마스 막대사탕,50160210,5,3,0,0,0,0,100,824,0
76001860,2012크리스마스로그인가차/크리스마스 알사탕,50160220,5,3,0,0,0,0,100,825,0
76001860,2012크리스마스로그인가차/크리스마스 별사탕,50160230,5,3,0,0,0,0,100,826,0
76001860,2012크리스마스로그인가차/루돌프 모양 쿠키,50160240,5,3,0,0,0,0,100,827,0
76001860,2012크리스마스로그인가차/산타 모양 쿠키,50160250,5,3,0,0,0,0,100,828,0
76000100,2012크리스마스선물상자/핑크산타 투구(공용),299604590,1,3,0,0,0,0,0,829,0
76000100,2012크리스마스선물상자/핑크산타 상의(공용),299604600,1,3,0,0,0,0,0,830,0
76000100,2012크리스마스선물상자/핑크산타 하의(공용),299604610,1,3,0,0,0,0,0,831,0
76000100,2012크리스마스선물상자/핑크산타 장갑(공용),299604620,1,3,0,0,0,0,0,832,0
76000100,2012크리스마스선물상자/핑크산타 신발(공용),299604630,1,3,0,0,0,0,0,833,0
94004810,Easter2016,291300020,1,3,0,0,0,0,40,834,0
94004810,Easter2016,291300040,2,3,0,0,0,0,40,835,0
94004810,Easter2016,291300030,2,3,0,0,0,0,40,836,0
94004810,Easter2016,291300060,1,3,0,0,0,0,20,837,0
94004810,Easter2016,291300070,1,3,0,0,0,0,20,838,0
94004810,Easter2016,291300050,1,3,0,0,0,0,20,839,0
94004820,Easter2016,299606260,1,3,0,0,0,0,20,840,0
94004820,Easter2016,299606270,1,3,0,0,0,0,20,841,0
94004820,Easter2016,299606280,1,3,0,0,0,0,20,842,0
94004820,Easter2016,299606490,1,3,0,0,0,0,20,843,0
94004820,Easter2016,299606500,1,3,0,0,0,0,20,844,0
94004820,Easter2016,299606510,1,3,0,0,0,0,20,845,0
94004820,Easter2016,299606520,1,3,0,0,0,0,20,846,0
94004820,Easter2016,299606530,1,3,0,0,0,0,20,847,0
94004820,Easter2016,399606260,1,3,0,0,0,0,20,848,0
94004820,Easter2016,399606270,1,3,0,0,0,0,20,849,0
94004820,Easter2016,399606280,1,3,0,0,0,0,20,850,0
94004820,Easter2016,399606490,1,3,0,0,0,0,20,851,0
94004820,Easter2016,399606500,1,3,0,0,0,0,20,852,0
94004820,Easter2016,399606510,1,3,0,0,0,0,20,853,0
94004820,Easter2016,399606520,1,3,0,0,0,0,20,854,0
94004820,Easter2016,399606530,1,3,0,0,0,0,20,855,0
94004820,Easter2016,291300020,1,3,0,0,0,0,30,856,0
94004820,Easter2016,291300040,2,3,0,0,0,0,30,857,0
94004820,Easter2016,291300030,2,3,0,0,0,0,30,858,0
94004810,Easter2016,98000610,1,3,0,0,0,0,30,859,0
94004810,Easter2016,98002370,1,3,0,0,0,0,30,860,0
94004810,Easter2016,52100050,2,3,0,0,0,0,30,861,0
94004810,Easter2016,98000560,1,3,0,0,0,0,30,862,0
94004820,Easter2016,98000610,1,3,0,0,0,0,20,863,0
94004820,Easter2016,98002370,1,3,0,0,0,0,20,864,0
94004820,Easter2016,52100050,2,3,0,0,0,0,20,865,0
94004820,Easter2016,98000560,1,3,0,0,0,0,20,866,0
94004820,Easter2016,298005520,1,3,0,0,0,0,20,867,0
94004820,Easter2016,298005530,1,3,0,0,0,0,20,868,0
94004820,Easter2016,298005540,1,3,0,0,0,0,20,869,0
94004830,фестиваль шариков,299000010,1,3,0,0,0,0,20,870,0
94004830,фестиваль шариков,299000020,1,3,0,0,0,0,20,871,0
94004830,фестиваль шариков,299000030,1,3,0,0,0,0,20,872,0
94004830,фестиваль шариков,299000040,1,3,0,0,0,0,20,873,0
94004830,фестиваль шариков,299000050,1,3,0,0,0,0,20,874,0
94004830,фестиваль шариков,299000060,1,3,0,0,0,0,20,875,0
94004830,фестиваль шариков,299000070,1,3,0,0,0,0,20,876,0
94004830,фестиваль шариков,299000080,1,3,0,0,0,0,20,877,0
94004830,фестиваль шариков,299000090,1,3,0,0,0,0,20,878,0
94004830,фестиваль шариков,299000100,1,3,0,0,0,0,20,879,0
94004830,фестиваль шариков,299000110,1,3,0,0,0,0,20,880,0
94004830,фестиваль шариков,299000120,1,3,0,0,0,0,20,881,0
94004830,фестиваль шариков,299000130,1,3,0,0,0,0,20,882,0
94004830,фестиваль шариков,299000140,1,3,0,0,0,0,20,883,0
94004830,фестиваль шариков,299000150,1,3,0,0,0,0,20,884,0
94004830,фестиваль шариков,299000160,1,3,0,0,0,0,20,885,0
94004830,фестиваль шариков,299000170,1,3,0,0,0,0,20,886,0
94004830,фестиваль шариков,299000180,1,3,0,0,0,0,20,887,0
94004830,фестиваль шариков,299000190,1,3,0,0,0,0,20,888,0
94004830,фестиваль шариков,299000200,1,3,0,0,0,0,20,889,0
94004830,фестиваль шариков,299000210,1,3,0,0,0,0,20,890,0
94004830,фестиваль шариков,299000220,1,3,0,0,0,0,20,891,0
94004830,фестиваль шариков,299000230,1,3,0,0,0,0,20,892,0
94004830,фестиваль шариков,299000240,1,3,0,0,0,0,20,893,0
94004830,фестиваль шариков,299000250,1,3,0,0,0,0,20,894,0
94004830,фестиваль шариков,299000260,1,3,0,0,0,0,20,895,0
94004830,фестиваль шариков,299000270,1,3,0,0,0,0,20,896,0
94004830,фестиваль шариков,299000280,1,3,0,0,0,0,20,897,0
94004830,фестиваль шариков,299000290,1,3,0,0,0,0,20,898,0
94004830,фестиваль шариков,299000310,1,3,0,0,0,0,20,899,0
94004830,фестиваль шариков,299000320,1,3,0,0,0,0,20,900,0
94004830,фестиваль шариков,299000330,1,3,0,0,0,0,20,901,0
94004840,Подарочный набор: Милый дом №1,70000535,1,3,0,0,0,0,100,902,0
94004850,Подарочный набор: Милый дом №2,70000065,1,3,0,0,0,0,100,903,0
94004860,Подарочный набор: Милый дом №3,70001365,1,3,0,0,0,0,100,904,0
94004880,Подарочный набор: Милый дом №4,70000495,1,3,0,0,0,0,100,906,0
94004870,Подарочный набор: Костюм на 7 дней люди,890003500,1,3,0,0,0,0,50,907,0
94004890,Подарочный набор: Костюм на 7 дней драканы,890003510,1,3,0,0,0,0,50,908,0
94004870,Подарочный набор: Костюм на 7 дней люди,890003520,1,3,0,0,0,0,50,910,0
94004890,Подарочный набор: Костюм на 7 дней драканы,890003520,1,3,0,0,0,0,50,911,0
94004900,Набор оружия защитника стихий,93008570,1,3,0,0,0,0,20,912,0
94004900,Набор оружия защитника стихий,93008580,1,3,0,0,0,0,20,913,0
94004900,Набор оружия защитника стихий,93008670,1,3,0,0,0,0,20,914,0
94004900,Набор оружия защитника стихий,93008680,1,3,0,0,0,0,20,915,0
94004900,Набор оружия защитника стихий,93008040,1,3,0,0,0,0,20,916,0
94004900,Набор оружия защитника стихий,93008050,1,3,0,0,0,0,20,917,0
94004900,Набор оружия защитника стихий,93008060,1,3,0,0,0,0,20,918,0
94004900,Набор оружия защитника стихий,93008070,1,3,0,0,0,0,20,919,0
94004900,Набор оружия защитника стихий,93008080,1,3,0,0,0,0,20,920,0
94004900,Набор оружия защитника стихий,93008090,1,3,0,0,0,0,20,921,0
94004900,Набор оружия защитника стихий,93008100,1,3,0,0,0,0,20,922,0
94004900,Набор оружия защитника стихий,93008110,1,3,0,0,0,0,20,923,0
94004900,Набор оружия защитника стихий,93008120,1,3,0,0,0,0,20,924,0
94004900,Набор оружия защитника стихий,93008130,1,3,0,0,0,0,20,925,0
94004900,Набор оружия защитника стихий,93008140,1,3,0,0,0,0,20,926,0
94004900,Набор оружия защитника стихий,93008150,1,3,0,0,0,0,20,927,0
94004900,Набор оружия защитника стихий,93008160,1,3,0,0,0,0,20,928,0
94004900,Набор оружия защитника стихий,93008170,1,3,0,0,0,0,20,929,0
94004900,Набор оружия защитника стихий,93008180,1,3,0,0,0,0,20,930,0
94004900,Набор оружия защитника стихий,93008190,1,3,0,0,0,0,20,931,0
99629540,[RO] PecoPeco,65202055,1,3,0,0,0,0,100,932,0
99629550,[RO] Poring,65202115,1,3,0,0,0,0,100,933,0
99629570,[RO] Dragon,66101115,1,3,0,0,0,0,100,934,0
76000820,[Event] Soul 500ct,79000030,500,3,0,0,0,0,100,935,0
76000830,[Event] Armor enchant dust 500ct,79000020,500,0,0,0,0,0,100,936,0
76000840,[Event] Weapon enchant dust 500ct,79000010,500,0,0,0,0,0,100,938,0
76001090,Сапоги королевского жука,299602780,1,0,0,0,0,0,10,974,0
76001090,Плащ королевского жука,299602790,1,0,0,0,0,0,10,975,0
76001090,Коробка с золотым жуком,299602820,1,0,0,0,0,0,7,976,1
76001090,[Событие] Оружейная пыльца,79000015,25,0,0,0,0,0,20,977,0
76001090,Защитная сфера,98000010,1,0,0,0,0,0,20,978,0
76001110,Звездный шарик,299602840,1,0,0,0,0,0,10,979,0
76001110,Купальный костюм,299602850,1,0,0,0,0,0,10,980,0
76001110,Трусики от купального костюма,299602860,1,0,0,0,0,0,10,981,0
76001110,Браслет к купальному костюму,299602870,1,0,0,0,0,0,10,982,0
76001110,Сандалии к купальному костюму,299602880,1,0,0,0,0,0,10,983,0
76001110,Купальный костюм,299602890,1,0,0,0,0,0,10,984,0
76001110,Трусики от купального костюма,299602900,1,0,0,0,0,0,10,985,0
76001110,Браслет к купальному костюму,299602910,1,0,0,0,0,0,10,986,0
76001110,Сандалии к купальному костюму,299602920,1,0,0,0,0,0,10,987,0
76001110,[Событие] Пыльца для доспехов,79000025,25,0,0,0,0,0,20,988,0
76001100,Свиток защиты чар,98000040,1,0,0,0,0,0,5,990,0
76001100,[Событие] Модификатор навыков питомца,98006725,1,0,0,0,0,0,10,991,0
76001100,Улучшенный рунный камень чар,79000120,1,0,0,0,0,0,10,992,0
76001100,Особый рунный камень чар,79000130,1,0,0,0,0,0,10,993,0
76001100,Артефактный рунный камень чар,79000140,1,0,0,0,0,0,10,994,1
76001100,Улучшенный камень души,79000220,1,0,0,0,0,0,10,995,0
76001100,Особый камень души,79000230,1,0,0,0,0,0,10,996,0
76001100,Артефактный камень души,79000240,1,0,0,0,0,0,10,997,1
76001100,Душа,79000030,50,0,0,0,0,0,5,998,0
76001090,Шляпа травяного жучка,299602720,1,0,0,0,0,0,10,999,0
76001090,Рюкзак - Желтая божья коровка,299602730,1,0,0,0,0,0,10,1000,0
76001090,Шлем королевского жука,299602740,1,0,0,0,0,0,10,1001,0
76001090,Доспех королевского жука,299602750,1,0,0,0,0,0,10,1002,0
76001090,Штаны королевского жука,299602760,1,0,0,0,0,0,10,1003,0
76001090,Перчатки королевского жука,299602770,1,0,0,0,0,0,10,1004,0
76001080,Душа,79000030,50,0,0,0,0,0,7,1005,0
76001080,Отличный корм для питомца (1 дн.),65002120,1,0,0,0,0,0,7,1006,0
76001080,Корм для питомца (на 1 день),66000010,1,0,0,0,0,0,7,1007,0
76001080,Талер,20200188,3,0,0,0,0,0,5,1008,0
76001080,Жетон,98005580,1,0,0,0,0,0,7,1009,0
76001080,Воздушный шар Дракона,98005620,1,0,0,0,0,0,3,1010,0
76001080,Паспорт питомца,65001350,1,0,0,0,0,0,7,1011,0
76001080,[Событие] Перо ангела,98001095,1,0,0,0,0,0,5,1012,0
76001080,[Событие] Друзья навсегда,298000550,1,0,0,0,0,0,5,1013,0
76001080,[Событие] Эликсир вечной магии (мал.),298000210,1,0,0,0,0,0,7,1014,0
99700350,20 Gold Pouch,98000490,2,3,0,0,0,0,20,1015,0
76001140,BSQ Reward BOX 50-60/Small Gold Pouch,98000480,1,0,0,0,0,0,10,1016,0
76001140,Armor Enchant Dust,79000010,10,0,0,0,0,0,10,1018,0
76001140,Weapon Enchant Dust,79000020,10,0,0,0,0,0,10,1019,0
76001140,Gada Coin,20200188,3,0,0,0,0,0,10,1020,0
76001150,Skill Point +1,50900070,1,0,0,0,0,0,5,1021,0
76001150,20 Gold Pouch,98000490,1,0,0,0,0,0,10,1022,0
76001150,Legend of Overlord Balloon,78400760,1,2,1,7,0,0,10,1023,0
76001150,Legend of Dragoon Balloon,78400770,1,2,1,7,0,0,10,1024,0
76001150,Legend of Arcanist Balloon,78400780,1,2,1,7,0,0,10,1025,0
76001150,Legend of Divinar Balloon,78400790,1,2,1,7,0,0,10,1026,0
76001150,Legend of Destroyer Balloon,78400800,1,2,1,7,0,0,10,1027,0
76001150,Legend of Howitzer Balloon,78400810,1,2,1,7,0,0,10,1028,0
76001150,Legend of Savage Balloon,78400820,1,2,1,7,0,0,10,1029,0
76001150,Legend of Shadow Balloon,78400830,1,2,1,7,0,0,10,1030,0
76001760,Зеркало из сырного печенья,70001330,1,2,3,0,0,0,10,1042,0
76001760,Большое зеркало,70001340,1,2,3,0,0,0,10,1043,0
76001760,Большое бирюзовое зеркало,70001350,1,2,3,0,0,0,10,1044,0
76001760,Красный каменный камин,70001360,1,2,3,0,0,0,10,1045,0
76001760,Фиолетовый каменный камин,70001370,1,2,3,0,0,0,10,1046,0
76001760,Камин из шоколада,70001380,1,2,3,0,0,0,10,1047,0
76001760,Непробиваемый робот Туту-Т1,70001500,1,1,5,0,0,0,5,1048,0
76001760,Непробиваемый робот Туту-Т2,70001510,1,1,5,0,0,0,5,1049,0
76001760,Кошка,70001520,1,1,5,0,0,0,10,1050,0
76001760,Котенок,70001530,1,1,5,0,0,0,10,1051,0
76001760,Горничная Мэй,70001540,1,1,5,0,0,0,5,1052,0
76001760,Уютное кресло-качалка,70001620,1,2,7,0,0,0,10,1053,0
76001760,Левитация,70001630,1,0,0,0,0,0,10,1054,0
76001760,Золотой Хрюшкин,70001640,1,2,14,0,0,0,10,1055,0
76001760,Серебряный Хрюшкин,70001650,1,2,14,0,0,0,10,1056,0
76001760,Медный Хрюшкин,70001660,1,2,14,0,0,0,10,1057,0
76001760,Золотая Панда,70001670,1,2,14,0,0,0,10,1058,0
76001760,Серебряная Панда,70001680,1,2,14,0,0,0,10,1059,0
76001760,Медная Панда,70001690,1,2,14,0,0,0,10,1060,0
76001760,Золотой Львицев,70001700,1,2,14,0,0,0,10,1061,0
76001760,Серебряный Львицев,70001710,1,2,14,0,0,0,10,1062,0
76001760,Медный Львицев,70001720,1,2,14,0,0,0,10,1063,0
76001170,Свиток защиты чар,940000710,1,0,0,0,0,0,10,1064,0
76001170,Улучшенный Свиток защиты чар,940000720,1,0,0,0,0,0,5,1065,0
76001170,Улучшенный рунный камень чар,79000120,1,0,0,0,0,0,10,1066,0
76001170,Особый рунный камень чар,79000130,1,0,0,0,0,0,10,1067,0
76001170,Артефактный рунный камень чар,79000140,1,0,0,0,0,0,10,1068,1
76001170,Улучшенный камень души,79000220,1,0,0,0,0,0,10,1069,0
76001170,Особый камень души,79000230,1,0,0,0,0,0,10,1070,0
76001170,Артефактный камень души,79000240,1,0,0,0,0,0,10,1072,1
76001170,Душа,79000030,50,0,0,0,0,0,5,1073,0
76001180,Душа,79000030,50,0,0,0,0,0,25,1074,0
76001180,Душа,79000030,100,0,0,0,0,0,20,1075,0
76001180,Душа,79000030,150,0,0,0,0,0,15,1076,0
76001180,Душа,79000030,200,0,0,0,0,0,10,1077,0
76001180,Душа,79000030,250,0,0,0,0,0,5,1078,0
